2026-07-12T18:07:47.926Z - REWRITE: /en/about -> /about?__locale=en
2026-07-12T18:07:47.967Z - INCOMING: /en/about | isRewritten: false | hasLocaleParam: false
2026-07-12T18:07:47.993Z - INCOMING: / | isRewritten: false | hasLocaleParam: false
2026-07-12T18:07:48.015Z - REWRITE: /ar -> /?__locale=ar
2026-07-12T18:07:48.040Z - INCOMING: /en/about | isRewritten: false | hasLocaleParam: false
2026-07-12T18:07:48.065Z - REDIRECT: / -> /en
2026-07-12T18:07:48.087Z - INCOMING: / | isRewritten: false | hasLocaleParam: false
2026-07-12T18:07:48.113Z - INCOMING: /ar | isRewritten: false | hasLocaleParam: false
2026-07-12T18:07:48.141Z - REWRITE: /en/about -> /about?__locale=en
2026-07-12T18:07:48.171Z - REWRITE: /ar -> /?__locale=ar
2026-07-12T18:07:48.194Z - REWRITE: /en/about -> /about?__locale=en
2026-07-12T18:07:48.222Z - REWRITE: /ar -> /?__locale=ar
2026-07-12T18:07:48.242Z - REDIRECT: / -> /en
2026-07-12T18:07:48.264Z - INCOMING: /ar | isRewritten: false | hasLocaleParam: false
2026-07-12T18:07:48.283Z - INCOMING: /ar | isRewritten: false | hasLocaleParam: false
2026-07-12T18:07:48.302Z - INCOMING: /en/about | isRewritten: false | hasLocaleParam: false
2026-07-12T18:08:20.503Z - INCOMING: /en | isRewritten: false | hasLocaleParam: false
2026-07-12T18:08:20.549Z - REWRITE: /en -> /?__locale=en
2026-07-12T18:08:20.913Z - INCOMING: /en | isRewritten: false | hasLocaleParam: false
2026-07-12T18:08:20.960Z - REWRITE: /en -> /?__locale=en
2026-07-12T18:08:23.353Z - INCOMING: /en/hotel-apartments | isRewritten: false | hasLocaleParam: false
2026-07-12T18:08:23.373Z - REWRITE: /en/hotel-apartments -> /hotel-apartments?__locale=en
2026-07-12T18:08:30.712Z - INCOMING: /en/fast-track | isRewritten: false | hasLocaleParam: false
2026-07-12T18:08:30.732Z - REWRITE: /en/fast-track -> /fast-track?__locale=en
2026-07-12T18:08:38.745Z - INCOMING: /en/about | isRewritten: false | hasLocaleParam: false
2026-07-12T18:08:38.765Z - REWRITE: /en/about -> /about?__locale=en
2026-07-18T12:19:29.141Z - INCOMING: /en | isRewritten: false | hasLocaleParam: false
2026-07-18T12:19:29.211Z - INCOMING: / | isRewritten: false | hasLocaleParam: false
2026-07-18T12:19:29.260Z - REWRITE: /en -> /?__locale=en
2026-07-18T12:19:29.293Z - REDIRECT: / -> /en
2026-07-18T12:24:50.196Z - INCOMING: /ar | isRewritten: false | hasLocaleParam: false
2026-07-18T12:24:50.322Z - REWRITE: /ar -> /?__locale=ar
2026-07-18T12:24:50.698Z - INCOMING: /ar | isRewritten: false | hasLocaleParam: false
2026-07-18T12:24:50.732Z - REWRITE: /ar -> /?__locale=ar
2026-07-18T12:26:38.184Z - INCOMING: /ar/login | isRewritten: false | hasLocaleParam: false
2026-07-18T12:26:38.212Z - REWRITE: /ar/login -> /login?__locale=ar
2026-07-18T12:26:52.976Z - REWRITE: /ar/login -> /login?__locale=ar
2026-07-18T12:26:53.016Z - INCOMING: /ar/login | isRewritten: false | hasLocaleParam: false
2026-07-18T12:26:53.220Z - INCOMING: /ar/login | isRewritten: false | hasLocaleParam: false
2026-07-18T12:26:53.254Z - REWRITE: /ar/login -> /login?__locale=ar
2026-07-18T12:27:17.370Z - INCOMING: /ar/register | isRewritten: false | hasLocaleParam: false
2026-07-18T12:27:17.391Z - REWRITE: /ar/register -> /register?__locale=ar
2026-07-18T12:29:08.123Z - REWRITE: /ar/register -> /register?__locale=ar
2026-07-18T12:29:08.246Z - INCOMING: /ar/register | isRewritten: false | hasLocaleParam: false
2026-07-18T12:29:09.361Z - INCOMING: /ar/register | isRewritten: false | hasLocaleParam: false
2026-07-18T12:29:09.399Z - REWRITE: /ar/register -> /register?__locale=ar
2026-07-18T12:37:07.541Z - INCOMING: /ar/register | isRewritten: false | hasLocaleParam: false
2026-07-18T12:37:07.568Z - REWRITE: /ar/register -> /register?__locale=ar
2026-07-18T12:37:08.215Z - INCOMING: /ar/register | isRewritten: false | hasLocaleParam: false
2026-07-18T12:37:08.235Z - REWRITE: /ar/register -> /register?__locale=ar
2026-07-18T12:37:08.747Z - INCOMING: /ar/register | isRewritten: false | hasLocaleParam: false
2026-07-18T12:37:08.765Z - REWRITE: /ar/register -> /register?__locale=ar
2026-07-18T12:37:08.829Z - INCOMING: /ar/register | isRewritten: false | hasLocaleParam: false
2026-07-18T12:37:08.861Z - REWRITE: /ar/register -> /register?__locale=ar
2026-07-18T12:37:08.882Z - INCOMING: /ar/register | isRewritten: false | hasLocaleParam: false
2026-07-18T12:37:08.905Z - REWRITE: /ar/register -> /register?__locale=ar
2026-07-18T12:37:08.927Z - INCOMING: /ar/register | isRewritten: false | hasLocaleParam: false
2026-07-18T12:37:08.948Z - REWRITE: /ar/register -> /register?__locale=ar
2026-07-18T12:38:16.159Z - INCOMING: /ar/register | isRewritten: false | hasLocaleParam: false
2026-07-18T12:38:16.191Z - REWRITE: /ar/register -> /register?__locale=ar
2026-07-18T12:38:16.905Z - INCOMING: /ar/register | isRewritten: false | hasLocaleParam: false
2026-07-18T12:38:16.932Z - REWRITE: /ar/register -> /register?__locale=ar
2026-07-18T12:38:17.472Z - INCOMING: /ar/register | isRewritten: false | hasLocaleParam: false
2026-07-18T12:38:17.492Z - REWRITE: /ar/register -> /register?__locale=ar
2026-07-18T12:38:17.580Z - INCOMING: /ar/register | isRewritten: false | hasLocaleParam: false
2026-07-18T12:38:17.599Z - INCOMING: /ar/register | isRewritten: false | hasLocaleParam: false
2026-07-18T12:38:17.622Z - REWRITE: /ar/register -> /register?__locale=ar
2026-07-18T12:38:17.661Z - INCOMING: /ar/register | isRewritten: false | hasLocaleParam: false
2026-07-18T12:38:17.680Z - REWRITE: /ar/register -> /register?__locale=ar
2026-07-18T12:38:17.704Z - REWRITE: /ar/register -> /register?__locale=ar
2026-07-18T12:38:17.878Z - INCOMING: /ar/register | isRewritten: false | hasLocaleParam: false
2026-07-18T12:38:17.902Z - REWRITE: /ar/register -> /register?__locale=ar
2026-07-18T12:40:51.589Z - INCOMING: /ar/register | isRewritten: false | hasLocaleParam: false
2026-07-18T12:40:51.627Z - REWRITE: /ar/register -> /register?__locale=ar
2026-07-18T12:41:21.777Z - INCOMING: /ar/register | isRewritten: false | hasLocaleParam: false
2026-07-18T12:41:21.809Z - REWRITE: /ar/register -> /register?__locale=ar
2026-07-18T12:41:24.388Z - INCOMING: /ar/register | isRewritten: false | hasLocaleParam: false
2026-07-18T12:41:24.410Z - REWRITE: /ar/register -> /register?__locale=ar
2026-07-18T12:41:24.573Z - INCOMING: /ar/register | isRewritten: false | hasLocaleParam: false
2026-07-18T12:41:24.594Z - REWRITE: /ar/register -> /register?__locale=ar
2026-07-18T12:41:24.662Z - REWRITE: /ar/register -> /register?__locale=ar
2026-07-18T12:41:24.688Z - INCOMING: /ar/register | isRewritten: false | hasLocaleParam: false
2026-07-18T12:41:24.715Z - INCOMING: /ar/register | isRewritten: false | hasLocaleParam: false
2026-07-18T12:41:24.742Z - REWRITE: /ar/register -> /register?__locale=ar
2026-07-18T12:41:24.766Z - INCOMING: /ar/register | isRewritten: false | hasLocaleParam: false
2026-07-18T12:41:24.792Z - REWRITE: /ar/register -> /register?__locale=ar
2026-07-18T12:41:24.816Z - INCOMING: /ar/register | isRewritten: false | hasLocaleParam: false
2026-07-18T12:41:24.843Z - REWRITE: /ar/register -> /register?__locale=ar
2026-07-18T12:41:24.867Z - INCOMING: /ar/register | isRewritten: false | hasLocaleParam: false
2026-07-18T12:41:24.894Z - REWRITE: /ar/register -> /register?__locale=ar
2026-07-18T12:41:26.315Z - INCOMING: /ar/register | isRewritten: false | hasLocaleParam: false
2026-07-18T12:41:26.335Z - REWRITE: /ar/register -> /register?__locale=ar
2026-07-18T12:41:41.537Z - INCOMING: /ar/register | isRewritten: false | hasLocaleParam: false
2026-07-18T12:41:41.557Z - REWRITE: /ar/register -> /register?__locale=ar
2026-07-18T12:42:25.555Z - INCOMING: /ar/register | isRewritten: false | hasLocaleParam: false
2026-07-18T12:42:25.576Z - REWRITE: /ar/register -> /register?__locale=ar
2026-07-18T12:43:07.343Z - INCOMING: /ar/register | isRewritten: false | hasLocaleParam: false
2026-07-18T12:43:07.365Z - REWRITE: /ar/register -> /register?__locale=ar
2026-07-18T12:43:51.512Z - REWRITE: /ar/register -> /register?__locale=ar
2026-07-18T12:43:51.565Z - INCOMING: /ar/register | isRewritten: false | hasLocaleParam: false
2026-07-18T12:47:30.157Z - INCOMING: /ar/login | isRewritten: false | hasLocaleParam: false
2026-07-18T12:47:30.368Z - REWRITE: /ar/login -> /login?__locale=ar
2026-07-18T12:47:33.437Z - INCOMING: /ar/register | isRewritten: false | hasLocaleParam: false
2026-07-18T12:47:33.459Z - REWRITE: /ar/register -> /register?__locale=ar
2026-07-18T12:47:34.913Z - INCOMING: /ar/login | isRewritten: false | hasLocaleParam: false
2026-07-18T12:47:34.935Z - REWRITE: /ar/login -> /login?__locale=ar
2026-07-18T12:47:38.408Z - INCOMING: /ar | isRewritten: false | hasLocaleParam: false
2026-07-18T12:47:38.430Z - REWRITE: /ar -> /?__locale=ar
2026-07-18T12:49:05.006Z - INCOMING: /ar/login | isRewritten: false | hasLocaleParam: false
2026-07-18T12:49:05.029Z - REWRITE: /ar/login -> /login?__locale=ar
2026-07-18T12:51:03.302Z - INCOMING: /ar | isRewritten: false | hasLocaleParam: false
2026-07-18T12:51:03.330Z - REWRITE: /ar -> /?__locale=ar
2026-07-18T12:51:03.759Z - INCOMING: /ar | isRewritten: false | hasLocaleParam: false
2026-07-18T12:51:03.780Z - REWRITE: /ar -> /?__locale=ar
2026-07-18T12:51:04.608Z - INCOMING: /ar | isRewritten: false | hasLocaleParam: false
2026-07-18T12:51:04.638Z - REWRITE: /ar -> /?__locale=ar
2026-07-18T12:51:04.951Z - INCOMING: /ar | isRewritten: false | hasLocaleParam: false
2026-07-18T12:51:04.984Z - REWRITE: /ar -> /?__locale=ar
2026-07-18T12:51:05.229Z - INCOMING: /ar | isRewritten: false | hasLocaleParam: false
2026-07-18T12:51:05.312Z - REWRITE: /ar -> /?__locale=ar
2026-07-18T12:51:05.339Z - INCOMING: /ar | isRewritten: false | hasLocaleParam: false
2026-07-18T12:51:05.361Z - REWRITE: /ar -> /?__locale=ar
2026-07-18T12:51:06.412Z - INCOMING: /ar | isRewritten: false | hasLocaleParam: false
2026-07-18T12:51:06.436Z - REWRITE: /ar -> /?__locale=ar
2026-07-18T12:51:06.860Z - INCOMING: /ar | isRewritten: false | hasLocaleParam: false
2026-07-18T12:51:06.887Z - REWRITE: /ar -> /?__locale=ar
2026-07-18T12:51:07.438Z - INCOMING: /ar | isRewritten: false | hasLocaleParam: false
2026-07-18T12:51:07.462Z - REWRITE: /ar -> /?__locale=ar
2026-07-18T12:51:07.782Z - INCOMING: /ar | isRewritten: false | hasLocaleParam: false
2026-07-18T12:51:07.804Z - REWRITE: /ar -> /?__locale=ar
2026-07-18T12:51:07.926Z - INCOMING: /ar | isRewritten: false | hasLocaleParam: false
2026-07-18T12:51:07.949Z - REWRITE: /ar -> /?__locale=ar
2026-07-18T12:55:40.667Z - INCOMING: /ar | isRewritten: false | hasLocaleParam: false
2026-07-18T12:55:40.691Z - REWRITE: /ar -> /?__locale=ar
2026-07-18T12:55:43.170Z - INCOMING: /ar | isRewritten: false | hasLocaleParam: false
2026-07-18T12:55:43.191Z - REWRITE: /ar -> /?__locale=ar
2026-07-18T12:55:44.013Z - INCOMING: /ar | isRewritten: false | hasLocaleParam: false
2026-07-18T12:55:44.035Z - REWRITE: /ar -> /?__locale=ar
2026-07-18T12:55:44.312Z - REWRITE: /ar -> /?__locale=ar
2026-07-18T12:55:44.476Z - INCOMING: /ar | isRewritten: false | hasLocaleParam: false
2026-07-18T12:55:44.505Z - REWRITE: /ar -> /?__locale=ar
2026-07-18T12:55:44.533Z - INCOMING: /ar | isRewritten: false | hasLocaleParam: false
2026-07-18T12:55:44.558Z - INCOMING: /ar | isRewritten: false | hasLocaleParam: false
2026-07-18T12:55:44.582Z - REWRITE: /ar -> /?__locale=ar
2026-07-18T12:55:45.383Z - INCOMING: /ar | isRewritten: false | hasLocaleParam: false
2026-07-18T12:55:45.405Z - REWRITE: /ar -> /?__locale=ar
2026-07-18T12:55:45.835Z - INCOMING: /ar | isRewritten: false | hasLocaleParam: false
2026-07-18T12:55:45.860Z - REWRITE: /ar -> /?__locale=ar
2026-07-18T12:55:46.343Z - INCOMING: /ar | isRewritten: false | hasLocaleParam: false
2026-07-18T12:55:46.365Z - REWRITE: /ar -> /?__locale=ar
2026-07-18T12:55:46.709Z - INCOMING: /ar | isRewritten: false | hasLocaleParam: false
2026-07-18T12:55:46.729Z - REWRITE: /ar -> /?__locale=ar
2026-07-18T12:55:46.749Z - INCOMING: /ar | isRewritten: false | hasLocaleParam: false
2026-07-18T12:55:46.771Z - REWRITE: /ar -> /?__locale=ar
2026-07-18T12:55:47.160Z - INCOMING: /ar | isRewritten: false | hasLocaleParam: false
2026-07-18T12:55:47.180Z - REWRITE: /ar -> /?__locale=ar
2026-07-18T12:55:47.966Z - INCOMING: /ar | isRewritten: false | hasLocaleParam: false
2026-07-18T12:55:47.993Z - REWRITE: /ar -> /?__locale=ar
2026-07-18T13:04:22.239Z - INCOMING: /ar | isRewritten: false | hasLocaleParam: false
2026-07-18T13:04:22.263Z - REWRITE: /ar -> /?__locale=ar
2026-07-18T13:04:22.717Z - INCOMING: /ar | isRewritten: false | hasLocaleParam: false
2026-07-18T13:04:22.734Z - REWRITE: /ar -> /?__locale=ar
2026-07-18T13:04:23.453Z - INCOMING: /ar | isRewritten: false | hasLocaleParam: false
2026-07-18T13:04:23.473Z - REWRITE: /ar -> /?__locale=ar
2026-07-18T13:04:23.676Z - INCOMING: /ar | isRewritten: false | hasLocaleParam: false
2026-07-18T13:04:23.697Z - INCOMING: /ar | isRewritten: false | hasLocaleParam: false
2026-07-18T13:04:23.851Z - REWRITE: /ar -> /?__locale=ar
2026-07-18T13:04:23.872Z - REWRITE: /ar -> /?__locale=ar
2026-07-18T13:04:23.893Z - INCOMING: /ar | isRewritten: false | hasLocaleParam: false
2026-07-18T13:04:23.913Z - REWRITE: /ar -> /?__locale=ar
2026-07-18T13:04:24.735Z - INCOMING: /ar | isRewritten: false | hasLocaleParam: false
2026-07-18T13:04:24.759Z - REWRITE: /ar -> /?__locale=ar
2026-07-18T13:04:25.260Z - INCOMING: /ar | isRewritten: false | hasLocaleParam: false
2026-07-18T13:04:25.283Z - REWRITE: /ar -> /?__locale=ar
2026-07-18T13:04:25.771Z - INCOMING: /ar | isRewritten: false | hasLocaleParam: false
2026-07-18T13:04:25.791Z - REWRITE: /ar -> /?__locale=ar
2026-07-18T13:04:25.998Z - INCOMING: /ar | isRewritten: false | hasLocaleParam: false
2026-07-18T13:04:26.020Z - REWRITE: /ar -> /?__locale=ar
2026-07-18T13:04:26.233Z - INCOMING: /ar | isRewritten: false | hasLocaleParam: false
2026-07-18T13:04:26.255Z - REWRITE: /ar -> /?__locale=ar
2026-07-18T13:04:26.274Z - INCOMING: /ar | isRewritten: false | hasLocaleParam: false
2026-07-18T13:04:26.297Z - REWRITE: /ar -> /?__locale=ar
2026-07-18T13:04:27.238Z - INCOMING: /ar | isRewritten: false | hasLocaleParam: false
2026-07-18T13:04:27.273Z - REWRITE: /ar -> /?__locale=ar
2026-07-18T13:04:27.774Z - INCOMING: /ar | isRewritten: false | hasLocaleParam: false
2026-07-18T13:04:27.792Z - REWRITE: /ar -> /?__locale=ar
2026-07-18T13:04:28.021Z - INCOMING: /ar | isRewritten: false | hasLocaleParam: false
2026-07-18T13:04:28.039Z - REWRITE: /ar -> /?__locale=ar
2026-07-18T13:04:28.353Z - INCOMING: /ar | isRewritten: false | hasLocaleParam: false
2026-07-18T13:04:28.374Z - REWRITE: /ar -> /?__locale=ar
2026-07-18T13:04:28.820Z - INCOMING: /ar | isRewritten: false | hasLocaleParam: false
2026-07-18T13:04:28.842Z - REWRITE: /ar -> /?__locale=ar
2026-07-18T13:04:28.986Z - INCOMING: /ar | isRewritten: false | hasLocaleParam: false
2026-07-18T13:04:29.007Z - REWRITE: /ar -> /?__locale=ar
2026-07-18T13:04:29.668Z - INCOMING: /ar | isRewritten: false | hasLocaleParam: false
2026-07-18T13:04:29.740Z - REWRITE: /ar -> /?__locale=ar
2026-07-18T13:04:30.087Z - INCOMING: /ar | isRewritten: false | hasLocaleParam: false
2026-07-18T13:04:30.107Z - REWRITE: /ar -> /?__locale=ar
2026-07-18T13:04:30.701Z - INCOMING: /ar | isRewritten: false | hasLocaleParam: false
2026-07-18T13:04:30.722Z - REWRITE: /ar -> /?__locale=ar
2026-07-18T13:04:30.742Z - INCOMING: /ar | isRewritten: false | hasLocaleParam: false
2026-07-18T13:04:30.764Z - REWRITE: /ar -> /?__locale=ar
2026-07-18T13:04:31.155Z - INCOMING: /ar | isRewritten: false | hasLocaleParam: false
2026-07-18T13:04:31.172Z - REWRITE: /ar -> /?__locale=ar
2026-07-18T13:04:31.339Z - INCOMING: /ar | isRewritten: false | hasLocaleParam: false
2026-07-18T13:04:31.358Z - REWRITE: /ar -> /?__locale=ar
2026-07-18T13:04:36.100Z - INCOMING: /ar | isRewritten: false | hasLocaleParam: false
2026-07-18T13:04:36.119Z - REWRITE: /ar -> /?__locale=ar
2026-07-18T13:04:36.569Z - INCOMING: /ar | isRewritten: false | hasLocaleParam: false
2026-07-18T13:04:36.589Z - REWRITE: /ar -> /?__locale=ar
2026-07-18T13:04:37.077Z - INCOMING: /ar | isRewritten: false | hasLocaleParam: false
2026-07-18T13:04:37.314Z - INCOMING: /ar | isRewritten: false | hasLocaleParam: false
2026-07-18T13:04:37.331Z - REWRITE: /ar -> /?__locale=ar
2026-07-18T13:04:37.352Z - REWRITE: /ar -> /?__locale=ar
2026-07-18T13:04:37.690Z - INCOMING: /ar | isRewritten: false | hasLocaleParam: false
2026-07-18T13:04:37.709Z - REWRITE: /ar -> /?__locale=ar
2026-07-18T13:04:37.729Z - INCOMING: /ar | isRewritten: false | hasLocaleParam: false
2026-07-18T13:04:37.839Z - REWRITE: /ar -> /?__locale=ar
2026-07-18T13:04:38.375Z - INCOMING: /ar | isRewritten: false | hasLocaleParam: false
2026-07-18T13:04:38.413Z - REWRITE: /ar -> /?__locale=ar
2026-07-18T13:04:38.879Z - INCOMING: /ar | isRewritten: false | hasLocaleParam: false
2026-07-18T13:04:38.898Z - REWRITE: /ar -> /?__locale=ar
2026-07-18T13:04:39.193Z - INCOMING: /ar | isRewritten: false | hasLocaleParam: false
2026-07-18T13:04:39.211Z - REWRITE: /ar -> /?__locale=ar
2026-07-18T13:04:39.576Z - INCOMING: /ar | isRewritten: false | hasLocaleParam: false
2026-07-18T13:04:39.594Z - REWRITE: /ar -> /?__locale=ar
2026-07-18T13:04:39.615Z - INCOMING: /ar | isRewritten: false | hasLocaleParam: false
2026-07-18T13:04:39.634Z - REWRITE: /ar -> /?__locale=ar
2026-07-18T13:04:39.918Z - INCOMING: /ar | isRewritten: false | hasLocaleParam: false
2026-07-18T13:04:40.046Z - REWRITE: /ar -> /?__locale=ar
2026-07-18T13:04:40.695Z - INCOMING: /ar | isRewritten: false | hasLocaleParam: false
2026-07-18T13:04:40.713Z - REWRITE: /ar -> /?__locale=ar
2026-07-18T13:04:41.191Z - INCOMING: /ar | isRewritten: false | hasLocaleParam: false
2026-07-18T13:04:41.210Z - REWRITE: /ar -> /?__locale=ar
2026-07-18T13:04:41.394Z - INCOMING: /ar | isRewritten: false | hasLocaleParam: false
2026-07-18T13:04:41.414Z - REWRITE: /ar -> /?__locale=ar
2026-07-18T13:08:41.489Z - REWRITE: /ar -> /?__locale=ar
2026-07-18T13:08:41.631Z - INCOMING: /ar | isRewritten: false | hasLocaleParam: false
2026-07-18T13:08:53.375Z - INCOMING: /ar | isRewritten: false | hasLocaleParam: false
2026-07-18T13:08:53.401Z - REWRITE: /ar -> /?__locale=ar
2026-07-18T13:08:53.760Z - INCOMING: /ar | isRewritten: false | hasLocaleParam: false
2026-07-18T13:08:53.781Z - REWRITE: /ar -> /?__locale=ar
2026-07-18T13:12:19.261Z - REWRITE: /ar -> /?__locale=ar
2026-07-18T13:12:19.728Z - INCOMING: /ar | isRewritten: false | hasLocaleParam: false
2026-07-18T13:12:20.306Z - INCOMING: /ar | isRewritten: false | hasLocaleParam: false
2026-07-18T13:12:20.334Z - REWRITE: /ar -> /?__locale=ar
2026-07-18T13:12:21.066Z - INCOMING: /ar | isRewritten: false | hasLocaleParam: false
2026-07-18T13:12:21.085Z - REWRITE: /ar -> /?__locale=ar
2026-07-18T13:12:21.352Z - REWRITE: /ar -> /?__locale=ar
2026-07-18T13:12:21.370Z - INCOMING: /ar | isRewritten: false | hasLocaleParam: false
2026-07-18T13:12:21.393Z - INCOMING: /ar | isRewritten: false | hasLocaleParam: false
2026-07-18T13:12:21.523Z - INCOMING: /ar | isRewritten: false | hasLocaleParam: false
2026-07-18T13:12:21.544Z - REWRITE: /ar -> /?__locale=ar
2026-07-18T13:12:21.566Z - REWRITE: /ar -> /?__locale=ar
2026-07-18T13:12:22.424Z - INCOMING: /ar | isRewritten: false | hasLocaleParam: false
2026-07-18T13:12:22.442Z - REWRITE: /ar -> /?__locale=ar
2026-07-18T13:12:22.768Z - INCOMING: /ar | isRewritten: false | hasLocaleParam: false
2026-07-18T13:12:22.789Z - REWRITE: /ar -> /?__locale=ar
2026-07-18T13:13:24.563Z - INCOMING: /en | isRewritten: false | hasLocaleParam: false
2026-07-18T13:13:24.589Z - REWRITE: /en -> /?__locale=en
2026-07-18T13:13:24.942Z - INCOMING: /en | isRewritten: false | hasLocaleParam: false
2026-07-18T13:13:24.971Z - REWRITE: /en -> /?__locale=en
2026-07-18T13:13:36.052Z - INCOMING: /ar | isRewritten: false | hasLocaleParam: false
2026-07-18T13:13:36.076Z - REWRITE: /ar -> /?__locale=ar
2026-07-18T13:13:36.407Z - INCOMING: /ar | isRewritten: false | hasLocaleParam: false
2026-07-18T13:13:36.520Z - REWRITE: /ar -> /?__locale=ar
2026-07-18T13:13:46.909Z - REWRITE: /ar -> /?__locale=ar
2026-07-18T13:13:46.958Z - INCOMING: /ar | isRewritten: false | hasLocaleParam: false
2026-07-18T13:13:47.257Z - INCOMING: /ar | isRewritten: false | hasLocaleParam: false
2026-07-18T13:13:47.352Z - REWRITE: /ar -> /?__locale=ar
2026-07-18T13:17:26.000Z - REWRITE: /ar -> /?__locale=ar
2026-07-18T13:17:26.045Z - INCOMING: /ar | isRewritten: false | hasLocaleParam: false
2026-07-18T13:17:30.565Z - REWRITE: /ar -> /?__locale=ar
2026-07-18T13:17:30.630Z - INCOMING: /ar | isRewritten: false | hasLocaleParam: false
2026-07-18T13:17:31.317Z - INCOMING: /ar | isRewritten: false | hasLocaleParam: false
2026-07-18T13:17:31.340Z - REWRITE: /ar -> /?__locale=ar
2026-07-18T13:17:35.612Z - INCOMING: /ar | isRewritten: false | hasLocaleParam: false
2026-07-18T13:17:36.171Z - REWRITE: /ar -> /?__locale=ar
2026-07-18T13:17:36.192Z - INCOMING: /ar | isRewritten: false | hasLocaleParam: false
2026-07-18T13:17:36.216Z - REWRITE: /ar -> /?__locale=ar
2026-07-18T13:17:36.240Z - INCOMING: /ar | isRewritten: false | hasLocaleParam: false
2026-07-18T13:17:36.270Z - REWRITE: /ar -> /?__locale=ar
2026-07-18T13:17:37.165Z - INCOMING: /ar | isRewritten: false | hasLocaleParam: false
2026-07-18T13:17:37.185Z - REWRITE: /ar -> /?__locale=ar
2026-07-18T13:17:37.581Z - INCOMING: /ar | isRewritten: false | hasLocaleParam: false
2026-07-18T13:17:37.600Z - REWRITE: /ar -> /?__locale=ar
2026-07-18T13:17:38.034Z - INCOMING: /ar | isRewritten: false | hasLocaleParam: false
2026-07-18T13:17:38.054Z - REWRITE: /ar -> /?__locale=ar
2026-07-18T13:17:38.252Z - INCOMING: /ar | isRewritten: false | hasLocaleParam: false
2026-07-18T13:17:38.272Z - REWRITE: /ar -> /?__locale=ar
2026-07-18T13:17:38.631Z - INCOMING: /ar | isRewritten: false | hasLocaleParam: false
2026-07-18T13:17:38.653Z - REWRITE: /ar -> /?__locale=ar
2026-07-18T13:17:38.996Z - INCOMING: /ar | isRewritten: false | hasLocaleParam: false
2026-07-18T13:17:39.018Z - REWRITE: /ar -> /?__locale=ar
2026-07-18T13:17:39.647Z - INCOMING: /ar | isRewritten: false | hasLocaleParam: false
2026-07-18T13:17:39.677Z - REWRITE: /ar -> /?__locale=ar
2026-07-18T13:17:40.101Z - INCOMING: /ar | isRewritten: false | hasLocaleParam: false
2026-07-18T13:17:40.120Z - REWRITE: /ar -> /?__locale=ar
2026-07-18T13:17:40.592Z - INCOMING: /ar | isRewritten: false | hasLocaleParam: false
2026-07-18T13:17:40.610Z - REWRITE: /ar -> /?__locale=ar
2026-07-18T13:17:40.630Z - INCOMING: /ar | isRewritten: false | hasLocaleParam: false
2026-07-18T13:17:40.650Z - REWRITE: /ar -> /?__locale=ar
2026-07-18T13:18:07.645Z - INCOMING: /ar | isRewritten: false | hasLocaleParam: false
2026-07-18T13:18:07.674Z - REWRITE: /ar -> /?__locale=ar
2026-07-18T13:18:08.009Z - INCOMING: /ar | isRewritten: false | hasLocaleParam: false
2026-07-18T13:18:08.028Z - REWRITE: /ar -> /?__locale=ar
2026-07-18T13:19:03.038Z - INCOMING: /ar | isRewritten: false | hasLocaleParam: false
2026-07-18T13:19:03.063Z - REWRITE: /ar -> /?__locale=ar
2026-07-18T13:19:03.422Z - INCOMING: /ar | isRewritten: false | hasLocaleParam: false
2026-07-18T13:19:03.440Z - REWRITE: /ar -> /?__locale=ar
2026-07-18T13:20:10.211Z - REWRITE: /ar -> /?__locale=ar
2026-07-18T13:20:17.850Z - INCOMING: /ar | isRewritten: false | hasLocaleParam: false
2026-07-18T13:20:18.937Z - INCOMING: /ar | isRewritten: false | hasLocaleParam: false
2026-07-18T13:20:19.046Z - REWRITE: /ar -> /?__locale=ar
2026-07-18T13:20:23.135Z - REWRITE: /ar -> /?__locale=ar
2026-07-18T13:20:23.178Z - INCOMING: /ar | isRewritten: false | hasLocaleParam: false
2026-07-18T13:20:23.491Z - INCOMING: /ar | isRewritten: false | hasLocaleParam: false
2026-07-18T13:20:23.529Z - REWRITE: /ar -> /?__locale=ar
2026-07-18T13:20:39.140Z - INCOMING: /ar | isRewritten: false | hasLocaleParam: false
2026-07-18T13:20:39.167Z - REWRITE: /ar -> /?__locale=ar
2026-07-18T13:20:39.480Z - INCOMING: /ar | isRewritten: false | hasLocaleParam: false
2026-07-18T13:20:39.500Z - REWRITE: /ar -> /?__locale=ar
2026-07-18T13:21:28.325Z - INCOMING: /ar | isRewritten: false | hasLocaleParam: false
2026-07-18T13:21:28.399Z - REWRITE: /ar -> /?__locale=ar
2026-07-18T13:22:34.912Z - INCOMING: /ar | isRewritten: false | hasLocaleParam: false
2026-07-18T13:22:34.936Z - REWRITE: /ar -> /?__locale=ar
2026-07-18T13:22:35.247Z - INCOMING: /ar | isRewritten: false | hasLocaleParam: false
2026-07-18T13:22:35.265Z - REWRITE: /ar -> /?__locale=ar
2026-07-18T13:22:35.757Z - INCOMING: /ar | isRewritten: false | hasLocaleParam: false
2026-07-18T13:22:35.776Z - REWRITE: /ar -> /?__locale=ar
2026-07-18T13:22:35.984Z - INCOMING: /ar | isRewritten: false | hasLocaleParam: false
2026-07-18T13:22:36.002Z - REWRITE: /ar -> /?__locale=ar
2026-07-18T13:23:24.408Z - REWRITE: /ar -> /?__locale=ar
2026-07-18T13:23:24.498Z - INCOMING: /ar | isRewritten: false | hasLocaleParam: false
2026-07-18T13:23:24.825Z - INCOMING: /ar | isRewritten: false | hasLocaleParam: false
2026-07-18T13:23:24.850Z - REWRITE: /ar -> /?__locale=ar
2026-07-18T13:23:30.257Z - INCOMING: /ar/hotel-apartments | isRewritten: false | hasLocaleParam: false
2026-07-18T13:23:30.289Z - REWRITE: /ar/hotel-apartments -> /hotel-apartments?__locale=ar
2026-07-18T13:23:39.709Z - INCOMING: /ar/flights | isRewritten: false | hasLocaleParam: false
2026-07-18T13:23:39.741Z - REWRITE: /ar/flights -> /flights?__locale=ar
2026-07-18T13:23:50.363Z - INCOMING: /ar/cars | isRewritten: false | hasLocaleParam: false
2026-07-18T13:23:50.384Z - REWRITE: /ar/cars -> /cars?__locale=ar
2026-07-18T13:24:00.551Z - INCOMING: /ar/cars | isRewritten: false | hasLocaleParam: false
2026-07-18T13:24:00.683Z - REWRITE: /ar/cars -> /cars?__locale=ar
2026-07-18T13:24:02.288Z - INCOMING: /ru/cars | isRewritten: false | hasLocaleParam: false
2026-07-18T13:24:02.309Z - REDIRECT: /ru/cars -> /ar/ru/cars
2026-07-18T13:24:02.399Z - INCOMING: /ar/ru/cars | isRewritten: false | hasLocaleParam: false
2026-07-18T13:24:02.421Z - REWRITE: /ar/ru/cars -> /ru/cars?__locale=ar
2026-07-18T13:24:02.718Z - INCOMING: /ar/ru/cars | isRewritten: false | hasLocaleParam: false
2026-07-18T13:24:02.742Z - REWRITE: /ar/ru/cars -> /ru/cars?__locale=ar
2026-07-18T13:24:02.956Z - INCOMING: /ar/ru/cars | isRewritten: false | hasLocaleParam: false
2026-07-18T13:24:02.978Z - REWRITE: /ar/ru/cars -> /ru/cars?__locale=ar
2026-07-18T13:24:11.521Z - INCOMING: /ar/ru | isRewritten: false | hasLocaleParam: false
2026-07-18T13:24:11.543Z - REWRITE: /ar/ru -> /ru?__locale=ar
2026-07-18T13:24:14.363Z - INCOMING: /ru | isRewritten: false | hasLocaleParam: false
2026-07-18T13:24:14.398Z - REDIRECT: /ru -> /ar/ru
2026-07-18T13:24:14.478Z - INCOMING: /ar/ru | isRewritten: false | hasLocaleParam: false
2026-07-18T13:24:14.504Z - REWRITE: /ar/ru -> /ru?__locale=ar
2026-07-18T13:24:20.402Z - INCOMING: /ar | isRewritten: false | hasLocaleParam: false
2026-07-18T13:24:20.424Z - REWRITE: /ar -> /?__locale=ar
2026-07-18T13:25:38.941Z - INCOMING: /ar | isRewritten: false | hasLocaleParam: false
2026-07-18T13:25:38.976Z - REWRITE: /ar -> /?__locale=ar
2026-07-18T13:27:22.210Z - REWRITE: /ar -> /?__locale=ar
2026-07-18T13:27:22.281Z - INCOMING: /ar | isRewritten: false | hasLocaleParam: false
2026-07-18T13:27:22.589Z - INCOMING: /ar | isRewritten: false | hasLocaleParam: false
2026-07-18T13:27:22.625Z - REWRITE: /ar -> /?__locale=ar
2026-07-18T13:27:22.964Z - INCOMING: /ar | isRewritten: false | hasLocaleParam: false
2026-07-18T13:27:22.988Z - REWRITE: /ar -> /?__locale=ar
2026-07-18T13:28:48.104Z - REWRITE: /ar -> /?__locale=ar
2026-07-18T13:28:48.168Z - INCOMING: /ar | isRewritten: false | hasLocaleParam: false
2026-07-18T13:28:58.326Z - REWRITE: /ar -> /?__locale=ar
2026-07-18T13:28:58.379Z - INCOMING: /ar | isRewritten: false | hasLocaleParam: false
2026-07-18T13:28:58.686Z - INCOMING: /ar | isRewritten: false | hasLocaleParam: false
2026-07-18T13:28:58.706Z - REWRITE: /ar -> /?__locale=ar
2026-07-18T13:29:18.671Z - INCOMING: /ar | isRewritten: false | hasLocaleParam: false
2026-07-18T13:29:18.699Z - REWRITE: /ar -> /?__locale=ar
2026-07-18T13:37:08.440Z - INCOMING: /ar/hotels | isRewritten: false | hasLocaleParam: false
2026-07-18T13:37:08.509Z - REWRITE: /ar/hotels -> /hotels?__locale=ar
2026-07-18T13:37:19.261Z - INCOMING: /ar/hotels | isRewritten: false | hasLocaleParam: false
2026-07-18T13:37:19.296Z - REWRITE: /ar/hotels -> /hotels?__locale=ar
2026-07-18T13:37:19.543Z - INCOMING: /ar/hotels | isRewritten: false | hasLocaleParam: false
2026-07-18T13:37:19.568Z - REWRITE: /ar/hotels -> /hotels?__locale=ar
2026-07-18T13:37:35.247Z - INCOMING: /ar/hotels | isRewritten: false | hasLocaleParam: false
2026-07-18T13:37:35.276Z - REWRITE: /ar/hotels -> /hotels?__locale=ar
2026-07-18T13:37:35.565Z - INCOMING: /ar/hotels | isRewritten: false | hasLocaleParam: false
2026-07-18T13:37:35.637Z - REWRITE: /ar/hotels -> /hotels?__locale=ar
2026-07-18T13:37:36.222Z - INCOMING: /ar/hotels | isRewritten: false | hasLocaleParam: false
2026-07-18T13:37:36.278Z - REWRITE: /ar/hotels -> /hotels?__locale=ar
2026-07-18T13:37:36.571Z - INCOMING: /ar/hotels | isRewritten: false | hasLocaleParam: false
2026-07-18T13:37:36.592Z - REWRITE: /ar/hotels -> /hotels?__locale=ar
2026-07-18T13:37:36.615Z - INCOMING: /ar/hotels | isRewritten: false | hasLocaleParam: false
2026-07-18T13:37:36.667Z - REWRITE: /ar/hotels -> /hotels?__locale=ar
2026-07-18T13:37:36.688Z - INCOMING: /ar/hotels | isRewritten: false | hasLocaleParam: false
2026-07-18T13:37:36.711Z - REWRITE: /ar/hotels -> /hotels?__locale=ar
2026-07-18T13:37:37.253Z - INCOMING: /ar/hotels | isRewritten: false | hasLocaleParam: false
2026-07-18T13:37:37.281Z - REWRITE: /ar/hotels -> /hotels?__locale=ar
2026-07-18T13:37:37.589Z - INCOMING: /ar/hotels | isRewritten: false | hasLocaleParam: false
2026-07-18T13:37:37.634Z - REWRITE: /ar/hotels -> /hotels?__locale=ar
2026-07-18T13:37:40.528Z - INCOMING: /ar/flights | isRewritten: false | hasLocaleParam: false
2026-07-18T13:37:40.548Z - REWRITE: /ar/flights -> /flights?__locale=ar
2026-07-18T13:37:44.995Z - INCOMING: /ar/hotel-apartments | isRewritten: false | hasLocaleParam: false
2026-07-18T13:37:45.103Z - REWRITE: /ar/hotel-apartments -> /hotel-apartments?__locale=ar
2026-07-18T13:38:21.979Z - INCOMING: /ar | isRewritten: false | hasLocaleParam: false
2026-07-18T13:38:22.005Z - REWRITE: /ar -> /?__locale=ar
2026-07-18T13:38:28.920Z - INCOMING: /ar/login | isRewritten: false | hasLocaleParam: false
2026-07-18T13:38:28.940Z - REWRITE: /ar/login -> /login?__locale=ar
2026-07-18T13:38:33.296Z - INCOMING: /ar | isRewritten: false | hasLocaleParam: false
2026-07-18T13:38:33.318Z - REWRITE: /ar -> /?__locale=ar
2026-07-18T13:38:35.009Z - INCOMING: /ar/contact | isRewritten: false | hasLocaleParam: false
2026-07-18T13:38:35.031Z - REWRITE: /ar/contact -> /contact?__locale=ar
2026-07-18T13:38:49.160Z - INCOMING: /ar | isRewritten: false | hasLocaleParam: false
2026-07-18T13:38:49.183Z - REWRITE: /ar -> /?__locale=ar
2026-07-18T13:38:49.532Z - INCOMING: /ar | isRewritten: false | hasLocaleParam: false
2026-07-18T13:38:49.579Z - REWRITE: /ar -> /?__locale=ar
2026-07-18T13:42:17.650Z - REWRITE: /ar/login -> /login?__locale=ar
2026-07-18T13:42:17.679Z - INCOMING: /ar/login | isRewritten: false | hasLocaleParam: false
2026-07-18T13:42:20.109Z - INCOMING: /ar/register | isRewritten: false | hasLocaleParam: false
2026-07-18T13:42:20.131Z - REWRITE: /ar/register -> /register?__locale=ar
2026-07-18T13:42:25.128Z - INCOMING: /ar | isRewritten: false | hasLocaleParam: false
2026-07-18T13:42:25.175Z - REWRITE: /ar -> /?__locale=ar
2026-07-18T13:42:36.124Z - INCOMING: /ar/hotels | isRewritten: false | hasLocaleParam: false
2026-07-18T13:42:36.145Z - REWRITE: /ar/hotels -> /hotels?__locale=ar
2026-07-18T13:42:40.942Z - INCOMING: /ar/hotels | isRewritten: false | hasLocaleParam: false
2026-07-18T13:42:40.973Z - REWRITE: /ar/hotels -> /hotels?__locale=ar
2026-07-18T13:42:41.217Z - INCOMING: /ar/hotels | isRewritten: false | hasLocaleParam: false
2026-07-18T13:42:41.238Z - REWRITE: /ar/hotels -> /hotels?__locale=ar
2026-07-18T13:42:45.666Z - INCOMING: /ar | isRewritten: false | hasLocaleParam: false
2026-07-18T13:42:45.710Z - REWRITE: /ar -> /?__locale=ar
2026-07-18T13:43:06.134Z - REWRITE: /ar -> /?__locale=ar
2026-07-18T13:43:06.273Z - INCOMING: /ar | isRewritten: false | hasLocaleParam: false
2026-07-18T13:43:06.626Z - INCOMING: /ar | isRewritten: false | hasLocaleParam: false
2026-07-18T13:43:06.646Z - REWRITE: /ar -> /?__locale=ar
2026-07-18T13:43:17.557Z - INCOMING: /ar | isRewritten: false | hasLocaleParam: false
2026-07-18T13:43:17.577Z - REWRITE: /ar -> /?__locale=ar
2026-07-18T13:43:31.763Z - INCOMING: /ar/hotels | isRewritten: false | hasLocaleParam: false
2026-07-18T13:43:31.998Z - REWRITE: /ar/hotels -> /hotels?__locale=ar
2026-07-18T13:43:36.591Z - REWRITE: /ar/hotel-apartments -> /hotel-apartments?__locale=ar
2026-07-18T13:43:38.629Z - INCOMING: /ar/hotel-apartments | isRewritten: false | hasLocaleParam: false
2026-07-18T13:43:43.255Z - INCOMING: /ar/hotels | isRewritten: false | hasLocaleParam: false
2026-07-18T13:43:43.288Z - REWRITE: /ar/hotels -> /hotels?__locale=ar
2026-07-18T13:43:49.037Z - INCOMING: /ar/flights | isRewritten: false | hasLocaleParam: false
2026-07-18T13:43:49.098Z - REWRITE: /ar/flights -> /flights?__locale=ar
2026-07-18T13:43:51.234Z - INCOMING: /ar/hotels | isRewritten: false | hasLocaleParam: false
2026-07-18T13:43:51.341Z - REWRITE: /ar/hotels -> /hotels?__locale=ar
2026-07-18T13:44:17.278Z - REWRITE: /ar -> /?__locale=ar
2026-07-18T13:44:17.303Z - INCOMING: /ar | isRewritten: false | hasLocaleParam: false
2026-07-18T13:44:46.186Z - INCOMING: /ar | isRewritten: false | hasLocaleParam: false
2026-07-18T13:44:46.213Z - REWRITE: /ar -> /?__locale=ar
2026-07-18T13:44:48.371Z - INCOMING: /ar/hotel-apartments | isRewritten: false | hasLocaleParam: false
2026-07-18T13:44:48.394Z - REWRITE: /ar/hotel-apartments -> /hotel-apartments?__locale=ar
2026-07-18T13:44:48.838Z - INCOMING: /ar/hotel-apartments | isRewritten: false | hasLocaleParam: false
2026-07-18T13:44:48.865Z - REWRITE: /ar/hotel-apartments -> /hotel-apartments?__locale=ar
2026-07-18T13:44:54.026Z - INCOMING: /ar/hotels | isRewritten: false | hasLocaleParam: false
2026-07-18T13:44:54.052Z - REWRITE: /ar/hotels -> /hotels?__locale=ar
2026-07-18T13:44:58.883Z - INCOMING: /ar/about | isRewritten: false | hasLocaleParam: false
2026-07-18T13:44:58.911Z - REWRITE: /ar/about -> /about?__locale=ar
2026-07-18T13:45:04.261Z - INCOMING: /ar | isRewritten: false | hasLocaleParam: false
2026-07-18T13:45:04.329Z - REWRITE: /ar -> /?__locale=ar
2026-07-18T13:45:41.094Z - INCOMING: /ar | isRewritten: false | hasLocaleParam: false
2026-07-18T13:45:41.115Z - REWRITE: /ar -> /?__locale=ar
2026-07-18T13:46:05.978Z - INCOMING: /ar | isRewritten: false | hasLocaleParam: false
2026-07-18T13:46:06.008Z - REWRITE: /ar -> /?__locale=ar
2026-07-18T13:46:06.584Z - INCOMING: /ar | isRewritten: false | hasLocaleParam: false
2026-07-18T13:46:06.617Z - REWRITE: /ar -> /?__locale=ar
2026-07-18T13:47:58.739Z - REWRITE: /ar -> /?__locale=ar
2026-07-18T13:47:58.900Z - INCOMING: /ar | isRewritten: false | hasLocaleParam: false
2026-07-18T13:48:04.297Z - INCOMING: /ar | isRewritten: false | hasLocaleParam: false
2026-07-18T13:48:04.525Z - REWRITE: /ar -> /?__locale=ar
2026-07-18T13:48:05.259Z - INCOMING: /ar | isRewritten: false | hasLocaleParam: false
2026-07-18T13:48:05.282Z - REWRITE: /ar -> /?__locale=ar
2026-07-18T13:48:05.617Z - REWRITE: /ar -> /?__locale=ar
2026-07-18T13:48:05.724Z - INCOMING: /ar | isRewritten: false | hasLocaleParam: false
2026-07-18T13:48:05.867Z - REWRITE: /ar -> /?__locale=ar
2026-07-18T13:48:05.889Z - INCOMING: /ar | isRewritten: false | hasLocaleParam: false
2026-07-18T13:48:05.918Z - REWRITE: /ar -> /?__locale=ar
2026-07-18T13:48:05.942Z - INCOMING: /ar | isRewritten: false | hasLocaleParam: false
2026-07-18T13:48:06.907Z - INCOMING: /ar | isRewritten: false | hasLocaleParam: false
2026-07-18T13:48:06.957Z - REWRITE: /ar -> /?__locale=ar
2026-07-18T13:48:07.391Z - INCOMING: /ar | isRewritten: false | hasLocaleParam: false
2026-07-18T13:48:07.413Z - REWRITE: /ar -> /?__locale=ar
2026-07-18T13:48:07.860Z - INCOMING: /ar | isRewritten: false | hasLocaleParam: false
2026-07-18T13:48:07.881Z - REWRITE: /ar -> /?__locale=ar
2026-07-18T13:48:08.297Z - INCOMING: /ar | isRewritten: false | hasLocaleParam: false
2026-07-18T13:48:08.319Z - REWRITE: /ar -> /?__locale=ar
2026-07-18T13:48:08.498Z - INCOMING: /ar | isRewritten: false | hasLocaleParam: false
2026-07-18T13:48:08.520Z - REWRITE: /ar -> /?__locale=ar
2026-07-18T13:48:08.912Z - INCOMING: /ar | isRewritten: false | hasLocaleParam: false
2026-07-18T13:48:09.046Z - REWRITE: /ar -> /?__locale=ar
2026-07-18T13:48:10.853Z - INCOMING: /ar | isRewritten: false | hasLocaleParam: false
2026-07-18T13:48:10.894Z - REWRITE: /ar -> /?__locale=ar
2026-07-18T13:48:12.582Z - INCOMING: /ar | isRewritten: false | hasLocaleParam: false
2026-07-18T13:48:12.684Z - REWRITE: /ar -> /?__locale=ar
2026-07-18T13:48:13.289Z - INCOMING: /ar | isRewritten: false | hasLocaleParam: false
2026-07-18T13:48:13.455Z - INCOMING: /ar | isRewritten: false | hasLocaleParam: false
2026-07-18T13:48:13.475Z - REWRITE: /ar -> /?__locale=ar
2026-07-18T13:48:13.498Z - REWRITE: /ar -> /?__locale=ar
2026-07-18T13:48:14.040Z - INCOMING: /ar | isRewritten: false | hasLocaleParam: false
2026-07-18T13:48:14.063Z - REWRITE: /ar -> /?__locale=ar
2026-07-18T13:48:14.404Z - INCOMING: /ar | isRewritten: false | hasLocaleParam: false
2026-07-18T13:48:14.427Z - REWRITE: /ar -> /?__locale=ar
2026-07-18T13:49:54.413Z - REWRITE: /ar -> /?__locale=ar
2026-07-18T13:49:54.436Z - INCOMING: /ar | isRewritten: false | hasLocaleParam: false
2026-07-18T13:50:02.757Z - INCOMING: /ar | isRewritten: false | hasLocaleParam: false
2026-07-18T13:50:02.781Z - REWRITE: /ar -> /?__locale=ar
2026-07-18T13:50:03.567Z - INCOMING: /ar | isRewritten: false | hasLocaleParam: false
2026-07-18T13:50:03.587Z - REWRITE: /ar -> /?__locale=ar
2026-07-18T13:50:03.882Z - REWRITE: /ar -> /?__locale=ar
2026-07-18T13:50:03.920Z - REWRITE: /ar -> /?__locale=ar
2026-07-18T13:50:04.062Z - INCOMING: /ar | isRewritten: false | hasLocaleParam: false
2026-07-18T13:50:04.094Z - INCOMING: /ar | isRewritten: false | hasLocaleParam: false
2026-07-18T13:50:04.185Z - REWRITE: /ar -> /?__locale=ar
2026-07-18T13:50:04.219Z - INCOMING: /ar | isRewritten: false | hasLocaleParam: false
2026-07-18T13:50:05.014Z - INCOMING: /ar | isRewritten: false | hasLocaleParam: false
2026-07-18T13:50:05.061Z - REWRITE: /ar -> /?__locale=ar
2026-07-18T13:50:05.281Z - INCOMING: /ar | isRewritten: false | hasLocaleParam: false
2026-07-18T13:50:05.294Z - REWRITE: /ar -> /?__locale=ar
2026-07-18T13:50:05.755Z - INCOMING: /ar | isRewritten: false | hasLocaleParam: false
2026-07-18T13:50:05.767Z - REWRITE: /ar -> /?__locale=ar
2026-07-18T13:50:05.838Z - INCOMING: /ar | isRewritten: false | hasLocaleParam: false
2026-07-18T13:50:05.849Z - REWRITE: /ar -> /?__locale=ar
2026-07-18T13:50:05.862Z - INCOMING: /ar | isRewritten: false | hasLocaleParam: false
2026-07-18T13:50:05.877Z - REWRITE: /ar -> /?__locale=ar
2026-07-18T13:50:06.110Z - INCOMING: /ar | isRewritten: false | hasLocaleParam: false
2026-07-18T13:50:06.122Z - REWRITE: /ar -> /?__locale=ar
2026-07-18T13:50:06.906Z - INCOMING: /ar | isRewritten: false | hasLocaleParam: false
2026-07-18T13:50:06.926Z - REWRITE: /ar -> /?__locale=ar
2026-07-18T13:50:07.392Z - INCOMING: /ar | isRewritten: false | hasLocaleParam: false
2026-07-18T13:50:07.411Z - REWRITE: /ar -> /?__locale=ar
2026-07-18T13:50:07.933Z - INCOMING: /ar | isRewritten: false | hasLocaleParam: false
2026-07-18T13:50:07.952Z - REWRITE: /ar -> /?__locale=ar
2026-07-18T13:50:08.079Z - INCOMING: /ar | isRewritten: false | hasLocaleParam: false
2026-07-18T13:50:08.102Z - REWRITE: /ar -> /?__locale=ar
2026-07-18T13:50:08.352Z - INCOMING: /ar | isRewritten: false | hasLocaleParam: false
2026-07-18T13:50:08.370Z - REWRITE: /ar -> /?__locale=ar
2026-07-18T14:23:43.527Z - INCOMING: / | isRewritten: false | hasLocaleParam: false
2026-07-18T14:23:43.655Z - REDIRECT: / -> /ar
2026-07-18T14:23:43.683Z - INCOMING: /ar | isRewritten: false | hasLocaleParam: false
2026-07-18T14:23:43.710Z - INCOMING: / | isRewritten: false | hasLocaleParam: false
2026-07-18T14:23:43.735Z - REWRITE: /ar -> /?__locale=ar
2026-07-18T14:23:43.760Z - REDIRECT: / -> /ar
2026-07-18T14:24:11.768Z - INCOMING: / | isRewritten: false | hasLocaleParam: false
2026-07-18T14:24:11.791Z - REDIRECT: / -> /ar
2026-07-18T14:24:11.823Z - REWRITE: /ar -> /?__locale=ar
2026-07-18T14:24:11.847Z - INCOMING: /ar | isRewritten: false | hasLocaleParam: false
2026-07-18T14:24:40.344Z - INCOMING: / | isRewritten: false | hasLocaleParam: false
2026-07-18T14:24:40.368Z - REDIRECT: / -> /ar
2026-07-18T14:24:40.700Z - INCOMING: /ar | isRewritten: false | hasLocaleParam: false
2026-07-18T14:24:40.718Z - REWRITE: /ar -> /?__locale=ar
2026-07-18T14:24:53.205Z - INCOMING: /en | isRewritten: false | hasLocaleParam: false
2026-07-18T14:24:53.227Z - REWRITE: /en -> /?__locale=en
2026-07-18T14:24:53.596Z - INCOMING: /en | isRewritten: false | hasLocaleParam: false
2026-07-18T14:24:53.621Z - REWRITE: /en -> /?__locale=en
2026-07-18T14:25:17.324Z - REWRITE: /ar -> /?__locale=ar
2026-07-18T14:25:17.370Z - INCOMING: /ar | isRewritten: false | hasLocaleParam: false
2026-07-18T14:25:17.733Z - INCOMING: /ar | isRewritten: false | hasLocaleParam: false
2026-07-18T14:25:17.754Z - REWRITE: /ar -> /?__locale=ar
2026-07-21T07:32:46.106Z - REWRITE: /ar -> /?__locale=ar
2026-07-21T07:32:46.146Z - REDIRECT: / -> /ar
2026-07-21T07:32:46.173Z - INCOMING: /ar | isRewritten: false | hasLocaleParam: false
2026-07-21T07:32:46.202Z - INCOMING: / | isRewritten: false | hasLocaleParam: false
2026-07-21T07:33:18.257Z - INCOMING: /ar/hotel-apartments | isRewritten: false | hasLocaleParam: false
2026-07-21T07:33:18.281Z - REWRITE: /ar/hotel-apartments -> /hotel-apartments?__locale=ar
2026-07-21T07:33:26.471Z - INCOMING: /ar/hotels | isRewritten: false | hasLocaleParam: false
2026-07-21T07:33:26.496Z - REWRITE: /ar/hotels -> /hotels?__locale=ar
2026-07-21T07:35:01.826Z - INCOMING: /ar/hotels | isRewritten: false | hasLocaleParam: false
2026-07-21T07:35:01.849Z - REWRITE: /ar/hotels -> /hotels?__locale=ar
2026-07-21T07:35:02.584Z - INCOMING: /ar/hotels | isRewritten: false | hasLocaleParam: false
2026-07-21T07:35:02.622Z - REWRITE: /ar/hotels -> /hotels?__locale=ar
2026-07-21T07:35:10.773Z - INCOMING: /ar/hotels | isRewritten: false | hasLocaleParam: false
2026-07-21T07:35:10.793Z - REWRITE: /ar/hotels -> /hotels?__locale=ar
2026-07-21T07:35:11.040Z - INCOMING: /ar/hotels | isRewritten: false | hasLocaleParam: false
2026-07-21T07:35:11.064Z - REWRITE: /ar/hotels -> /hotels?__locale=ar
2026-07-21T07:35:13.114Z - INCOMING: /ar/cars | isRewritten: false | hasLocaleParam: false
2026-07-21T07:35:13.135Z - REWRITE: /ar/cars -> /cars?__locale=ar
2026-07-21T07:35:21.333Z - INCOMING: /ar/cars | isRewritten: false | hasLocaleParam: false
2026-07-21T07:35:21.359Z - REWRITE: /ar/cars -> /cars?__locale=ar
2026-07-21T07:35:21.590Z - INCOMING: /ar/cars | isRewritten: false | hasLocaleParam: false
2026-07-21T07:35:21.614Z - REWRITE: /ar/cars -> /cars?__locale=ar
2026-07-21T07:35:40.876Z - INCOMING: /ar/cars | isRewritten: false | hasLocaleParam: false
2026-07-21T07:35:40.907Z - REWRITE: /ar/cars -> /cars?__locale=ar
2026-07-21T07:35:41.643Z - INCOMING: /ar/cars | isRewritten: false | hasLocaleParam: false
2026-07-21T07:35:41.663Z - REWRITE: /ar/cars -> /cars?__locale=ar
2026-07-21T07:35:41.683Z - INCOMING: /ar/cars | isRewritten: false | hasLocaleParam: false
2026-07-21T07:35:41.702Z - REWRITE: /ar/cars -> /cars?__locale=ar
2026-07-21T07:35:42.008Z - INCOMING: /ar/cars | isRewritten: false | hasLocaleParam: false
2026-07-21T07:35:42.027Z - REWRITE: /ar/cars -> /cars?__locale=ar
2026-07-21T07:35:42.050Z - INCOMING: /ar/cars | isRewritten: false | hasLocaleParam: false
2026-07-21T07:35:42.072Z - INCOMING: /ar/cars | isRewritten: false | hasLocaleParam: false
2026-07-21T07:35:42.091Z - REWRITE: /ar/cars -> /cars?__locale=ar
2026-07-21T07:35:42.112Z - INCOMING: /ar/cars | isRewritten: false | hasLocaleParam: false
2026-07-21T07:35:42.133Z - REWRITE: /ar/cars -> /cars?__locale=ar
2026-07-21T07:35:42.153Z - INCOMING: /ar/cars | isRewritten: false | hasLocaleParam: false
2026-07-21T07:35:42.180Z - REWRITE: /ar/cars -> /cars?__locale=ar
2026-07-21T07:35:42.204Z - INCOMING: /ar/cars | isRewritten: false | hasLocaleParam: false
2026-07-21T07:35:42.228Z - REWRITE: /ar/cars -> /cars?__locale=ar
2026-07-21T07:35:42.251Z - REWRITE: /ar/cars -> /cars?__locale=ar
2026-07-21T07:35:42.271Z - INCOMING: /ar/cars | isRewritten: false | hasLocaleParam: false
2026-07-21T07:35:42.293Z - INCOMING: /ar/cars | isRewritten: false | hasLocaleParam: false
2026-07-21T07:35:42.316Z - REWRITE: /ar/cars -> /cars?__locale=ar
2026-07-21T07:35:42.335Z - INCOMING: /ar/cars | isRewritten: false | hasLocaleParam: false
2026-07-21T07:35:42.356Z - REWRITE: /ar/cars -> /cars?__locale=ar
2026-07-21T07:35:42.376Z - REWRITE: /ar/cars -> /cars?__locale=ar
2026-07-21T07:35:42.590Z - REWRITE: /ar/cars -> /cars?__locale=ar
2026-07-21T07:35:42.619Z - INCOMING: /ar/cars | isRewritten: false | hasLocaleParam: false
2026-07-21T07:36:10.553Z - INCOMING: /ar/hotels | isRewritten: false | hasLocaleParam: false
2026-07-21T07:36:10.579Z - REWRITE: /ar/hotels -> /hotels?__locale=ar
2026-07-21T07:56:15.292Z - INCOMING: /ar | isRewritten: false | hasLocaleParam: false
2026-07-21T07:56:15.329Z - REWRITE: /ar -> /?__locale=ar
2026-07-21T08:15:48.701Z - INCOMING: /ar/hotels | isRewritten: false | hasLocaleParam: false
2026-07-21T08:15:48.726Z - REWRITE: /ar/hotels -> /hotels?__locale=ar
2026-07-26T09:44:41.766Z - INCOMING: / | isRewritten: false | hasLocaleParam: false
2026-07-26T09:44:41.832Z - REDIRECT: / -> /ar
2026-07-26T09:44:41.858Z - INCOMING: /ar | isRewritten: false | hasLocaleParam: false
2026-07-26T09:44:41.885Z - REWRITE: /ar -> /?__locale=ar
2026-07-26T09:48:12.366Z - INCOMING: /ar | isRewritten: false | hasLocaleParam: false
2026-07-26T09:48:12.568Z - REWRITE: /ar -> /?__locale=ar
2026-07-26T09:48:13.859Z - INCOMING: /ar | isRewritten: false | hasLocaleParam: false
2026-07-26T09:48:13.890Z - REWRITE: /ar -> /?__locale=ar
2026-07-26T09:48:14.824Z - INCOMING: /ar | isRewritten: false | hasLocaleParam: false
2026-07-26T09:48:14.854Z - REWRITE: /ar -> /?__locale=ar
2026-07-26T09:48:15.158Z - INCOMING: /ar | isRewritten: false | hasLocaleParam: false
2026-07-26T09:48:15.187Z - INCOMING: /ar | isRewritten: false | hasLocaleParam: false
2026-07-26T09:48:15.374Z - INCOMING: /ar | isRewritten: false | hasLocaleParam: false
2026-07-26T09:48:15.401Z - REWRITE: /ar -> /?__locale=ar
2026-07-26T09:48:15.433Z - REWRITE: /ar -> /?__locale=ar
2026-07-26T09:48:15.460Z - REWRITE: /ar -> /?__locale=ar
2026-07-26T09:48:16.386Z - INCOMING: /ar | isRewritten: false | hasLocaleParam: false
2026-07-26T09:48:16.410Z - REWRITE: /ar -> /?__locale=ar
2026-07-26T09:48:16.842Z - INCOMING: /ar | isRewritten: false | hasLocaleParam: false
2026-07-26T09:48:16.881Z - REWRITE: /ar -> /?__locale=ar
2026-07-26T09:48:17.398Z - INCOMING: /ar | isRewritten: false | hasLocaleParam: false
2026-07-26T09:48:17.417Z - REWRITE: /ar -> /?__locale=ar
2026-07-26T09:48:17.605Z - INCOMING: /ar | isRewritten: false | hasLocaleParam: false
2026-07-26T09:48:17.627Z - REWRITE: /ar -> /?__locale=ar
2026-07-26T09:48:17.826Z - INCOMING: /ar | isRewritten: false | hasLocaleParam: false
2026-07-26T09:48:17.848Z - REWRITE: /ar -> /?__locale=ar
2026-07-26T09:48:18.014Z - INCOMING: /ar | isRewritten: false | hasLocaleParam: false
2026-07-26T09:48:18.032Z - REWRITE: /ar -> /?__locale=ar
2026-07-26T09:48:19.001Z - INCOMING: /ar | isRewritten: false | hasLocaleParam: false
2026-07-26T09:48:19.027Z - REWRITE: /ar -> /?__locale=ar
2026-07-26T09:54:50.873Z - REWRITE: /ar -> /?__locale=ar
2026-07-26T09:54:50.921Z - INCOMING: /ar | isRewritten: false | hasLocaleParam: false
2026-07-26T09:54:51.347Z - INCOMING: /ar | isRewritten: false | hasLocaleParam: false
2026-07-26T09:54:51.376Z - REWRITE: /ar -> /?__locale=ar
2026-07-26T09:56:18.545Z - REWRITE: /ar -> /?__locale=ar
2026-07-26T09:56:18.686Z - INCOMING: /ar | isRewritten: false | hasLocaleParam: false
2026-07-26T09:56:18.790Z - INCOMING: /ar | isRewritten: false | hasLocaleParam: false
2026-07-26T09:56:18.811Z - REWRITE: /ar -> /?__locale=ar
2026-07-26T09:56:19.680Z - INCOMING: /ar | isRewritten: false | hasLocaleParam: false
2026-07-26T09:56:19.702Z - REWRITE: /ar -> /?__locale=ar
2026-07-26T09:56:19.982Z - INCOMING: /ar | isRewritten: false | hasLocaleParam: false
2026-07-26T09:56:20.129Z - INCOMING: /ar | isRewritten: false | hasLocaleParam: false
2026-07-26T09:56:20.159Z - REWRITE: /ar -> /?__locale=ar
2026-07-26T09:56:20.185Z - REWRITE: /ar -> /?__locale=ar
2026-07-26T09:56:20.210Z - INCOMING: /ar | isRewritten: false | hasLocaleParam: false
2026-07-26T09:56:20.236Z - REWRITE: /ar -> /?__locale=ar
2026-07-26T09:56:22.046Z - INCOMING: /ar | isRewritten: false | hasLocaleParam: false
2026-07-26T09:56:22.066Z - REWRITE: /ar -> /?__locale=ar
2026-07-26T09:56:22.911Z - INCOMING: /ar | isRewritten: false | hasLocaleParam: false
2026-07-26T09:56:22.932Z - REWRITE: /ar -> /?__locale=ar
2026-07-26T09:56:23.543Z - INCOMING: /ar | isRewritten: false | hasLocaleParam: false
2026-07-26T09:56:23.566Z - REWRITE: /ar -> /?__locale=ar
2026-07-26T09:56:23.977Z - REWRITE: /ar -> /?__locale=ar
2026-07-26T09:56:23.997Z - INCOMING: /ar | isRewritten: false | hasLocaleParam: false
2026-07-26T09:56:24.276Z - INCOMING: /ar | isRewritten: false | hasLocaleParam: false
2026-07-26T09:56:24.296Z - REWRITE: /ar -> /?__locale=ar
2026-07-26T09:56:24.739Z - INCOMING: /ar | isRewritten: false | hasLocaleParam: false
2026-07-26T09:56:24.763Z - REWRITE: /ar -> /?__locale=ar
2026-07-26T09:56:25.235Z - INCOMING: /ar | isRewritten: false | hasLocaleParam: false
2026-07-26T09:56:25.256Z - REWRITE: /ar -> /?__locale=ar
2026-07-26T09:56:40.491Z - REWRITE: /ar -> /?__locale=ar
2026-07-26T09:56:40.521Z - INCOMING: /ar | isRewritten: false | hasLocaleParam: false
2026-07-26T09:56:45.715Z - INCOMING: /ar/admin | isRewritten: false | hasLocaleParam: false
2026-07-26T09:56:45.738Z - REWRITE: /ar/admin -> /admin?__locale=ar
2026-07-26T09:57:00.792Z - INCOMING: /admin/settings | isRewritten: false | hasLocaleParam: false
2026-07-26T09:57:00.811Z - ADMIN REDIRECT: /admin/settings -> /admin/login
2026-07-26T09:57:00.872Z - INCOMING: /admin/login | isRewritten: false | hasLocaleParam: false
2026-07-26T09:57:00.892Z - ADMIN LOGIN: /admin/login
2026-07-26T09:57:07.519Z - INCOMING: /admin | isRewritten: false | hasLocaleParam: false
2026-07-26T09:57:07.541Z - ADMIN PASSTHROUGH: /admin
2026-07-26T09:57:07.866Z - INCOMING: /admin | isRewritten: false | hasLocaleParam: false
2026-07-26T09:57:07.892Z - ADMIN PASSTHROUGH: /admin
2026-07-26T09:57:19.489Z - INCOMING: /admin/settings | isRewritten: false | hasLocaleParam: false
2026-07-26T09:57:19.515Z - ADMIN PASSTHROUGH: /admin/settings
2026-07-26T09:57:21.976Z - INCOMING: /admin/settings | isRewritten: false | hasLocaleParam: false
2026-07-26T09:57:22.006Z - ADMIN PASSTHROUGH: /admin/settings
2026-07-26T09:57:46.938Z - INCOMING: /admin/settings | isRewritten: false | hasLocaleParam: false
2026-07-26T09:57:46.961Z - ADMIN PASSTHROUGH: /admin/settings
2026-07-26T10:02:03.025Z - REWRITE: /ar -> /?__locale=ar
2026-07-26T10:02:03.047Z - ADMIN PASSTHROUGH: /admin/settings
2026-07-26T10:02:03.066Z - INCOMING: /ar | isRewritten: false | hasLocaleParam: false
2026-07-26T10:02:03.095Z - INCOMING: /admin/settings | isRewritten: false | hasLocaleParam: false
2026-07-26T10:02:03.519Z - INCOMING: /ar | isRewritten: false | hasLocaleParam: false
2026-07-26T10:02:03.539Z - REWRITE: /ar -> /?__locale=ar
2026-07-26T10:02:03.558Z - INCOMING: /admin/settings | isRewritten: false | hasLocaleParam: false
2026-07-26T10:02:03.579Z - ADMIN PASSTHROUGH: /admin/settings
2026-07-26T10:02:03.952Z - INCOMING: /ar | isRewritten: false | hasLocaleParam: false
2026-07-26T10:02:03.976Z - REWRITE: /ar -> /?__locale=ar
2026-07-26T10:02:04.458Z - INCOMING: /ar | isRewritten: false | hasLocaleParam: false
2026-07-26T10:02:04.479Z - REWRITE: /ar -> /?__locale=ar
2026-07-26T10:02:04.778Z - INCOMING: /ar | isRewritten: false | hasLocaleParam: false
2026-07-26T10:02:04.805Z - REWRITE: /ar -> /?__locale=ar
2026-07-26T10:02:05.274Z - INCOMING: /ar | isRewritten: false | hasLocaleParam: false
2026-07-26T10:02:05.296Z - REWRITE: /ar -> /?__locale=ar
2026-07-26T10:02:05.661Z - INCOMING: /ar | isRewritten: false | hasLocaleParam: false
2026-07-26T10:02:05.686Z - REWRITE: /ar -> /?__locale=ar
2026-07-26T10:02:06.084Z - INCOMING: /ar | isRewritten: false | hasLocaleParam: false
2026-07-26T10:02:06.105Z - REWRITE: /ar -> /?__locale=ar
2026-07-26T10:02:06.448Z - INCOMING: /ar | isRewritten: false | hasLocaleParam: false
2026-07-26T10:02:06.470Z - REWRITE: /ar -> /?__locale=ar
2026-07-26T10:02:06.810Z - INCOMING: /ar | isRewritten: false | hasLocaleParam: false
2026-07-26T10:02:06.832Z - REWRITE: /ar -> /?__locale=ar
2026-07-26T10:02:07.264Z - INCOMING: /ar | isRewritten: false | hasLocaleParam: false
2026-07-26T10:02:07.287Z - REWRITE: /ar -> /?__locale=ar
2026-07-26T10:02:07.654Z - INCOMING: /ar | isRewritten: false | hasLocaleParam: false
2026-07-26T10:02:07.673Z - REWRITE: /ar -> /?__locale=ar
2026-07-26T10:02:08.047Z - INCOMING: /ar | isRewritten: false | hasLocaleParam: false
2026-07-26T10:02:08.073Z - REWRITE: /ar -> /?__locale=ar
2026-07-26T10:02:08.544Z - INCOMING: /ar | isRewritten: false | hasLocaleParam: false
2026-07-26T10:02:08.565Z - REWRITE: /ar -> /?__locale=ar
2026-07-26T10:02:08.919Z - INCOMING: /ar | isRewritten: false | hasLocaleParam: false
2026-07-26T10:02:08.938Z - REWRITE: /ar -> /?__locale=ar
2026-07-26T10:02:11.412Z - INCOMING: /ar | isRewritten: false | hasLocaleParam: false
2026-07-26T10:02:11.437Z - REWRITE: /ar -> /?__locale=ar
2026-07-26T10:02:11.900Z - INCOMING: /admin/settings | isRewritten: false | hasLocaleParam: false
2026-07-26T10:02:11.954Z - ADMIN PASSTHROUGH: /admin/settings
2026-07-26T10:02:12.147Z - INCOMING: /admin/settings | isRewritten: false | hasLocaleParam: false
2026-07-26T10:02:12.168Z - ADMIN PASSTHROUGH: /admin/settings
2026-07-26T10:02:12.402Z - INCOMING: /admin/settings | isRewritten: false | hasLocaleParam: false
2026-07-26T10:02:12.422Z - ADMIN PASSTHROUGH: /admin/settings
2026-07-26T10:02:12.594Z - INCOMING: /admin/settings | isRewritten: false | hasLocaleParam: false
2026-07-26T10:02:12.614Z - ADMIN PASSTHROUGH: /admin/settings
2026-07-26T10:02:12.828Z - INCOMING: /admin/settings | isRewritten: false | hasLocaleParam: false
2026-07-26T10:02:12.847Z - ADMIN PASSTHROUGH: /admin/settings
2026-07-26T10:02:13.175Z - INCOMING: /admin/settings | isRewritten: false | hasLocaleParam: false
2026-07-26T10:02:13.197Z - ADMIN PASSTHROUGH: /admin/settings
2026-07-26T10:02:13.289Z - INCOMING: /admin/settings | isRewritten: false | hasLocaleParam: false
2026-07-26T10:02:13.310Z - ADMIN PASSTHROUGH: /admin/settings
2026-07-26T10:02:13.464Z - INCOMING: /admin/settings | isRewritten: false | hasLocaleParam: false
2026-07-26T10:02:13.488Z - ADMIN PASSTHROUGH: /admin/settings
2026-07-26T10:02:13.697Z - INCOMING: /admin/settings | isRewritten: false | hasLocaleParam: false
2026-07-26T10:02:13.720Z - ADMIN PASSTHROUGH: /admin/settings
2026-07-26T10:02:14.080Z - INCOMING: /admin/settings | isRewritten: false | hasLocaleParam: false
2026-07-26T10:02:14.100Z - ADMIN PASSTHROUGH: /admin/settings
2026-07-26T10:02:14.146Z - INCOMING: /admin/settings | isRewritten: false | hasLocaleParam: false
2026-07-26T10:02:14.167Z - ADMIN PASSTHROUGH: /admin/settings
2026-07-26T10:02:14.377Z - INCOMING: /admin/settings | isRewritten: false | hasLocaleParam: false
2026-07-26T10:02:14.396Z - ADMIN PASSTHROUGH: /admin/settings
2026-07-26T10:02:14.585Z - INCOMING: /admin/settings | isRewritten: false | hasLocaleParam: false
2026-07-26T10:02:14.610Z - ADMIN PASSTHROUGH: /admin/settings
2026-07-26T10:02:14.812Z - INCOMING: /admin/settings | isRewritten: false | hasLocaleParam: false
2026-07-26T10:02:14.830Z - ADMIN PASSTHROUGH: /admin/settings
2026-07-26T10:03:20.600Z - INCOMING: /admin/settings | isRewritten: false | hasLocaleParam: false
2026-07-26T10:03:20.629Z - REWRITE: /ar -> /?__locale=ar
2026-07-26T10:03:20.656Z - INCOMING: /ar | isRewritten: false | hasLocaleParam: false
2026-07-26T10:03:20.683Z - ADMIN PASSTHROUGH: /admin/settings
2026-07-26T10:03:23.643Z - INCOMING: /ar | isRewritten: false | hasLocaleParam: false
2026-07-26T10:03:23.692Z - REWRITE: /ar -> /?__locale=ar
2026-07-26T10:03:23.712Z - INCOMING: /admin/settings | isRewritten: false | hasLocaleParam: false
2026-07-26T10:03:23.734Z - ADMIN PASSTHROUGH: /admin/settings
2026-07-26T10:03:24.535Z - INCOMING: /ar | isRewritten: false | hasLocaleParam: false
2026-07-26T10:03:24.556Z - REWRITE: /ar -> /?__locale=ar
2026-07-26T10:09:01.761Z - INCOMING: /ar | isRewritten: false | hasLocaleParam: false
2026-07-26T10:09:01.841Z - REWRITE: /ar -> /?__locale=ar
2026-07-26T10:48:35.544Z - INCOMING: /ar | isRewritten: false | hasLocaleParam: false
2026-07-26T10:48:35.562Z - REWRITE: /ar -> /?__locale=ar
2026-07-26T10:48:35.799Z - INCOMING: /ar | isRewritten: false | hasLocaleParam: false
2026-07-26T10:48:35.811Z - REWRITE: /ar -> /?__locale=ar
2026-07-26T10:49:21.095Z - REWRITE: /ar -> /?__locale=ar
2026-07-26T10:49:21.120Z - INCOMING: /ar | isRewritten: false | hasLocaleParam: false
2026-07-26T10:49:21.318Z - INCOMING: /ar | isRewritten: false | hasLocaleParam: false
2026-07-26T10:49:21.332Z - REWRITE: /ar -> /?__locale=ar
2026-07-26T10:54:03.823Z - INCOMING: /ar | isRewritten: false | hasLocaleParam: false
2026-07-26T10:54:03.863Z - REWRITE: /ar -> /?__locale=ar
2026-07-26T10:54:07.434Z - INCOMING: /ar | isRewritten: false | hasLocaleParam: false
2026-07-26T10:54:07.458Z - REWRITE: /ar -> /?__locale=ar
2026-07-26T10:55:00.152Z - REWRITE: /ar -> /?__locale=ar
2026-07-26T10:55:00.176Z - INCOMING: /ar | isRewritten: false | hasLocaleParam: false
2026-07-26T10:55:00.527Z - INCOMING: /ar | isRewritten: false | hasLocaleParam: false
2026-07-26T10:55:00.610Z - REWRITE: /ar -> /?__locale=ar
2026-07-26T10:55:38.090Z - REWRITE: /ar -> /?__locale=ar
2026-07-26T10:55:38.127Z - INCOMING: /ar | isRewritten: false | hasLocaleParam: false
2026-07-26T10:55:41.179Z - INCOMING: /ar/login | isRewritten: false | hasLocaleParam: false
2026-07-26T10:55:41.200Z - REWRITE: /ar/login -> /login?__locale=ar
2026-07-26T10:55:50.111Z - REWRITE: /ar/admin -> /admin?__locale=ar
2026-07-26T10:55:50.141Z - INCOMING: /ar/admin | isRewritten: false | hasLocaleParam: false
2026-07-26T10:56:02.633Z - INCOMING: /admin/settings | isRewritten: false | hasLocaleParam: false
2026-07-26T10:56:02.657Z - ADMIN PASSTHROUGH: /admin/settings
2026-07-26T10:56:09.137Z - INCOMING: /admin/hotels | isRewritten: false | hasLocaleParam: false
2026-07-26T10:56:09.161Z - ADMIN PASSTHROUGH: /admin/hotels
2026-07-26T10:56:11.188Z - INCOMING: /admin/messages | isRewritten: false | hasLocaleParam: false
2026-07-26T10:56:11.211Z - ADMIN PASSTHROUGH: /admin/messages
2026-07-26T10:57:03.715Z - INCOMING: /ar | isRewritten: false | hasLocaleParam: false
2026-07-26T10:57:03.830Z - REWRITE: /ar -> /?__locale=ar
2026-07-26T10:57:04.050Z - INCOMING: /admin/messages | isRewritten: false | hasLocaleParam: false
2026-07-26T10:57:04.078Z - ADMIN PASSTHROUGH: /admin/messages
2026-07-26T10:57:18.553Z - REWRITE: /ar -> /?__locale=ar
2026-07-26T10:57:18.638Z - INCOMING: /ar | isRewritten: false | hasLocaleParam: false
2026-07-26T10:57:18.667Z - INCOMING: /admin/messages | isRewritten: false | hasLocaleParam: false
2026-07-26T10:57:18.695Z - ADMIN PASSTHROUGH: /admin/messages
2026-07-26T10:57:19.217Z - INCOMING: /ar | isRewritten: false | hasLocaleParam: false
2026-07-26T10:57:19.237Z - REWRITE: /ar -> /?__locale=ar
2026-07-26T10:57:19.820Z - INCOMING: /ar | isRewritten: false | hasLocaleParam: false
2026-07-26T10:57:19.840Z - REWRITE: /ar -> /?__locale=ar
2026-07-26T10:57:20.111Z - INCOMING: /admin/messages | isRewritten: false | hasLocaleParam: false
2026-07-26T10:57:20.136Z - ADMIN PASSTHROUGH: /admin/messages
2026-07-26T10:57:20.587Z - INCOMING: /ar | isRewritten: false | hasLocaleParam: false
2026-07-26T10:57:20.607Z - REWRITE: /ar -> /?__locale=ar
2026-07-26T10:57:20.629Z - INCOMING: /ar | isRewritten: false | hasLocaleParam: false
2026-07-26T10:57:20.651Z - REWRITE: /ar -> /?__locale=ar
2026-07-26T10:57:20.673Z - INCOMING: /ar | isRewritten: false | hasLocaleParam: false
2026-07-26T10:57:20.694Z - REWRITE: /ar -> /?__locale=ar
2026-07-26T10:57:20.946Z - INCOMING: /ar | isRewritten: false | hasLocaleParam: false
2026-07-26T10:57:20.968Z - REWRITE: /ar -> /?__locale=ar
2026-07-26T10:57:20.991Z - INCOMING: /ar | isRewritten: false | hasLocaleParam: false
2026-07-26T10:57:21.052Z - INCOMING: /ar | isRewritten: false | hasLocaleParam: false
2026-07-26T10:57:21.075Z - REWRITE: /ar -> /?__locale=ar
2026-07-26T10:57:21.095Z - REWRITE: /ar -> /?__locale=ar
2026-07-26T10:57:21.118Z - INCOMING: /ar | isRewritten: false | hasLocaleParam: false
2026-07-26T10:57:21.139Z - REWRITE: /ar -> /?__locale=ar
2026-07-26T10:57:21.160Z - INCOMING: /admin/messages | isRewritten: false | hasLocaleParam: false
2026-07-26T10:57:21.196Z - INCOMING: /ar | isRewritten: false | hasLocaleParam: false
2026-07-26T10:57:21.217Z - REWRITE: /ar -> /?__locale=ar
2026-07-26T10:57:21.240Z - ADMIN PASSTHROUGH: /admin/messages
2026-07-26T10:57:21.263Z - ADMIN PASSTHROUGH: /admin/messages
2026-07-26T10:57:21.295Z - INCOMING: /admin/messages | isRewritten: false | hasLocaleParam: false
2026-07-26T10:57:21.428Z - INCOMING: /admin/messages | isRewritten: false | hasLocaleParam: false
2026-07-26T10:57:21.461Z - ADMIN PASSTHROUGH: /admin/messages
2026-07-26T10:57:21.506Z - INCOMING: /admin/messages | isRewritten: false | hasLocaleParam: false
2026-07-26T10:57:21.524Z - ADMIN PASSTHROUGH: /admin/messages
2026-07-26T10:57:21.869Z - INCOMING: /admin/messages | isRewritten: false | hasLocaleParam: false
2026-07-26T10:57:21.892Z - ADMIN PASSTHROUGH: /admin/messages
2026-07-26T10:57:21.927Z - INCOMING: /admin/messages | isRewritten: false | hasLocaleParam: false
2026-07-26T10:57:21.948Z - ADMIN PASSTHROUGH: /admin/messages
2026-07-26T10:57:22.120Z - INCOMING: /admin/messages | isRewritten: false | hasLocaleParam: false
2026-07-26T10:57:22.139Z - ADMIN PASSTHROUGH: /admin/messages
2026-07-26T10:57:22.283Z - INCOMING: /admin/messages | isRewritten: false | hasLocaleParam: false
2026-07-26T10:57:22.315Z - ADMIN PASSTHROUGH: /admin/messages
2026-07-26T10:57:22.487Z - INCOMING: /admin/messages | isRewritten: false | hasLocaleParam: false
2026-07-26T10:57:22.507Z - ADMIN PASSTHROUGH: /admin/messages
2026-07-26T10:57:22.665Z - INCOMING: /admin/messages | isRewritten: false | hasLocaleParam: false
2026-07-26T10:57:22.689Z - ADMIN PASSTHROUGH: /admin/messages
2026-07-26T10:57:22.873Z - INCOMING: /admin/messages | isRewritten: false | hasLocaleParam: false
2026-07-26T10:57:22.893Z - ADMIN PASSTHROUGH: /admin/messages
2026-07-26T10:57:23.038Z - INCOMING: /admin/messages | isRewritten: false | hasLocaleParam: false
2026-07-26T10:57:23.063Z - ADMIN PASSTHROUGH: /admin/messages
2026-07-26T10:57:23.238Z - INCOMING: /admin/messages | isRewritten: false | hasLocaleParam: false
2026-07-26T10:57:23.257Z - ADMIN PASSTHROUGH: /admin/messages
2026-07-26T10:57:23.374Z - ADMIN PASSTHROUGH: /admin/messages
2026-07-26T10:57:23.394Z - INCOMING: /admin/messages | isRewritten: false | hasLocaleParam: false
2026-07-26T10:57:23.542Z - INCOMING: /admin/messages | isRewritten: false | hasLocaleParam: false
2026-07-26T10:57:23.562Z - ADMIN PASSTHROUGH: /admin/messages
2026-07-26T10:57:23.712Z - INCOMING: /admin/messages | isRewritten: false | hasLocaleParam: false
2026-07-26T10:57:23.731Z - ADMIN PASSTHROUGH: /admin/messages
2026-07-26T10:57:23.929Z - INCOMING: /admin/messages | isRewritten: false | hasLocaleParam: false
2026-07-26T10:57:23.961Z - ADMIN PASSTHROUGH: /admin/messages
2026-07-26T10:57:24.084Z - INCOMING: /admin/messages | isRewritten: false | hasLocaleParam: false
2026-07-26T10:57:24.104Z - ADMIN PASSTHROUGH: /admin/messages
2026-07-26T10:57:24.250Z - INCOMING: /admin/messages | isRewritten: false | hasLocaleParam: false
2026-07-26T10:57:24.276Z - ADMIN PASSTHROUGH: /admin/messages
2026-07-26T10:57:24.414Z - INCOMING: /admin/messages | isRewritten: false | hasLocaleParam: false
2026-07-26T10:57:24.434Z - ADMIN PASSTHROUGH: /admin/messages
2026-07-26T10:57:24.627Z - INCOMING: /admin/messages | isRewritten: false | hasLocaleParam: false
2026-07-26T10:57:24.654Z - ADMIN PASSTHROUGH: /admin/messages
2026-07-26T10:57:24.803Z - INCOMING: /admin/messages | isRewritten: false | hasLocaleParam: false
2026-07-26T10:57:24.822Z - ADMIN PASSTHROUGH: /admin/messages
2026-07-26T10:57:24.994Z - INCOMING: /admin/messages | isRewritten: false | hasLocaleParam: false
2026-07-26T10:57:25.025Z - ADMIN PASSTHROUGH: /admin/messages
2026-07-26T10:57:25.155Z - INCOMING: /admin/messages | isRewritten: false | hasLocaleParam: false
2026-07-26T10:57:25.173Z - ADMIN PASSTHROUGH: /admin/messages
2026-07-26T10:57:25.320Z - INCOMING: /admin/messages | isRewritten: false | hasLocaleParam: false
2026-07-26T10:57:25.345Z - ADMIN PASSTHROUGH: /admin/messages
2026-07-26T10:57:25.518Z - INCOMING: /admin/messages | isRewritten: false | hasLocaleParam: false
2026-07-26T10:57:25.536Z - ADMIN PASSTHROUGH: /admin/messages
2026-07-26T10:57:25.687Z - INCOMING: /admin/messages | isRewritten: false | hasLocaleParam: false
2026-07-26T10:57:25.712Z - ADMIN PASSTHROUGH: /admin/messages
2026-07-26T10:57:25.844Z - INCOMING: /admin/messages | isRewritten: false | hasLocaleParam: false
2026-07-26T10:57:25.884Z - ADMIN PASSTHROUGH: /admin/messages
2026-07-26T10:57:26.024Z - INCOMING: /admin/messages | isRewritten: false | hasLocaleParam: false
2026-07-26T10:57:26.044Z - ADMIN PASSTHROUGH: /admin/messages
2026-07-26T10:57:26.341Z - INCOMING: /admin/messages | isRewritten: false | hasLocaleParam: false
2026-07-26T10:57:26.373Z - ADMIN PASSTHROUGH: /admin/messages
2026-07-26T10:57:26.554Z - INCOMING: /admin/messages | isRewritten: false | hasLocaleParam: false
2026-07-26T10:57:26.574Z - ADMIN PASSTHROUGH: /admin/messages
2026-07-26T10:57:26.693Z - INCOMING: /admin/messages | isRewritten: false | hasLocaleParam: false
2026-07-26T10:57:26.727Z - ADMIN PASSTHROUGH: /admin/messages
2026-07-26T10:57:26.876Z - INCOMING: /admin/messages | isRewritten: false | hasLocaleParam: false
2026-07-26T10:57:26.893Z - ADMIN PASSTHROUGH: /admin/messages
2026-07-26T10:57:27.018Z - INCOMING: /admin/messages | isRewritten: false | hasLocaleParam: false
2026-07-26T10:57:27.038Z - ADMIN PASSTHROUGH: /admin/messages
2026-07-26T10:57:27.203Z - INCOMING: /admin/messages | isRewritten: false | hasLocaleParam: false
2026-07-26T10:57:27.224Z - ADMIN PASSTHROUGH: /admin/messages
2026-07-26T10:57:27.400Z - INCOMING: /admin/messages | isRewritten: false | hasLocaleParam: false
2026-07-26T10:57:27.416Z - ADMIN PASSTHROUGH: /admin/messages
2026-07-26T10:57:27.550Z - INCOMING: /admin/messages | isRewritten: false | hasLocaleParam: false
2026-07-26T10:57:27.570Z - ADMIN PASSTHROUGH: /admin/messages
2026-07-26T10:57:27.692Z - INCOMING: /admin/messages | isRewritten: false | hasLocaleParam: false
2026-07-26T10:57:27.717Z - ADMIN PASSTHROUGH: /admin/messages
2026-07-26T10:57:27.869Z - INCOMING: /admin/messages | isRewritten: false | hasLocaleParam: false
2026-07-26T10:57:27.888Z - ADMIN PASSTHROUGH: /admin/messages
2026-07-26T10:57:28.026Z - INCOMING: /admin/messages | isRewritten: false | hasLocaleParam: false
2026-07-26T10:57:28.048Z - ADMIN PASSTHROUGH: /admin/messages
2026-07-26T10:57:28.215Z - INCOMING: /admin/messages | isRewritten: false | hasLocaleParam: false
2026-07-26T10:57:28.240Z - ADMIN PASSTHROUGH: /admin/messages
2026-07-26T10:57:28.373Z - INCOMING: /admin/messages | isRewritten: false | hasLocaleParam: false
2026-07-26T10:57:28.391Z - ADMIN PASSTHROUGH: /admin/messages
2026-07-26T10:57:28.494Z - INCOMING: /admin/messages | isRewritten: false | hasLocaleParam: false
2026-07-26T10:57:28.530Z - ADMIN PASSTHROUGH: /admin/messages
2026-07-26T10:57:28.674Z - INCOMING: /admin/messages | isRewritten: false | hasLocaleParam: false
2026-07-26T10:57:28.707Z - ADMIN PASSTHROUGH: /admin/messages
2026-07-26T10:57:28.848Z - INCOMING: /admin/messages | isRewritten: false | hasLocaleParam: false
2026-07-26T10:57:28.869Z - ADMIN PASSTHROUGH: /admin/messages
2026-07-26T10:57:29.054Z - INCOMING: /admin/messages | isRewritten: false | hasLocaleParam: false
2026-07-26T10:57:29.076Z - ADMIN PASSTHROUGH: /admin/messages
2026-07-26T10:57:29.208Z - INCOMING: /admin/messages | isRewritten: false | hasLocaleParam: false
2026-07-26T10:57:29.228Z - ADMIN PASSTHROUGH: /admin/messages
2026-07-26T10:57:29.361Z - INCOMING: /admin/messages | isRewritten: false | hasLocaleParam: false
2026-07-26T10:57:29.380Z - ADMIN PASSTHROUGH: /admin/messages
2026-07-26T10:57:29.453Z - INCOMING: /admin/messages | isRewritten: false | hasLocaleParam: false
2026-07-26T10:57:29.471Z - ADMIN PASSTHROUGH: /admin/messages
2026-07-26T10:57:29.708Z - INCOMING: /admin/messages | isRewritten: false | hasLocaleParam: false
2026-07-26T10:57:29.730Z - ADMIN PASSTHROUGH: /admin/messages
2026-07-26T10:57:29.923Z - INCOMING: /admin/messages | isRewritten: false | hasLocaleParam: false
2026-07-26T10:57:29.946Z - ADMIN PASSTHROUGH: /admin/messages
2026-07-26T10:57:30.213Z - INCOMING: /admin/messages | isRewritten: false | hasLocaleParam: false
2026-07-26T10:57:30.234Z - ADMIN PASSTHROUGH: /admin/messages
2026-07-26T10:57:30.270Z - INCOMING: /admin/messages | isRewritten: false | hasLocaleParam: false
2026-07-26T10:57:30.292Z - ADMIN PASSTHROUGH: /admin/messages
2026-07-26T10:57:30.440Z - INCOMING: /admin/messages | isRewritten: false | hasLocaleParam: false
2026-07-26T10:57:30.462Z - ADMIN PASSTHROUGH: /admin/messages
2026-07-26T10:57:30.609Z - INCOMING: /admin/messages | isRewritten: false | hasLocaleParam: false
2026-07-26T10:57:30.640Z - ADMIN PASSTHROUGH: /admin/messages
2026-07-26T10:57:30.836Z - INCOMING: /admin/messages | isRewritten: false | hasLocaleParam: false
2026-07-26T10:57:30.866Z - ADMIN PASSTHROUGH: /admin/messages
2026-07-26T10:57:31.015Z - INCOMING: /admin/messages | isRewritten: false | hasLocaleParam: false
2026-07-26T10:57:31.033Z - ADMIN PASSTHROUGH: /admin/messages
2026-07-26T10:57:31.141Z - INCOMING: /admin/messages | isRewritten: false | hasLocaleParam: false
2026-07-26T10:57:31.161Z - ADMIN PASSTHROUGH: /admin/messages
2026-07-26T10:57:31.322Z - INCOMING: /admin/messages | isRewritten: false | hasLocaleParam: false
2026-07-26T10:57:31.347Z - ADMIN PASSTHROUGH: /admin/messages
2026-07-26T10:57:31.480Z - INCOMING: /admin/messages | isRewritten: false | hasLocaleParam: false
2026-07-26T10:57:31.504Z - ADMIN PASSTHROUGH: /admin/messages
2026-07-26T10:57:31.682Z - INCOMING: /admin/messages | isRewritten: false | hasLocaleParam: false
2026-07-26T10:57:31.712Z - ADMIN PASSTHROUGH: /admin/messages
2026-07-26T10:57:31.864Z - INCOMING: /admin/messages | isRewritten: false | hasLocaleParam: false
2026-07-26T10:57:31.883Z - ADMIN PASSTHROUGH: /admin/messages
2026-07-26T10:57:32.017Z - INCOMING: /admin/messages | isRewritten: false | hasLocaleParam: false
2026-07-26T10:57:32.036Z - ADMIN PASSTHROUGH: /admin/messages
2026-07-26T10:57:32.074Z - INCOMING: /admin/messages | isRewritten: false | hasLocaleParam: false
2026-07-26T10:57:32.176Z - ADMIN PASSTHROUGH: /admin/messages
2026-07-26T10:57:32.332Z - INCOMING: /admin/messages | isRewritten: false | hasLocaleParam: false
2026-07-26T10:57:32.354Z - ADMIN PASSTHROUGH: /admin/messages
2026-07-26T10:57:32.598Z - INCOMING: /admin/messages | isRewritten: false | hasLocaleParam: false
2026-07-26T10:57:32.657Z - ADMIN PASSTHROUGH: /admin/messages
2026-07-26T10:57:32.831Z - INCOMING: /admin/messages | isRewritten: false | hasLocaleParam: false
2026-07-26T10:57:32.859Z - ADMIN PASSTHROUGH: /admin/messages
2026-07-26T10:57:32.984Z - INCOMING: /admin/messages | isRewritten: false | hasLocaleParam: false
2026-07-26T10:57:33.017Z - ADMIN PASSTHROUGH: /admin/messages
2026-07-26T10:57:33.150Z - INCOMING: /admin/messages | isRewritten: false | hasLocaleParam: false
2026-07-26T10:57:33.170Z - ADMIN PASSTHROUGH: /admin/messages
2026-07-26T10:57:33.335Z - INCOMING: /admin/messages | isRewritten: false | hasLocaleParam: false
2026-07-26T10:57:33.371Z - ADMIN PASSTHROUGH: /admin/messages
2026-07-26T10:57:33.523Z - INCOMING: /admin/messages | isRewritten: false | hasLocaleParam: false
2026-07-26T10:57:33.545Z - ADMIN PASSTHROUGH: /admin/messages
2026-07-26T10:57:33.774Z - INCOMING: /admin/messages | isRewritten: false | hasLocaleParam: false
2026-07-26T10:57:33.796Z - ADMIN PASSTHROUGH: /admin/messages
2026-07-26T10:57:33.934Z - ADMIN PASSTHROUGH: /admin/messages
2026-07-26T10:57:33.953Z - INCOMING: /admin/messages | isRewritten: false | hasLocaleParam: false
2026-07-26T10:57:33.995Z - INCOMING: /admin/messages | isRewritten: false | hasLocaleParam: false
2026-07-26T10:57:34.108Z - ADMIN PASSTHROUGH: /admin/messages
2026-07-26T10:57:34.266Z - INCOMING: /admin/messages | isRewritten: false | hasLocaleParam: false
2026-07-26T10:57:34.293Z - ADMIN PASSTHROUGH: /admin/messages
2026-07-26T10:57:34.447Z - INCOMING: /admin/messages | isRewritten: false | hasLocaleParam: false
2026-07-26T10:57:34.490Z - ADMIN PASSTHROUGH: /admin/messages
2026-07-26T10:57:34.639Z - INCOMING: /admin/messages | isRewritten: false | hasLocaleParam: false
2026-07-26T10:57:34.661Z - ADMIN PASSTHROUGH: /admin/messages
2026-07-26T10:57:34.797Z - INCOMING: /admin/messages | isRewritten: false | hasLocaleParam: false
2026-07-26T10:57:34.829Z - ADMIN PASSTHROUGH: /admin/messages
2026-07-26T10:57:34.968Z - INCOMING: /admin/messages | isRewritten: false | hasLocaleParam: false
2026-07-26T10:57:34.989Z - ADMIN PASSTHROUGH: /admin/messages
2026-07-26T10:57:35.180Z - INCOMING: /admin/messages | isRewritten: false | hasLocaleParam: false
2026-07-26T10:57:35.198Z - ADMIN PASSTHROUGH: /admin/messages
2026-07-26T10:57:35.369Z - INCOMING: /admin/messages | isRewritten: false | hasLocaleParam: false
2026-07-26T10:57:35.398Z - ADMIN PASSTHROUGH: /admin/messages
2026-07-26T10:57:35.473Z - INCOMING: /admin/messages | isRewritten: false | hasLocaleParam: false
2026-07-26T10:57:35.515Z - ADMIN PASSTHROUGH: /admin/messages
2026-07-26T10:57:35.589Z - INCOMING: /admin/messages | isRewritten: false | hasLocaleParam: false
2026-07-26T10:57:35.615Z - ADMIN PASSTHROUGH: /admin/messages
2026-07-26T10:57:35.661Z - INCOMING: /admin/messages | isRewritten: false | hasLocaleParam: false
2026-07-26T10:57:35.707Z - ADMIN PASSTHROUGH: /admin/messages
2026-07-26T10:57:35.817Z - INCOMING: /admin/messages | isRewritten: false | hasLocaleParam: false
2026-07-26T10:57:36.182Z - ADMIN PASSTHROUGH: /admin/messages
2026-07-26T10:57:36.511Z - INCOMING: /admin/messages | isRewritten: false | hasLocaleParam: false
2026-07-26T10:57:36.540Z - ADMIN PASSTHROUGH: /admin/messages
2026-07-26T10:57:36.871Z - INCOMING: /admin/messages | isRewritten: false | hasLocaleParam: false
2026-07-26T10:57:36.895Z - ADMIN PASSTHROUGH: /admin/messages
2026-07-26T10:57:37.028Z - INCOMING: /admin/messages | isRewritten: false | hasLocaleParam: false
2026-07-26T10:57:37.051Z - ADMIN PASSTHROUGH: /admin/messages
2026-07-26T10:57:37.136Z - ADMIN PASSTHROUGH: /admin/messages
2026-07-26T10:57:37.170Z - INCOMING: /admin/messages | isRewritten: false | hasLocaleParam: false
2026-07-26T10:57:37.303Z - INCOMING: /admin/messages | isRewritten: false | hasLocaleParam: false
2026-07-26T10:57:37.322Z - ADMIN PASSTHROUGH: /admin/messages
2026-07-26T10:57:37.445Z - INCOMING: /admin/messages | isRewritten: false | hasLocaleParam: false
2026-07-26T10:57:37.464Z - ADMIN PASSTHROUGH: /admin/messages
2026-07-26T10:57:37.836Z - INCOMING: /admin/messages | isRewritten: false | hasLocaleParam: false
2026-07-26T10:57:37.887Z - ADMIN PASSTHROUGH: /admin/messages
2026-07-26T10:57:38.100Z - INCOMING: /admin/reviews | isRewritten: false | hasLocaleParam: false
2026-07-26T10:57:38.123Z - ADMIN PASSTHROUGH: /admin/reviews
2026-07-26T10:57:38.593Z - INCOMING: /admin/reviews | isRewritten: false | hasLocaleParam: false
2026-07-26T10:57:38.616Z - ADMIN PASSTHROUGH: /admin/reviews
2026-07-26T10:57:38.812Z - INCOMING: /admin/reviews | isRewritten: false | hasLocaleParam: false
2026-07-26T10:57:38.836Z - ADMIN PASSTHROUGH: /admin/reviews
2026-07-26T10:57:47.612Z - REWRITE: /ar -> /?__locale=ar
2026-07-26T10:57:47.679Z - INCOMING: /ar | isRewritten: false | hasLocaleParam: false
2026-07-26T10:57:47.797Z - INCOMING: /admin/reviews | isRewritten: false | hasLocaleParam: false
2026-07-26T10:57:47.872Z - ADMIN PASSTHROUGH: /admin/reviews
2026-07-26T10:57:48.621Z - INCOMING: /ar | isRewritten: false | hasLocaleParam: false
2026-07-26T10:57:48.643Z - REWRITE: /ar -> /?__locale=ar
2026-07-26T10:57:49.177Z - INCOMING: /ar | isRewritten: false | hasLocaleParam: false
2026-07-26T10:57:49.197Z - REWRITE: /ar -> /?__locale=ar
2026-07-26T10:57:49.713Z - INCOMING: /admin/reviews | isRewritten: false | hasLocaleParam: false
2026-07-26T10:57:49.733Z - ADMIN PASSTHROUGH: /admin/reviews
2026-07-26T10:57:50.184Z - REWRITE: /ar -> /?__locale=ar
2026-07-26T10:57:50.204Z - INCOMING: /ar | isRewritten: false | hasLocaleParam: false
2026-07-26T10:57:50.590Z - INCOMING: /ar | isRewritten: false | hasLocaleParam: false
2026-07-26T10:57:50.609Z - REWRITE: /ar -> /?__locale=ar
2026-07-26T10:57:50.629Z - INCOMING: /ar | isRewritten: false | hasLocaleParam: false
2026-07-26T10:57:50.649Z - REWRITE: /ar -> /?__locale=ar
2026-07-26T10:57:50.986Z - INCOMING: /ar | isRewritten: false | hasLocaleParam: false
2026-07-26T10:57:51.006Z - REWRITE: /ar -> /?__locale=ar
2026-07-26T10:57:51.059Z - INCOMING: /ar | isRewritten: false | hasLocaleParam: false
2026-07-26T10:57:51.087Z - REWRITE: /ar -> /?__locale=ar
2026-07-26T10:57:51.107Z - INCOMING: /ar | isRewritten: false | hasLocaleParam: false
2026-07-26T10:57:51.128Z - REWRITE: /ar -> /?__locale=ar
2026-07-26T10:57:51.151Z - REWRITE: /ar -> /?__locale=ar
2026-07-26T10:57:51.172Z - REWRITE: /ar -> /?__locale=ar
2026-07-26T10:57:51.193Z - REWRITE: /ar -> /?__locale=ar
2026-07-26T10:57:51.294Z - INCOMING: /ar | isRewritten: false | hasLocaleParam: false
2026-07-26T10:57:51.314Z - REWRITE: /ar -> /?__locale=ar
2026-07-26T10:57:51.336Z - INCOMING: /ar | isRewritten: false | hasLocaleParam: false
2026-07-26T10:57:51.360Z - REWRITE: /ar -> /?__locale=ar
2026-07-26T10:57:51.381Z - INCOMING: /ar | isRewritten: false | hasLocaleParam: false
2026-07-26T10:57:51.402Z - REWRITE: /ar -> /?__locale=ar
2026-07-26T10:57:51.424Z - INCOMING: /ar | isRewritten: false | hasLocaleParam: false
2026-07-26T10:57:51.451Z - INCOMING: /ar | isRewritten: false | hasLocaleParam: false
2026-07-26T10:57:51.477Z - REWRITE: /ar -> /?__locale=ar
2026-07-26T10:57:51.500Z - INCOMING: /ar | isRewritten: false | hasLocaleParam: false
2026-07-26T10:57:51.526Z - INCOMING: /ar | isRewritten: false | hasLocaleParam: false
2026-07-26T10:57:51.561Z - INCOMING: /admin/reviews | isRewritten: false | hasLocaleParam: false
2026-07-26T10:57:51.650Z - ADMIN PASSTHROUGH: /admin/reviews
2026-07-26T10:57:51.754Z - ADMIN PASSTHROUGH: /admin/reviews
2026-07-26T10:57:51.790Z - INCOMING: /admin/reviews | isRewritten: false | hasLocaleParam: false
2026-07-26T10:57:51.831Z - ADMIN PASSTHROUGH: /admin/reviews
2026-07-26T10:57:51.866Z - INCOMING: /admin/reviews | isRewritten: false | hasLocaleParam: false
2026-07-26T10:57:52.180Z - INCOMING: /admin/reviews | isRewritten: false | hasLocaleParam: false
2026-07-26T10:57:52.202Z - ADMIN PASSTHROUGH: /admin/reviews
2026-07-26T10:57:52.604Z - INCOMING: /admin/reviews | isRewritten: false | hasLocaleParam: false
2026-07-26T10:57:52.637Z - ADMIN PASSTHROUGH: /admin/reviews
2026-07-26T10:57:53.277Z - INCOMING: /admin/reviews | isRewritten: false | hasLocaleParam: false
2026-07-26T10:57:53.299Z - ADMIN PASSTHROUGH: /admin/reviews
2026-07-26T10:57:53.321Z - INCOMING: /admin/reviews | isRewritten: false | hasLocaleParam: false
2026-07-26T10:57:53.361Z - ADMIN PASSTHROUGH: /admin/reviews
2026-07-26T10:57:53.395Z - INCOMING: /admin/reviews | isRewritten: false | hasLocaleParam: false
2026-07-26T10:57:53.424Z - ADMIN PASSTHROUGH: /admin/reviews
2026-07-26T10:57:53.463Z - INCOMING: /admin/reviews | isRewritten: false | hasLocaleParam: false
2026-07-26T10:57:53.487Z - ADMIN PASSTHROUGH: /admin/reviews
2026-07-26T10:57:53.505Z - INCOMING: /admin/reviews | isRewritten: false | hasLocaleParam: false
2026-07-26T10:57:53.527Z - ADMIN PASSTHROUGH: /admin/reviews
2026-07-26T10:57:53.549Z - INCOMING: /admin/reviews | isRewritten: false | hasLocaleParam: false
2026-07-26T10:57:53.569Z - ADMIN PASSTHROUGH: /admin/reviews
2026-07-26T10:57:53.590Z - INCOMING: /admin/reviews | isRewritten: false | hasLocaleParam: false
2026-07-26T10:57:53.612Z - ADMIN PASSTHROUGH: /admin/reviews
2026-07-26T10:57:53.660Z - INCOMING: /admin/reviews | isRewritten: false | hasLocaleParam: false
2026-07-26T10:57:53.679Z - ADMIN PASSTHROUGH: /admin/reviews
2026-07-26T10:57:53.703Z - INCOMING: /admin/reviews | isRewritten: false | hasLocaleParam: false
2026-07-26T10:57:53.722Z - ADMIN PASSTHROUGH: /admin/reviews
2026-07-26T10:57:53.761Z - INCOMING: /admin/reviews | isRewritten: false | hasLocaleParam: false
2026-07-26T10:57:53.790Z - ADMIN PASSTHROUGH: /admin/reviews
2026-07-26T10:58:51.217Z - INCOMING: /admin/reviews | isRewritten: false | hasLocaleParam: false
2026-07-26T10:58:51.369Z - ADMIN PASSTHROUGH: /admin/reviews
2026-07-26T10:58:51.444Z - INCOMING: /ar | isRewritten: false | hasLocaleParam: false
2026-07-26T10:58:51.473Z - REWRITE: /ar -> /?__locale=ar
2026-07-26T10:59:22.131Z - INCOMING: /ar | isRewritten: false | hasLocaleParam: false
2026-07-26T10:59:22.150Z - REWRITE: /ar -> /?__locale=ar
2026-07-26T10:59:48.986Z - INCOMING: /ar | isRewritten: false | hasLocaleParam: false
2026-07-26T10:59:49.035Z - REWRITE: /ar -> /?__locale=ar
2026-07-26T10:59:49.281Z - INCOMING: /admin/reviews | isRewritten: false | hasLocaleParam: false
2026-07-26T10:59:49.312Z - ADMIN PASSTHROUGH: /admin/reviews
2026-07-26T11:01:12.258Z - INCOMING: /admin/reviews | isRewritten: false | hasLocaleParam: false
2026-07-26T11:01:12.276Z - ADMIN PASSTHROUGH: /admin/reviews
2026-07-26T11:01:29.030Z - INCOMING: /ar | isRewritten: false | hasLocaleParam: false
2026-07-26T11:01:29.054Z - REWRITE: /ar -> /?__locale=ar
2026-07-26T11:01:29.365Z - ADMIN PASSTHROUGH: /admin/reviews
2026-07-26T11:01:29.503Z - INCOMING: /admin/reviews | isRewritten: false | hasLocaleParam: false
2026-07-26T11:01:36.637Z - INCOMING: /ar | isRewritten: false | hasLocaleParam: false
2026-07-26T11:01:36.657Z - REWRITE: /ar -> /?__locale=ar
2026-07-26T11:02:59.163Z - INCOMING: /ar | isRewritten: false | hasLocaleParam: false
2026-07-26T11:02:59.193Z - REWRITE: /ar -> /?__locale=ar
2026-07-26T11:02:59.336Z - INCOMING: /admin/reviews | isRewritten: false | hasLocaleParam: false
2026-07-26T11:02:59.373Z - ADMIN PASSTHROUGH: /admin/reviews
2026-07-26T11:05:17.530Z - INCOMING: /admin/reviews | isRewritten: false | hasLocaleParam: false
2026-07-26T11:05:17.865Z - ADMIN PASSTHROUGH: /admin/reviews
2026-07-26T11:05:18.002Z - REWRITE: /ar -> /?__locale=ar
2026-07-26T11:05:18.066Z - INCOMING: /ar | isRewritten: false | hasLocaleParam: false
2026-07-26T11:05:18.340Z - INCOMING: /admin/reviews | isRewritten: false | hasLocaleParam: false
2026-07-26T11:05:18.361Z - ADMIN PASSTHROUGH: /admin/reviews
2026-07-26T11:05:18.403Z - INCOMING: /ar | isRewritten: false | hasLocaleParam: false
2026-07-26T11:05:18.424Z - REWRITE: /ar -> /?__locale=ar
2026-07-26T11:05:36.434Z - INCOMING: /ar | isRewritten: false | hasLocaleParam: false
2026-07-26T11:05:36.456Z - REWRITE: /ar -> /?__locale=ar
2026-07-26T11:05:36.478Z - INCOMING: /admin/reviews | isRewritten: false | hasLocaleParam: false
2026-07-26T11:05:36.497Z - ADMIN PASSTHROUGH: /admin/reviews
2026-07-26T11:05:38.797Z - INCOMING: /admin/reviews | isRewritten: false | hasLocaleParam: false
2026-07-26T11:05:38.833Z - ADMIN PASSTHROUGH: /admin/reviews
2026-07-26T11:05:38.972Z - INCOMING: /admin/reviews | isRewritten: false | hasLocaleParam: false
2026-07-26T11:05:39.016Z - ADMIN PASSTHROUGH: /admin/reviews
2026-07-26T11:05:51.752Z - REWRITE: /ar -> /?__locale=ar
2026-07-26T11:05:51.949Z - INCOMING: /ar | isRewritten: false | hasLocaleParam: false
2026-07-26T11:05:51.968Z - INCOMING: /admin/reviews | isRewritten: false | hasLocaleParam: false
2026-07-26T11:05:51.988Z - ADMIN PASSTHROUGH: /admin/reviews
2026-07-26T11:05:52.319Z - INCOMING: /ar | isRewritten: false | hasLocaleParam: false
2026-07-26T11:05:52.338Z - REWRITE: /ar -> /?__locale=ar
2026-07-26T11:05:52.762Z - INCOMING: /ar | isRewritten: false | hasLocaleParam: false
2026-07-26T11:05:52.781Z - REWRITE: /ar -> /?__locale=ar
2026-07-26T11:05:53.274Z - INCOMING: /admin/reviews | isRewritten: false | hasLocaleParam: false
2026-07-26T11:05:53.304Z - ADMIN PASSTHROUGH: /admin/reviews
2026-07-26T11:05:53.409Z - INCOMING: /ar | isRewritten: false | hasLocaleParam: false
2026-07-26T11:05:53.429Z - REWRITE: /ar -> /?__locale=ar
2026-07-26T11:05:53.674Z - INCOMING: /admin/reviews | isRewritten: false | hasLocaleParam: false
2026-07-26T11:05:53.695Z - INCOMING: /admin/reviews | isRewritten: false | hasLocaleParam: false
2026-07-26T11:05:53.716Z - ADMIN PASSTHROUGH: /admin/reviews
2026-07-26T11:05:53.737Z - ADMIN PASSTHROUGH: /admin/reviews
2026-07-26T11:05:53.969Z - INCOMING: /admin/reviews | isRewritten: false | hasLocaleParam: false
2026-07-26T11:05:53.990Z - ADMIN PASSTHROUGH: /admin/reviews
2026-07-26T11:05:54.142Z - INCOMING: /admin/reviews | isRewritten: false | hasLocaleParam: false
2026-07-26T11:05:54.165Z - ADMIN PASSTHROUGH: /admin/reviews
2026-07-26T11:05:54.477Z - INCOMING: /admin/reviews | isRewritten: false | hasLocaleParam: false
2026-07-26T11:05:54.497Z - ADMIN PASSTHROUGH: /admin/reviews
2026-07-26T11:05:54.517Z - INCOMING: /admin/reviews | isRewritten: false | hasLocaleParam: false
2026-07-26T11:05:54.537Z - ADMIN PASSTHROUGH: /admin/reviews
2026-07-26T11:05:54.790Z - INCOMING: /admin/reviews | isRewritten: false | hasLocaleParam: false
2026-07-26T11:05:54.810Z - ADMIN PASSTHROUGH: /admin/reviews
2026-07-26T11:05:54.852Z - INCOMING: /admin/reviews | isRewritten: false | hasLocaleParam: false
2026-07-26T11:05:54.877Z - ADMIN PASSTHROUGH: /admin/reviews
2026-07-26T11:05:55.224Z - INCOMING: /admin/reviews | isRewritten: false | hasLocaleParam: false
2026-07-26T11:05:55.263Z - ADMIN PASSTHROUGH: /admin/reviews
2026-07-26T11:05:55.308Z - INCOMING: /admin/reviews | isRewritten: false | hasLocaleParam: false
2026-07-26T11:05:55.326Z - ADMIN PASSTHROUGH: /admin/reviews
2026-07-26T11:05:55.492Z - INCOMING: /admin/reviews | isRewritten: false | hasLocaleParam: false
2026-07-26T11:05:55.521Z - ADMIN PASSTHROUGH: /admin/reviews
2026-07-26T11:05:55.679Z - INCOMING: /admin/reviews | isRewritten: false | hasLocaleParam: false
2026-07-26T11:05:55.697Z - ADMIN PASSTHROUGH: /admin/reviews
2026-07-26T11:05:55.947Z - INCOMING: /admin/reviews | isRewritten: false | hasLocaleParam: false
2026-07-26T11:05:55.965Z - ADMIN PASSTHROUGH: /admin/reviews
2026-07-26T11:05:56.008Z - INCOMING: /admin/reviews | isRewritten: false | hasLocaleParam: false
2026-07-26T11:05:56.025Z - ADMIN PASSTHROUGH: /admin/reviews
2026-07-26T11:05:56.211Z - INCOMING: /admin/reviews | isRewritten: false | hasLocaleParam: false
2026-07-26T11:05:56.229Z - ADMIN PASSTHROUGH: /admin/reviews
2026-07-26T11:05:56.279Z - INCOMING: /admin/reviews | isRewritten: false | hasLocaleParam: false
2026-07-26T11:05:56.383Z - ADMIN PASSTHROUGH: /admin/reviews
2026-07-26T11:05:56.637Z - INCOMING: /admin/reviews | isRewritten: false | hasLocaleParam: false
2026-07-26T11:05:56.656Z - ADMIN PASSTHROUGH: /admin/reviews
2026-07-26T11:05:56.674Z - INCOMING: /admin/reviews | isRewritten: false | hasLocaleParam: false
2026-07-26T11:05:56.723Z - ADMIN PASSTHROUGH: /admin/reviews
2026-07-26T11:05:56.920Z - INCOMING: /admin/reviews | isRewritten: false | hasLocaleParam: false
2026-07-26T11:05:56.950Z - ADMIN PASSTHROUGH: /admin/reviews
2026-07-26T11:05:57.106Z - INCOMING: /admin/reviews | isRewritten: false | hasLocaleParam: false
2026-07-26T11:05:57.126Z - ADMIN PASSTHROUGH: /admin/reviews
2026-07-26T11:05:57.277Z - INCOMING: /admin/reviews | isRewritten: false | hasLocaleParam: false
2026-07-26T11:05:57.295Z - ADMIN PASSTHROUGH: /admin/reviews
2026-07-26T11:05:57.550Z - INCOMING: /admin/reviews | isRewritten: false | hasLocaleParam: false
2026-07-26T11:05:57.574Z - ADMIN PASSTHROUGH: /admin/reviews
2026-07-26T11:05:57.591Z - INCOMING: /admin/reviews | isRewritten: false | hasLocaleParam: false
2026-07-26T11:05:57.633Z - ADMIN PASSTHROUGH: /admin/reviews
2026-07-26T11:05:57.803Z - INCOMING: /admin/reviews | isRewritten: false | hasLocaleParam: false
2026-07-26T11:05:57.838Z - ADMIN PASSTHROUGH: /admin/reviews
2026-07-26T11:05:57.959Z - INCOMING: /admin/reviews | isRewritten: false | hasLocaleParam: false
2026-07-26T11:05:57.976Z - ADMIN PASSTHROUGH: /admin/reviews
2026-07-26T11:05:58.142Z - INCOMING: /admin/reviews | isRewritten: false | hasLocaleParam: false
2026-07-26T11:05:58.162Z - ADMIN PASSTHROUGH: /admin/reviews
2026-07-26T11:05:58.407Z - INCOMING: /admin/reviews | isRewritten: false | hasLocaleParam: false
2026-07-26T11:05:58.424Z - ADMIN PASSTHROUGH: /admin/reviews
2026-07-26T11:05:58.472Z - INCOMING: /admin/reviews | isRewritten: false | hasLocaleParam: false
2026-07-26T11:05:58.491Z - ADMIN PASSTHROUGH: /admin/reviews
2026-07-26T11:05:58.676Z - INCOMING: /admin/reviews | isRewritten: false | hasLocaleParam: false
2026-07-26T11:05:58.695Z - ADMIN PASSTHROUGH: /admin/reviews
2026-07-26T11:05:58.747Z - INCOMING: /admin/reviews | isRewritten: false | hasLocaleParam: false
2026-07-26T11:05:58.868Z - ADMIN PASSTHROUGH: /admin/reviews
2026-07-26T11:05:59.038Z - INCOMING: /admin/reviews | isRewritten: false | hasLocaleParam: false
2026-07-26T11:05:59.057Z - ADMIN PASSTHROUGH: /admin/reviews
2026-07-26T11:05:59.329Z - INCOMING: /admin/reviews | isRewritten: false | hasLocaleParam: false
2026-07-26T11:05:59.357Z - ADMIN PASSTHROUGH: /admin/reviews
2026-07-26T11:05:59.393Z - INCOMING: /admin/reviews | isRewritten: false | hasLocaleParam: false
2026-07-26T11:05:59.411Z - ADMIN PASSTHROUGH: /admin/reviews
2026-07-26T11:05:59.614Z - INCOMING: /admin/reviews | isRewritten: false | hasLocaleParam: false
2026-07-26T11:05:59.643Z - ADMIN PASSTHROUGH: /admin/reviews
2026-07-26T11:05:59.802Z - INCOMING: /admin/reviews | isRewritten: false | hasLocaleParam: false
2026-07-26T11:05:59.821Z - ADMIN PASSTHROUGH: /admin/reviews
2026-07-26T11:05:59.977Z - INCOMING: /admin/reviews | isRewritten: false | hasLocaleParam: false
2026-07-26T11:05:59.996Z - ADMIN PASSTHROUGH: /admin/reviews
2026-07-26T11:06:00.146Z - INCOMING: /admin/reviews | isRewritten: false | hasLocaleParam: false
2026-07-26T11:06:00.165Z - ADMIN PASSTHROUGH: /admin/reviews
2026-07-26T11:06:00.371Z - INCOMING: /admin/reviews | isRewritten: false | hasLocaleParam: false
2026-07-26T11:06:00.419Z - ADMIN PASSTHROUGH: /admin/reviews
2026-07-26T11:06:00.690Z - INCOMING: /admin/reviews | isRewritten: false | hasLocaleParam: false
2026-07-26T11:06:00.711Z - ADMIN PASSTHROUGH: /admin/reviews
2026-07-26T11:06:00.901Z - INCOMING: /admin/reviews | isRewritten: false | hasLocaleParam: false
2026-07-26T11:06:00.921Z - ADMIN PASSTHROUGH: /admin/reviews
2026-07-26T11:06:01.084Z - INCOMING: /admin/reviews | isRewritten: false | hasLocaleParam: false
2026-07-26T11:06:01.101Z - ADMIN PASSTHROUGH: /admin/reviews
2026-07-26T11:06:01.363Z - INCOMING: /admin/reviews | isRewritten: false | hasLocaleParam: false
2026-07-26T11:06:01.379Z - ADMIN PASSTHROUGH: /admin/reviews
2026-07-26T11:06:01.508Z - INCOMING: /admin/reviews | isRewritten: false | hasLocaleParam: false
2026-07-26T11:06:01.526Z - ADMIN PASSTHROUGH: /admin/reviews
2026-07-26T11:06:01.728Z - INCOMING: /admin/reviews | isRewritten: false | hasLocaleParam: false
2026-07-26T11:06:01.748Z - ADMIN PASSTHROUGH: /admin/reviews
2026-07-26T11:06:01.897Z - INCOMING: /admin/reviews | isRewritten: false | hasLocaleParam: false
2026-07-26T11:06:01.915Z - ADMIN PASSTHROUGH: /admin/reviews
2026-07-26T11:06:02.063Z - INCOMING: /admin/reviews | isRewritten: false | hasLocaleParam: false
2026-07-26T11:06:02.081Z - ADMIN PASSTHROUGH: /admin/reviews
2026-07-26T11:06:02.235Z - INCOMING: /admin/reviews | isRewritten: false | hasLocaleParam: false
2026-07-26T11:06:02.259Z - ADMIN PASSTHROUGH: /admin/reviews
2026-07-26T11:06:02.303Z - INCOMING: /admin/reviews | isRewritten: false | hasLocaleParam: false
2026-07-26T11:06:02.324Z - ADMIN PASSTHROUGH: /admin/reviews
2026-07-26T11:06:02.630Z - INCOMING: /admin/reviews | isRewritten: false | hasLocaleParam: false
2026-07-26T11:06:02.651Z - ADMIN PASSTHROUGH: /admin/reviews
2026-07-26T11:06:02.784Z - INCOMING: /admin/reviews | isRewritten: false | hasLocaleParam: false
2026-07-26T11:06:02.809Z - ADMIN PASSTHROUGH: /admin/reviews
2026-07-26T11:06:02.972Z - INCOMING: /admin/reviews | isRewritten: false | hasLocaleParam: false
2026-07-26T11:06:02.989Z - ADMIN PASSTHROUGH: /admin/reviews
2026-07-26T11:06:03.128Z - INCOMING: /admin/reviews | isRewritten: false | hasLocaleParam: false
2026-07-26T11:06:03.157Z - ADMIN PASSTHROUGH: /admin/reviews
2026-07-26T11:06:03.310Z - INCOMING: /admin/reviews | isRewritten: false | hasLocaleParam: false
2026-07-26T11:06:03.329Z - ADMIN PASSTHROUGH: /admin/reviews
2026-07-26T11:06:03.525Z - INCOMING: /admin/reviews | isRewritten: false | hasLocaleParam: false
2026-07-26T11:06:03.556Z - ADMIN PASSTHROUGH: /admin/reviews
2026-07-26T11:06:03.678Z - INCOMING: /admin/reviews | isRewritten: false | hasLocaleParam: false
2026-07-26T11:06:03.695Z - ADMIN PASSTHROUGH: /admin/reviews
2026-07-26T11:06:03.842Z - INCOMING: /admin/reviews | isRewritten: false | hasLocaleParam: false
2026-07-26T11:06:03.863Z - ADMIN PASSTHROUGH: /admin/reviews
2026-07-26T11:06:04.058Z - INCOMING: /admin/reviews | isRewritten: false | hasLocaleParam: false
2026-07-26T11:06:04.081Z - ADMIN PASSTHROUGH: /admin/reviews
2026-07-26T11:06:04.235Z - INCOMING: /admin/reviews | isRewritten: false | hasLocaleParam: false
2026-07-26T11:06:04.270Z - ADMIN PASSTHROUGH: /admin/reviews
2026-07-26T11:06:04.600Z - INCOMING: /admin/reviews | isRewritten: false | hasLocaleParam: false
2026-07-26T11:06:04.620Z - ADMIN PASSTHROUGH: /admin/reviews
2026-07-26T11:06:04.665Z - INCOMING: /admin/reviews | isRewritten: false | hasLocaleParam: false
2026-07-26T11:06:04.701Z - ADMIN PASSTHROUGH: /admin/reviews
2026-07-26T11:06:04.860Z - INCOMING: /admin/reviews | isRewritten: false | hasLocaleParam: false
2026-07-26T11:06:04.878Z - ADMIN PASSTHROUGH: /admin/reviews
2026-07-26T11:06:05.029Z - INCOMING: /admin/reviews | isRewritten: false | hasLocaleParam: false
2026-07-26T11:06:05.046Z - ADMIN PASSTHROUGH: /admin/reviews
2026-07-26T11:06:05.224Z - INCOMING: /admin/reviews | isRewritten: false | hasLocaleParam: false
2026-07-26T11:06:05.261Z - ADMIN PASSTHROUGH: /admin/reviews
2026-07-26T11:06:05.605Z - INCOMING: /admin/reviews | isRewritten: false | hasLocaleParam: false
2026-07-26T11:06:05.623Z - ADMIN PASSTHROUGH: /admin/reviews
2026-07-26T11:06:05.667Z - INCOMING: /admin/reviews | isRewritten: false | hasLocaleParam: false
2026-07-26T11:06:05.691Z - ADMIN PASSTHROUGH: /admin/reviews
2026-07-26T11:06:05.855Z - INCOMING: /admin/reviews | isRewritten: false | hasLocaleParam: false
2026-07-26T11:06:05.875Z - ADMIN PASSTHROUGH: /admin/reviews
2026-07-26T11:06:06.048Z - INCOMING: /admin/reviews | isRewritten: false | hasLocaleParam: false
2026-07-26T11:06:06.066Z - ADMIN PASSTHROUGH: /admin/reviews
2026-07-26T11:06:06.219Z - INCOMING: /admin/reviews | isRewritten: false | hasLocaleParam: false
2026-07-26T11:06:06.251Z - ADMIN PASSTHROUGH: /admin/reviews
2026-07-26T11:06:06.553Z - INCOMING: /admin/reviews | isRewritten: false | hasLocaleParam: false
2026-07-26T11:06:06.573Z - ADMIN PASSTHROUGH: /admin/reviews
2026-07-26T11:06:06.634Z - INCOMING: /admin/reviews | isRewritten: false | hasLocaleParam: false
2026-07-26T11:06:06.657Z - ADMIN PASSTHROUGH: /admin/reviews
2026-07-26T11:06:07.953Z - INCOMING: /admin/reviews | isRewritten: false | hasLocaleParam: false
2026-07-26T11:06:07.971Z - ADMIN PASSTHROUGH: /admin/reviews
2026-07-26T11:06:07.994Z - INCOMING: /admin/reviews | isRewritten: false | hasLocaleParam: false
2026-07-26T11:06:08.016Z - ADMIN PASSTHROUGH: /admin/reviews
2026-07-26T11:06:08.280Z - INCOMING: /admin/reviews | isRewritten: false | hasLocaleParam: false
2026-07-26T11:06:08.313Z - ADMIN PASSTHROUGH: /admin/reviews
2026-07-26T11:06:08.586Z - INCOMING: /admin/reviews | isRewritten: false | hasLocaleParam: false
2026-07-26T11:06:08.614Z - ADMIN PASSTHROUGH: /admin/reviews
2026-07-26T11:06:09.100Z - INCOMING: /admin/reviews | isRewritten: false | hasLocaleParam: false
2026-07-26T11:06:09.120Z - ADMIN PASSTHROUGH: /admin/reviews
2026-07-26T11:06:09.139Z - INCOMING: /admin/reviews | isRewritten: false | hasLocaleParam: false
2026-07-26T11:06:09.160Z - ADMIN PASSTHROUGH: /admin/reviews
2026-07-26T11:06:09.357Z - INCOMING: /admin/reviews | isRewritten: false | hasLocaleParam: false
2026-07-26T11:06:09.376Z - ADMIN PASSTHROUGH: /admin/reviews
2026-07-26T11:06:09.511Z - INCOMING: /admin/reviews | isRewritten: false | hasLocaleParam: false
2026-07-26T11:06:09.529Z - ADMIN PASSTHROUGH: /admin/reviews
2026-07-26T11:06:09.718Z - INCOMING: /admin/reviews | isRewritten: false | hasLocaleParam: false
2026-07-26T11:06:09.747Z - ADMIN PASSTHROUGH: /admin/reviews
2026-07-26T11:06:10.016Z - INCOMING: /admin/reviews | isRewritten: false | hasLocaleParam: false
2026-07-26T11:06:10.034Z - ADMIN PASSTHROUGH: /admin/reviews
2026-07-26T11:06:10.052Z - INCOMING: /admin/reviews | isRewritten: false | hasLocaleParam: false
2026-07-26T11:06:10.085Z - ADMIN PASSTHROUGH: /admin/reviews
2026-07-26T11:06:10.244Z - INCOMING: /admin/reviews | isRewritten: false | hasLocaleParam: false
2026-07-26T11:06:10.261Z - ADMIN PASSTHROUGH: /admin/reviews
2026-07-26T11:06:10.383Z - INCOMING: /admin/reviews | isRewritten: false | hasLocaleParam: false
2026-07-26T11:06:10.400Z - ADMIN PASSTHROUGH: /admin/reviews
2026-07-26T11:06:10.678Z - INCOMING: /admin/reviews | isRewritten: false | hasLocaleParam: false
2026-07-26T11:06:10.700Z - ADMIN PASSTHROUGH: /admin/reviews
2026-07-26T11:06:10.885Z - INCOMING: /admin/reviews | isRewritten: false | hasLocaleParam: false
2026-07-26T11:06:10.911Z - ADMIN PASSTHROUGH: /admin/reviews
2026-07-26T11:06:11.038Z - INCOMING: /admin/reviews | isRewritten: false | hasLocaleParam: false
2026-07-26T11:06:11.053Z - ADMIN PASSTHROUGH: /admin/reviews
2026-07-26T11:06:11.219Z - INCOMING: /admin/reviews | isRewritten: false | hasLocaleParam: false
2026-07-26T11:06:11.235Z - ADMIN PASSTHROUGH: /admin/reviews
2026-07-26T11:06:11.365Z - INCOMING: /admin/reviews | isRewritten: false | hasLocaleParam: false
2026-07-26T11:06:11.384Z - ADMIN PASSTHROUGH: /admin/reviews
2026-07-26T11:06:11.587Z - INCOMING: /admin/reviews | isRewritten: false | hasLocaleParam: false
2026-07-26T11:06:11.620Z - ADMIN PASSTHROUGH: /admin/reviews
2026-07-26T11:06:11.910Z - INCOMING: /admin/reviews | isRewritten: false | hasLocaleParam: false
2026-07-26T11:06:11.928Z - ADMIN PASSTHROUGH: /admin/reviews
2026-07-26T11:06:11.970Z - INCOMING: /admin/reviews | isRewritten: false | hasLocaleParam: false
2026-07-26T11:06:11.986Z - ADMIN PASSTHROUGH: /admin/reviews
2026-07-26T11:06:12.130Z - INCOMING: /admin/reviews | isRewritten: false | hasLocaleParam: false
2026-07-26T11:06:12.148Z - ADMIN PASSTHROUGH: /admin/reviews
2026-07-26T11:06:12.278Z - INCOMING: /admin/reviews | isRewritten: false | hasLocaleParam: false
2026-07-26T11:06:12.297Z - ADMIN PASSTHROUGH: /admin/reviews
2026-07-26T11:06:12.471Z - INCOMING: /admin/reviews | isRewritten: false | hasLocaleParam: false
2026-07-26T11:06:12.490Z - ADMIN PASSTHROUGH: /admin/reviews
2026-07-26T11:06:12.652Z - INCOMING: /admin/reviews | isRewritten: false | hasLocaleParam: false
2026-07-26T11:06:12.669Z - ADMIN PASSTHROUGH: /admin/reviews
2026-07-26T11:06:12.808Z - INCOMING: /admin/reviews | isRewritten: false | hasLocaleParam: false
2026-07-26T11:06:12.825Z - ADMIN PASSTHROUGH: /admin/reviews
2026-07-26T11:06:12.965Z - INCOMING: /admin/reviews | isRewritten: false | hasLocaleParam: false
2026-07-26T11:06:12.982Z - ADMIN PASSTHROUGH: /admin/reviews
2026-07-26T11:06:13.139Z - INCOMING: /admin/reviews | isRewritten: false | hasLocaleParam: false
2026-07-26T11:06:13.180Z - ADMIN PASSTHROUGH: /admin/reviews
2026-07-26T11:06:13.351Z - INCOMING: /admin/reviews | isRewritten: false | hasLocaleParam: false
2026-07-26T11:06:13.381Z - ADMIN PASSTHROUGH: /admin/reviews
2026-07-26T11:06:13.513Z - INCOMING: /admin/reviews | isRewritten: false | hasLocaleParam: false
2026-07-26T11:06:13.532Z - ADMIN PASSTHROUGH: /admin/reviews
2026-07-26T11:06:13.667Z - INCOMING: /admin/reviews | isRewritten: false | hasLocaleParam: false
2026-07-26T11:06:13.686Z - ADMIN PASSTHROUGH: /admin/reviews
2026-07-26T11:06:13.820Z - INCOMING: /admin/reviews | isRewritten: false | hasLocaleParam: false
2026-07-26T11:06:13.837Z - ADMIN PASSTHROUGH: /admin/reviews
2026-07-26T11:06:13.988Z - INCOMING: /admin/reviews | isRewritten: false | hasLocaleParam: false
2026-07-26T11:06:14.004Z - ADMIN PASSTHROUGH: /admin/reviews
2026-07-26T11:06:14.211Z - INCOMING: /admin/reviews | isRewritten: false | hasLocaleParam: false
2026-07-26T11:06:14.243Z - ADMIN PASSTHROUGH: /admin/reviews
2026-07-26T11:06:14.390Z - INCOMING: /admin/reviews | isRewritten: false | hasLocaleParam: false
2026-07-26T11:06:14.411Z - ADMIN PASSTHROUGH: /admin/reviews
2026-07-26T11:06:14.564Z - INCOMING: /admin/reviews | isRewritten: false | hasLocaleParam: false
2026-07-26T11:06:14.585Z - ADMIN PASSTHROUGH: /admin/reviews
2026-07-26T11:06:14.709Z - INCOMING: /admin/reviews | isRewritten: false | hasLocaleParam: false
2026-07-26T11:06:14.757Z - ADMIN PASSTHROUGH: /admin/reviews
2026-07-26T11:06:14.934Z - INCOMING: /admin/reviews | isRewritten: false | hasLocaleParam: false
2026-07-26T11:06:14.975Z - ADMIN PASSTHROUGH: /admin/reviews
2026-07-26T11:06:15.264Z - INCOMING: /admin/reviews | isRewritten: false | hasLocaleParam: false
2026-07-26T11:06:15.283Z - ADMIN PASSTHROUGH: /admin/reviews
2026-07-26T11:06:15.319Z - INCOMING: /admin/reviews | isRewritten: false | hasLocaleParam: false
2026-07-26T11:06:15.359Z - ADMIN PASSTHROUGH: /admin/reviews
2026-07-26T11:06:15.491Z - INCOMING: /admin/reviews | isRewritten: false | hasLocaleParam: false
2026-07-26T11:06:15.517Z - ADMIN PASSTHROUGH: /admin/reviews
2026-07-26T11:06:15.642Z - INCOMING: /admin/reviews | isRewritten: false | hasLocaleParam: false
2026-07-26T11:06:15.659Z - ADMIN PASSTHROUGH: /admin/reviews
2026-07-26T11:06:15.828Z - INCOMING: /admin/reviews | isRewritten: false | hasLocaleParam: false
2026-07-26T11:06:15.844Z - ADMIN PASSTHROUGH: /admin/reviews
2026-07-26T11:06:16.119Z - INCOMING: /admin/reviews | isRewritten: false | hasLocaleParam: false
2026-07-26T11:06:16.137Z - ADMIN PASSTHROUGH: /admin/reviews
2026-07-26T11:06:16.178Z - INCOMING: /admin/reviews | isRewritten: false | hasLocaleParam: false
2026-07-26T11:06:16.196Z - ADMIN PASSTHROUGH: /admin/reviews
2026-07-26T11:06:16.365Z - INCOMING: /admin/reviews | isRewritten: false | hasLocaleParam: false
2026-07-26T11:06:16.384Z - ADMIN PASSTHROUGH: /admin/reviews
2026-07-26T11:06:16.535Z - INCOMING: /admin/reviews | isRewritten: false | hasLocaleParam: false
2026-07-26T11:06:16.555Z - ADMIN PASSTHROUGH: /admin/reviews
2026-07-26T11:06:16.749Z - INCOMING: /admin/reviews | isRewritten: false | hasLocaleParam: false
2026-07-26T11:06:16.769Z - ADMIN PASSTHROUGH: /admin/reviews
2026-07-26T11:06:16.956Z - INCOMING: /admin/reviews | isRewritten: false | hasLocaleParam: false
2026-07-26T11:06:16.975Z - ADMIN PASSTHROUGH: /admin/reviews
2026-07-26T11:06:17.125Z - INCOMING: /admin/reviews | isRewritten: false | hasLocaleParam: false
2026-07-26T11:06:17.144Z - ADMIN PASSTHROUGH: /admin/reviews
2026-07-26T11:06:17.299Z - INCOMING: /admin/reviews | isRewritten: false | hasLocaleParam: false
2026-07-26T11:06:17.320Z - ADMIN PASSTHROUGH: /admin/reviews
2026-07-26T11:06:17.442Z - INCOMING: /admin/reviews | isRewritten: false | hasLocaleParam: false
2026-07-26T11:06:17.458Z - ADMIN PASSTHROUGH: /admin/reviews
2026-07-26T11:06:17.641Z - INCOMING: /admin/reviews | isRewritten: false | hasLocaleParam: false
2026-07-26T11:06:17.667Z - ADMIN PASSTHROUGH: /admin/reviews
2026-07-26T11:06:17.834Z - INCOMING: /admin/reviews | isRewritten: false | hasLocaleParam: false
2026-07-26T11:06:17.852Z - ADMIN PASSTHROUGH: /admin/reviews
2026-07-26T11:06:18.011Z - INCOMING: /admin/reviews | isRewritten: false | hasLocaleParam: false
2026-07-26T11:06:18.039Z - ADMIN PASSTHROUGH: /admin/reviews
2026-07-26T11:06:18.276Z - INCOMING: /admin/reviews | isRewritten: false | hasLocaleParam: false
2026-07-26T11:06:18.295Z - ADMIN PASSTHROUGH: /admin/reviews
2026-07-26T11:06:18.330Z - INCOMING: /admin/reviews | isRewritten: false | hasLocaleParam: false
2026-07-26T11:06:18.348Z - ADMIN PASSTHROUGH: /admin/reviews
2026-07-26T11:06:18.530Z - INCOMING: /admin/reviews | isRewritten: false | hasLocaleParam: false
2026-07-26T11:06:18.549Z - ADMIN PASSTHROUGH: /admin/reviews
2026-07-26T11:06:18.737Z - INCOMING: /admin/reviews | isRewritten: false | hasLocaleParam: false
2026-07-26T11:06:18.754Z - ADMIN PASSTHROUGH: /admin/reviews
2026-07-26T11:06:18.900Z - INCOMING: /admin/reviews | isRewritten: false | hasLocaleParam: false
2026-07-26T11:06:18.917Z - ADMIN PASSTHROUGH: /admin/reviews
2026-07-26T11:06:19.058Z - INCOMING: /admin/reviews | isRewritten: false | hasLocaleParam: false
2026-07-26T11:06:19.076Z - ADMIN PASSTHROUGH: /admin/reviews
2026-07-26T11:06:19.211Z - INCOMING: /admin/reviews | isRewritten: false | hasLocaleParam: false
2026-07-26T11:06:19.229Z - ADMIN PASSTHROUGH: /admin/reviews
2026-07-26T11:06:19.421Z - INCOMING: /admin/reviews | isRewritten: false | hasLocaleParam: false
2026-07-26T11:06:19.443Z - ADMIN PASSTHROUGH: /admin/reviews
2026-07-26T11:06:19.595Z - INCOMING: /admin/reviews | isRewritten: false | hasLocaleParam: false
2026-07-26T11:06:19.613Z - ADMIN PASSTHROUGH: /admin/reviews
2026-07-26T11:06:19.879Z - INCOMING: /admin/reviews | isRewritten: false | hasLocaleParam: false
2026-07-26T11:06:19.899Z - ADMIN PASSTHROUGH: /admin/reviews
2026-07-26T11:06:19.935Z - INCOMING: /admin/reviews | isRewritten: false | hasLocaleParam: false
2026-07-26T11:06:19.966Z - ADMIN PASSTHROUGH: /admin/reviews
2026-07-26T11:06:20.107Z - INCOMING: /admin/reviews | isRewritten: false | hasLocaleParam: false
2026-07-26T11:06:20.126Z - ADMIN PASSTHROUGH: /admin/reviews
2026-07-26T11:06:20.297Z - INCOMING: /admin/reviews | isRewritten: false | hasLocaleParam: false
2026-07-26T11:06:20.327Z - ADMIN PASSTHROUGH: /admin/reviews
2026-07-26T11:06:20.476Z - INCOMING: /admin/reviews | isRewritten: false | hasLocaleParam: false
2026-07-26T11:06:20.493Z - ADMIN PASSTHROUGH: /admin/reviews
2026-07-26T11:06:20.743Z - INCOMING: /admin/reviews | isRewritten: false | hasLocaleParam: false
2026-07-26T11:06:20.760Z - ADMIN PASSTHROUGH: /admin/reviews
2026-07-26T11:06:20.802Z - INCOMING: /admin/reviews | isRewritten: false | hasLocaleParam: false
2026-07-26T11:06:20.820Z - ADMIN PASSTHROUGH: /admin/reviews
2026-07-26T11:06:20.957Z - INCOMING: /admin/reviews | isRewritten: false | hasLocaleParam: false
2026-07-26T11:06:20.974Z - ADMIN PASSTHROUGH: /admin/reviews
2026-07-26T11:06:21.167Z - INCOMING: /admin/reviews | isRewritten: false | hasLocaleParam: false
2026-07-26T11:06:21.185Z - ADMIN PASSTHROUGH: /admin/reviews
2026-07-26T11:06:21.352Z - INCOMING: /admin/reviews | isRewritten: false | hasLocaleParam: false
2026-07-26T11:06:21.370Z - ADMIN PASSTHROUGH: /admin/reviews
2026-07-26T11:06:21.521Z - INCOMING: /admin/reviews | isRewritten: false | hasLocaleParam: false
2026-07-26T11:06:21.541Z - ADMIN PASSTHROUGH: /admin/reviews
2026-07-26T11:06:21.690Z - INCOMING: /admin/reviews | isRewritten: false | hasLocaleParam: false
2026-07-26T11:06:21.710Z - ADMIN PASSTHROUGH: /admin/reviews
2026-07-26T11:06:21.841Z - INCOMING: /admin/reviews | isRewritten: false | hasLocaleParam: false
2026-07-26T11:06:21.862Z - ADMIN PASSTHROUGH: /admin/reviews
2026-07-26T11:06:22.060Z - INCOMING: /admin/reviews | isRewritten: false | hasLocaleParam: false
2026-07-26T11:06:22.092Z - ADMIN PASSTHROUGH: /admin/reviews
2026-07-26T11:06:22.223Z - ADMIN PASSTHROUGH: /admin/reviews
2026-07-26T11:06:22.240Z - INCOMING: /admin/reviews | isRewritten: false | hasLocaleParam: false
2026-07-26T11:06:22.494Z - INCOMING: /admin/reviews | isRewritten: false | hasLocaleParam: false
2026-07-26T11:06:22.515Z - ADMIN PASSTHROUGH: /admin/reviews
2026-07-26T11:06:22.555Z - INCOMING: /admin/reviews | isRewritten: false | hasLocaleParam: false
2026-07-26T11:06:22.583Z - ADMIN PASSTHROUGH: /admin/reviews
2026-07-26T11:06:22.725Z - INCOMING: /admin/reviews | isRewritten: false | hasLocaleParam: false
2026-07-26T11:06:22.755Z - ADMIN PASSTHROUGH: /admin/reviews
2026-07-26T11:06:22.953Z - INCOMING: /admin/reviews | isRewritten: false | hasLocaleParam: false
2026-07-26T11:06:22.971Z - ADMIN PASSTHROUGH: /admin/reviews
2026-07-26T11:06:23.109Z - INCOMING: /admin/reviews | isRewritten: false | hasLocaleParam: false
2026-07-26T11:06:23.128Z - ADMIN PASSTHROUGH: /admin/reviews
2026-07-26T11:06:23.395Z - INCOMING: /admin/reviews | isRewritten: false | hasLocaleParam: false
2026-07-26T11:06:23.413Z - ADMIN PASSTHROUGH: /admin/reviews
2026-07-26T11:06:23.435Z - INCOMING: /admin/reviews | isRewritten: false | hasLocaleParam: false
2026-07-26T11:06:23.453Z - ADMIN PASSTHROUGH: /admin/reviews
2026-07-26T11:06:23.627Z - INCOMING: /admin/reviews | isRewritten: false | hasLocaleParam: false
2026-07-26T11:06:23.659Z - ADMIN PASSTHROUGH: /admin/reviews
2026-07-26T11:06:23.942Z - INCOMING: /admin/reviews | isRewritten: false | hasLocaleParam: false
2026-07-26T11:06:23.960Z - ADMIN PASSTHROUGH: /admin/reviews
2026-07-26T11:06:23.997Z - INCOMING: /admin/reviews | isRewritten: false | hasLocaleParam: false
2026-07-26T11:06:24.019Z - ADMIN PASSTHROUGH: /admin/reviews
2026-07-26T11:06:24.280Z - INCOMING: /admin/reviews | isRewritten: false | hasLocaleParam: false
2026-07-26T11:06:24.298Z - ADMIN PASSTHROUGH: /admin/reviews
2026-07-26T11:06:24.339Z - INCOMING: /admin/reviews | isRewritten: false | hasLocaleParam: false
2026-07-26T11:06:24.355Z - ADMIN PASSTHROUGH: /admin/reviews
2026-07-26T11:06:24.400Z - INCOMING: /admin/reviews | isRewritten: false | hasLocaleParam: false
2026-07-26T11:06:24.418Z - ADMIN PASSTHROUGH: /admin/reviews
2026-07-26T11:06:24.709Z - INCOMING: /admin/reviews | isRewritten: false | hasLocaleParam: false
2026-07-26T11:06:24.738Z - ADMIN PASSTHROUGH: /admin/reviews
2026-07-26T11:06:24.876Z - INCOMING: /admin/reviews | isRewritten: false | hasLocaleParam: false
2026-07-26T11:06:24.894Z - ADMIN PASSTHROUGH: /admin/reviews
2026-07-26T11:06:25.039Z - INCOMING: /admin/reviews | isRewritten: false | hasLocaleParam: false
2026-07-26T11:06:25.057Z - ADMIN PASSTHROUGH: /admin/reviews
2026-07-26T11:06:25.198Z - INCOMING: /admin/reviews | isRewritten: false | hasLocaleParam: false
2026-07-26T11:06:25.217Z - ADMIN PASSTHROUGH: /admin/reviews
2026-07-26T11:06:25.396Z - INCOMING: /admin/reviews | isRewritten: false | hasLocaleParam: false
2026-07-26T11:06:25.414Z - ADMIN PASSTHROUGH: /admin/reviews
2026-07-26T11:06:25.594Z - INCOMING: /admin/reviews | isRewritten: false | hasLocaleParam: false
2026-07-26T11:06:25.624Z - ADMIN PASSTHROUGH: /admin/reviews
2026-07-26T11:06:25.768Z - INCOMING: /admin/reviews | isRewritten: false | hasLocaleParam: false
2026-07-26T11:06:25.786Z - ADMIN PASSTHROUGH: /admin/reviews
2026-07-26T11:06:25.926Z - INCOMING: /admin/reviews | isRewritten: false | hasLocaleParam: false
2026-07-26T11:06:25.945Z - ADMIN PASSTHROUGH: /admin/reviews
2026-07-26T11:06:26.092Z - INCOMING: /admin/reviews | isRewritten: false | hasLocaleParam: false
2026-07-26T11:06:26.113Z - ADMIN PASSTHROUGH: /admin/reviews
2026-07-26T11:06:26.282Z - INCOMING: /admin/reviews | isRewritten: false | hasLocaleParam: false
2026-07-26T11:06:26.305Z - ADMIN PASSTHROUGH: /admin/reviews
2026-07-26T11:06:26.604Z - INCOMING: /admin/reviews | isRewritten: false | hasLocaleParam: false
2026-07-26T11:06:26.634Z - ADMIN PASSTHROUGH: /admin/reviews
2026-07-26T11:06:26.652Z - INCOMING: /admin/reviews | isRewritten: false | hasLocaleParam: false
2026-07-26T11:06:26.671Z - ADMIN PASSTHROUGH: /admin/reviews
2026-07-26T11:06:26.843Z - INCOMING: /admin/reviews | isRewritten: false | hasLocaleParam: false
2026-07-26T11:06:26.862Z - ADMIN PASSTHROUGH: /admin/reviews
2026-07-26T11:06:27.004Z - INCOMING: /admin/reviews | isRewritten: false | hasLocaleParam: false
2026-07-26T11:06:27.023Z - ADMIN PASSTHROUGH: /admin/reviews
2026-07-26T11:06:27.181Z - INCOMING: /admin/reviews | isRewritten: false | hasLocaleParam: false
2026-07-26T11:06:27.211Z - ADMIN PASSTHROUGH: /admin/reviews
2026-07-26T11:06:27.493Z - INCOMING: /admin/reviews | isRewritten: false | hasLocaleParam: false
2026-07-26T11:06:27.511Z - ADMIN PASSTHROUGH: /admin/reviews
2026-07-26T11:06:27.531Z - INCOMING: /admin/reviews | isRewritten: false | hasLocaleParam: false
2026-07-26T11:06:27.548Z - ADMIN PASSTHROUGH: /admin/reviews
2026-07-26T11:06:27.736Z - INCOMING: /admin/reviews | isRewritten: false | hasLocaleParam: false
2026-07-26T11:06:27.755Z - ADMIN PASSTHROUGH: /admin/reviews
2026-07-26T11:06:27.797Z - INCOMING: /admin/reviews | isRewritten: false | hasLocaleParam: false
2026-07-26T11:06:27.821Z - ADMIN PASSTHROUGH: /admin/reviews
2026-07-26T11:06:28.095Z - INCOMING: /admin/reviews | isRewritten: false | hasLocaleParam: false
2026-07-26T11:06:28.112Z - ADMIN PASSTHROUGH: /admin/reviews
2026-07-26T11:06:28.412Z - INCOMING: /admin/reviews | isRewritten: false | hasLocaleParam: false
2026-07-26T11:06:28.430Z - ADMIN PASSTHROUGH: /admin/reviews
2026-07-26T11:06:28.452Z - INCOMING: /admin/reviews | isRewritten: false | hasLocaleParam: false
2026-07-26T11:06:28.491Z - ADMIN PASSTHROUGH: /admin/reviews
2026-07-26T11:06:28.642Z - INCOMING: /admin/reviews | isRewritten: false | hasLocaleParam: false
2026-07-26T11:06:28.663Z - ADMIN PASSTHROUGH: /admin/reviews
2026-07-26T11:06:28.858Z - INCOMING: /admin/reviews | isRewritten: false | hasLocaleParam: false
2026-07-26T11:06:28.879Z - ADMIN PASSTHROUGH: /admin/reviews
2026-07-26T11:06:29.051Z - INCOMING: /admin/reviews | isRewritten: false | hasLocaleParam: false
2026-07-26T11:06:29.087Z - ADMIN PASSTHROUGH: /admin/reviews
2026-07-26T11:06:29.362Z - INCOMING: /admin/reviews | isRewritten: false | hasLocaleParam: false
2026-07-26T11:06:29.381Z - ADMIN PASSTHROUGH: /admin/reviews
2026-07-26T11:06:29.425Z - INCOMING: /admin/reviews | isRewritten: false | hasLocaleParam: false
2026-07-26T11:06:29.456Z - ADMIN PASSTHROUGH: /admin/reviews
2026-07-26T11:06:29.499Z - INCOMING: /admin/reviews | isRewritten: false | hasLocaleParam: false
2026-07-26T11:06:29.518Z - ADMIN PASSTHROUGH: /admin/reviews
2026-07-26T11:06:29.846Z - INCOMING: /admin/reviews | isRewritten: false | hasLocaleParam: false
2026-07-26T11:06:29.866Z - ADMIN PASSTHROUGH: /admin/reviews
2026-07-26T11:06:30.073Z - INCOMING: /admin/reviews | isRewritten: false | hasLocaleParam: false
2026-07-26T11:06:30.094Z - ADMIN PASSTHROUGH: /admin/reviews
2026-07-26T11:08:39.243Z - REWRITE: /ar -> /?__locale=ar
2026-07-26T11:08:39.279Z - INCOMING: /ar | isRewritten: false | hasLocaleParam: false
2026-07-26T11:08:39.550Z - INCOMING: /admin/reviews | isRewritten: false | hasLocaleParam: false
2026-07-26T11:08:39.574Z - ADMIN PASSTHROUGH: /admin/reviews
2026-07-26T11:09:05.860Z - INCOMING: /blog/cairo-giza-best-places | isRewritten: false | hasLocaleParam: false
2026-07-26T11:09:05.883Z - REDIRECT: /blog/cairo-giza-best-places -> /ar/blog/cairo-giza-best-places
2026-07-26T11:09:05.938Z - INCOMING: /ar/blog/cairo-giza-best-places | isRewritten: false | hasLocaleParam: false
2026-07-26T11:09:05.959Z - REWRITE: /ar/blog/cairo-giza-best-places -> /blog/cairo-giza-best-places?__locale=ar
2026-07-26T11:09:21.903Z - INCOMING: /ar | isRewritten: false | hasLocaleParam: false
2026-07-26T11:09:21.947Z - REWRITE: /ar -> /?__locale=ar
2026-07-26T11:10:41.117Z - REDIRECT: /blog -> /ar/blog
2026-07-26T11:10:41.138Z - INCOMING: /blog | isRewritten: false | hasLocaleParam: false
2026-07-26T11:10:41.181Z - INCOMING: /ar/blog | isRewritten: false | hasLocaleParam: false
2026-07-26T11:10:41.205Z - REWRITE: /ar/blog -> /blog?__locale=ar
2026-07-26T11:10:50.789Z - INCOMING: /ar | isRewritten: false | hasLocaleParam: false
2026-07-26T11:10:50.808Z - REWRITE: /ar -> /?__locale=ar
2026-07-26T11:11:08.268Z - INCOMING: /ar | isRewritten: false | hasLocaleParam: false
2026-07-26T11:11:08.378Z - REWRITE: /ar -> /?__locale=ar
2026-07-26T11:11:08.448Z - INCOMING: /admin/reviews | isRewritten: false | hasLocaleParam: false
2026-07-26T11:11:08.475Z - ADMIN PASSTHROUGH: /admin/reviews
2026-07-26T11:11:08.992Z - INCOMING: /ar | isRewritten: false | hasLocaleParam: false
2026-07-26T11:11:09.018Z - REWRITE: /ar -> /?__locale=ar
2026-07-26T11:11:09.040Z - INCOMING: /admin/reviews | isRewritten: false | hasLocaleParam: false
2026-07-26T11:11:09.148Z - ADMIN PASSTHROUGH: /admin/reviews
2026-07-26T11:11:09.445Z - INCOMING: /ar | isRewritten: false | hasLocaleParam: false
2026-07-26T11:11:09.520Z - REWRITE: /ar -> /?__locale=ar
2026-07-26T11:11:09.875Z - INCOMING: /admin/reviews | isRewritten: false | hasLocaleParam: false
2026-07-26T11:11:09.900Z - ADMIN PASSTHROUGH: /admin/reviews
2026-07-26T11:11:20.897Z - REWRITE: /ar -> /?__locale=ar
2026-07-26T11:11:20.965Z - INCOMING: /ar | isRewritten: false | hasLocaleParam: false
2026-07-26T11:11:20.990Z - ADMIN PASSTHROUGH: /admin/reviews
2026-07-26T11:11:21.011Z - INCOMING: /admin/reviews | isRewritten: false | hasLocaleParam: false
2026-07-26T11:11:21.630Z - INCOMING: /ar | isRewritten: false | hasLocaleParam: false
2026-07-26T11:11:21.650Z - REWRITE: /ar -> /?__locale=ar
2026-07-26T11:11:21.751Z - INCOMING: /admin/reviews | isRewritten: false | hasLocaleParam: false
2026-07-26T11:11:21.769Z - ADMIN PASSTHROUGH: /admin/reviews
2026-07-26T11:11:22.057Z - INCOMING: /ar | isRewritten: false | hasLocaleParam: false
2026-07-26T11:11:22.079Z - REWRITE: /ar -> /?__locale=ar
2026-07-26T11:11:22.429Z - INCOMING: /ar | isRewritten: false | hasLocaleParam: false
2026-07-26T11:11:22.452Z - REWRITE: /ar -> /?__locale=ar
2026-07-26T11:11:22.807Z - INCOMING: /admin/reviews | isRewritten: false | hasLocaleParam: false
2026-07-26T11:11:22.847Z - ADMIN PASSTHROUGH: /admin/reviews
2026-07-26T11:11:23.051Z - INCOMING: /admin/reviews | isRewritten: false | hasLocaleParam: false
2026-07-26T11:11:23.070Z - ADMIN PASSTHROUGH: /admin/reviews
2026-07-26T11:11:35.463Z - REDIRECT: /blog/cairo-giza-best-places -> /ar/blog/cairo-giza-best-places
2026-07-26T11:11:35.483Z - INCOMING: /blog/cairo-giza-best-places | isRewritten: false | hasLocaleParam: false
2026-07-26T11:11:35.528Z - INCOMING: /ar/blog/cairo-giza-best-places | isRewritten: false | hasLocaleParam: false
2026-07-26T11:11:35.548Z - REWRITE: /ar/blog/cairo-giza-best-places -> /blog/cairo-giza-best-places?__locale=ar
2026-07-26T11:11:41.494Z - REWRITE: /ar/blog/cairo-giza-best-places -> /blog/cairo-giza-best-places?__locale=ar
2026-07-26T11:11:41.583Z - INCOMING: /ar/blog/cairo-giza-best-places | isRewritten: false | hasLocaleParam: false
2026-07-26T11:11:41.613Z - INCOMING: /admin/reviews | isRewritten: false | hasLocaleParam: false
2026-07-26T11:11:41.664Z - ADMIN PASSTHROUGH: /admin/reviews
2026-07-26T11:11:42.496Z - INCOMING: /admin/reviews | isRewritten: false | hasLocaleParam: false
2026-07-26T11:11:42.519Z - ADMIN PASSTHROUGH: /admin/reviews
2026-07-26T11:11:42.601Z - INCOMING: /ar/blog/cairo-giza-best-places | isRewritten: false | hasLocaleParam: false
2026-07-26T11:11:42.628Z - REWRITE: /ar/blog/cairo-giza-best-places -> /blog/cairo-giza-best-places?__locale=ar
2026-07-26T11:11:46.570Z - INCOMING: /blog | isRewritten: false | hasLocaleParam: false
2026-07-26T11:11:46.589Z - REDIRECT: /blog -> /ar/blog
2026-07-26T11:11:46.633Z - INCOMING: /ar/blog | isRewritten: false | hasLocaleParam: false
2026-07-26T11:11:47.020Z - REWRITE: /ar/blog -> /blog?__locale=ar
2026-07-26T11:11:58.841Z - INCOMING: /ar/blog | isRewritten: false | hasLocaleParam: false
2026-07-26T11:11:58.944Z - REWRITE: /ar/blog -> /blog?__locale=ar
2026-07-26T11:11:58.994Z - INCOMING: /admin/reviews | isRewritten: false | hasLocaleParam: false
2026-07-26T11:11:59.019Z - ADMIN PASSTHROUGH: /admin/reviews
2026-07-26T11:11:59.334Z - INCOMING: /ar/blog | isRewritten: false | hasLocaleParam: false
2026-07-26T11:11:59.358Z - REWRITE: /ar/blog -> /blog?__locale=ar
2026-07-26T11:11:59.381Z - INCOMING: /admin/reviews | isRewritten: false | hasLocaleParam: false
2026-07-26T11:11:59.480Z - ADMIN PASSTHROUGH: /admin/reviews
2026-07-26T11:12:53.987Z - INCOMING: /blog/cairo-giza-best-places | isRewritten: false | hasLocaleParam: false
2026-07-26T11:12:54.008Z - REDIRECT: /blog/cairo-giza-best-places -> /ar/blog/cairo-giza-best-places
2026-07-26T11:12:54.053Z - INCOMING: /ar/blog/cairo-giza-best-places | isRewritten: false | hasLocaleParam: false
2026-07-26T11:12:54.072Z - REWRITE: /ar/blog/cairo-giza-best-places -> /blog/cairo-giza-best-places?__locale=ar
2026-07-26T11:13:02.711Z - INCOMING: /admin/reviews | isRewritten: false | hasLocaleParam: false
2026-07-26T11:13:02.729Z - ADMIN PASSTHROUGH: /admin/reviews
2026-07-26T11:13:49.680Z - INCOMING: /ar/cars | isRewritten: false | hasLocaleParam: false
2026-07-26T11:13:49.705Z - REWRITE: /ar/cars -> /cars?__locale=ar
2026-07-26T11:13:56.539Z - INCOMING: /ar/hotels | isRewritten: false | hasLocaleParam: false
2026-07-26T11:13:56.566Z - REWRITE: /ar/hotels -> /hotels?__locale=ar
2026-07-26T11:14:22.317Z - INCOMING: /ar/hotels | isRewritten: false | hasLocaleParam: false
2026-07-26T11:14:22.398Z - REWRITE: /ar/hotels -> /hotels?__locale=ar
2026-07-26T11:14:22.422Z - ADMIN PASSTHROUGH: /admin/reviews
2026-07-26T11:14:22.448Z - INCOMING: /admin/reviews | isRewritten: false | hasLocaleParam: false
2026-07-26T11:14:51.193Z - INCOMING: /ar/hotels | isRewritten: false | hasLocaleParam: false
2026-07-26T11:14:51.227Z - REWRITE: /ar/hotels -> /hotels?__locale=ar
2026-07-26T11:14:51.280Z - INCOMING: /admin/reviews | isRewritten: false | hasLocaleParam: false
2026-07-26T11:14:51.338Z - ADMIN PASSTHROUGH: /admin/reviews
2026-07-26T11:17:30.448Z - REWRITE: /ar/flights -> /flights?__locale=ar
2026-07-26T11:17:30.471Z - INCOMING: /ar/flights | isRewritten: false | hasLocaleParam: false
2026-07-26T11:17:58.364Z - INCOMING: /ar/flights | isRewritten: false | hasLocaleParam: false
2026-07-26T11:17:58.493Z - REWRITE: /ar/flights -> /flights?__locale=ar
2026-07-26T11:17:58.513Z - ADMIN PASSTHROUGH: /admin/reviews
2026-07-26T11:17:58.710Z - INCOMING: /admin/reviews | isRewritten: false | hasLocaleParam: false
2026-07-26T11:17:58.865Z - INCOMING: /ar/flights | isRewritten: false | hasLocaleParam: false
2026-07-26T11:17:58.893Z - REWRITE: /ar/flights -> /flights?__locale=ar
2026-07-26T11:18:00.139Z - INCOMING: /ar/flights | isRewritten: false | hasLocaleParam: false
2026-07-26T11:18:00.167Z - REWRITE: /ar/flights -> /flights?__locale=ar
2026-07-26T11:18:00.199Z - INCOMING: /admin/reviews | isRewritten: false | hasLocaleParam: false
2026-07-26T11:18:00.237Z - ADMIN PASSTHROUGH: /admin/reviews
2026-07-26T11:18:00.909Z - INCOMING: /ar/flights | isRewritten: false | hasLocaleParam: false
2026-07-26T11:18:00.931Z - REWRITE: /ar/flights -> /flights?__locale=ar
2026-07-26T11:18:00.965Z - INCOMING: /ar/flights | isRewritten: false | hasLocaleParam: false
2026-07-26T11:18:00.990Z - REWRITE: /ar/flights -> /flights?__locale=ar
2026-07-26T11:18:01.011Z - INCOMING: /ar/flights | isRewritten: false | hasLocaleParam: false
2026-07-26T11:18:01.031Z - REWRITE: /ar/flights -> /flights?__locale=ar
2026-07-26T11:18:01.093Z - INCOMING: /ar/flights | isRewritten: false | hasLocaleParam: false
2026-07-26T11:18:01.112Z - REWRITE: /ar/flights -> /flights?__locale=ar
2026-07-26T11:18:01.131Z - INCOMING: /ar/flights | isRewritten: false | hasLocaleParam: false
2026-07-26T11:18:01.157Z - REWRITE: /ar/flights -> /flights?__locale=ar
2026-07-26T11:18:01.177Z - INCOMING: /ar/flights | isRewritten: false | hasLocaleParam: false
2026-07-26T11:18:01.197Z - INCOMING: /admin/reviews | isRewritten: false | hasLocaleParam: false
2026-07-26T11:18:01.220Z - INCOMING: /admin/reviews | isRewritten: false | hasLocaleParam: false
2026-07-26T11:18:01.239Z - ADMIN PASSTHROUGH: /admin/reviews
2026-07-26T11:18:01.270Z - REWRITE: /ar/flights -> /flights?__locale=ar
2026-07-26T11:18:01.290Z - INCOMING: /ar/flights | isRewritten: false | hasLocaleParam: false
2026-07-26T11:18:01.310Z - REWRITE: /ar/flights -> /flights?__locale=ar
2026-07-26T11:18:01.328Z - INCOMING: /ar/flights | isRewritten: false | hasLocaleParam: false
2026-07-26T11:18:01.347Z - REWRITE: /ar/flights -> /flights?__locale=ar
2026-07-26T11:18:01.367Z - INCOMING: /ar/flights | isRewritten: false | hasLocaleParam: false
2026-07-26T11:18:01.384Z - INCOMING: /ar/flights | isRewritten: false | hasLocaleParam: false
2026-07-26T11:18:01.403Z - REWRITE: /ar/flights -> /flights?__locale=ar
2026-07-26T11:18:01.423Z - INCOMING: /ar/flights | isRewritten: false | hasLocaleParam: false
2026-07-26T11:18:01.444Z - REWRITE: /ar/flights -> /flights?__locale=ar
2026-07-26T11:18:01.462Z - REWRITE: /ar/flights -> /flights?__locale=ar
2026-07-26T11:18:01.485Z - ADMIN PASSTHROUGH: /admin/reviews
2026-07-26T11:18:01.705Z - INCOMING: /admin/reviews | isRewritten: false | hasLocaleParam: false
2026-07-26T11:18:01.732Z - ADMIN PASSTHROUGH: /admin/reviews
2026-07-26T11:18:01.794Z - INCOMING: /admin/reviews | isRewritten: false | hasLocaleParam: false
2026-07-26T11:18:01.816Z - ADMIN PASSTHROUGH: /admin/reviews
2026-07-26T11:18:02.241Z - INCOMING: /admin/reviews | isRewritten: false | hasLocaleParam: false
2026-07-26T11:18:02.263Z - ADMIN PASSTHROUGH: /admin/reviews
2026-07-26T11:18:02.295Z - INCOMING: /admin/reviews | isRewritten: false | hasLocaleParam: false
2026-07-26T11:18:02.322Z - ADMIN PASSTHROUGH: /admin/reviews
2026-07-26T11:18:02.542Z - INCOMING: /admin/reviews | isRewritten: false | hasLocaleParam: false
2026-07-26T11:18:02.560Z - ADMIN PASSTHROUGH: /admin/reviews
2026-07-26T11:18:02.725Z - INCOMING: /admin/reviews | isRewritten: false | hasLocaleParam: false
2026-07-26T11:18:02.744Z - ADMIN PASSTHROUGH: /admin/reviews
2026-07-26T11:18:02.818Z - INCOMING: /admin/reviews | isRewritten: false | hasLocaleParam: false
2026-07-26T11:18:02.840Z - ADMIN PASSTHROUGH: /admin/reviews
2026-07-26T11:18:03.213Z - INCOMING: /admin/reviews | isRewritten: false | hasLocaleParam: false
2026-07-26T11:18:03.232Z - ADMIN PASSTHROUGH: /admin/reviews
2026-07-26T11:18:03.257Z - INCOMING: /admin/reviews | isRewritten: false | hasLocaleParam: false
2026-07-26T11:18:03.306Z - ADMIN PASSTHROUGH: /admin/reviews
2026-07-26T11:18:03.604Z - INCOMING: /admin/reviews | isRewritten: false | hasLocaleParam: false
2026-07-26T11:18:03.623Z - ADMIN PASSTHROUGH: /admin/reviews
2026-07-26T11:18:03.663Z - INCOMING: /admin/reviews | isRewritten: false | hasLocaleParam: false
2026-07-26T11:18:03.702Z - ADMIN PASSTHROUGH: /admin/reviews
2026-07-26T11:18:03.839Z - INCOMING: /admin/reviews | isRewritten: false | hasLocaleParam: false
2026-07-26T11:18:03.859Z - ADMIN PASSTHROUGH: /admin/reviews
2026-07-26T11:18:04.307Z - INCOMING: /admin/reviews | isRewritten: false | hasLocaleParam: false
2026-07-26T11:18:04.329Z - ADMIN PASSTHROUGH: /admin/reviews
2026-07-26T11:18:04.348Z - INCOMING: /admin/reviews | isRewritten: false | hasLocaleParam: false
2026-07-26T11:18:04.367Z - ADMIN PASSTHROUGH: /admin/reviews
2026-07-26T11:18:04.687Z - INCOMING: /admin/reviews | isRewritten: false | hasLocaleParam: false
2026-07-26T11:18:04.707Z - ADMIN PASSTHROUGH: /admin/reviews
2026-07-26T11:18:04.727Z - INCOMING: /admin/reviews | isRewritten: false | hasLocaleParam: false
2026-07-26T11:18:04.766Z - ADMIN PASSTHROUGH: /admin/reviews
2026-07-26T11:18:04.914Z - INCOMING: /admin/reviews | isRewritten: false | hasLocaleParam: false
2026-07-26T11:18:04.933Z - ADMIN PASSTHROUGH: /admin/reviews
2026-07-26T11:18:05.212Z - INCOMING: /admin/reviews | isRewritten: false | hasLocaleParam: false
2026-07-26T11:18:05.230Z - ADMIN PASSTHROUGH: /admin/reviews
2026-07-26T11:18:05.248Z - INCOMING: /admin/reviews | isRewritten: false | hasLocaleParam: false
2026-07-26T11:18:05.282Z - ADMIN PASSTHROUGH: /admin/reviews
2026-07-26T11:18:05.484Z - INCOMING: /admin/reviews | isRewritten: false | hasLocaleParam: false
2026-07-26T11:18:05.504Z - ADMIN PASSTHROUGH: /admin/reviews
2026-07-26T11:18:05.620Z - INCOMING: /admin/reviews | isRewritten: false | hasLocaleParam: false
2026-07-26T11:18:05.650Z - ADMIN PASSTHROUGH: /admin/reviews
2026-07-26T11:18:05.798Z - INCOMING: /admin/reviews | isRewritten: false | hasLocaleParam: false
2026-07-26T11:18:05.829Z - ADMIN PASSTHROUGH: /admin/reviews
2026-07-26T11:18:06.098Z - INCOMING: /admin/reviews | isRewritten: false | hasLocaleParam: false
2026-07-26T11:18:06.119Z - ADMIN PASSTHROUGH: /admin/reviews
2026-07-26T11:18:06.146Z - INCOMING: /admin/reviews | isRewritten: false | hasLocaleParam: false
2026-07-26T11:18:06.167Z - ADMIN PASSTHROUGH: /admin/reviews
2026-07-26T11:18:06.402Z - INCOMING: /admin/reviews | isRewritten: false | hasLocaleParam: false
2026-07-26T11:18:06.421Z - ADMIN PASSTHROUGH: /admin/reviews
2026-07-26T11:18:06.569Z - INCOMING: /admin/reviews | isRewritten: false | hasLocaleParam: false
2026-07-26T11:18:06.588Z - ADMIN PASSTHROUGH: /admin/reviews
2026-07-26T11:18:06.632Z - INCOMING: /admin/reviews | isRewritten: false | hasLocaleParam: false
2026-07-26T11:18:06.746Z - ADMIN PASSTHROUGH: /admin/reviews
2026-07-26T11:18:07.021Z - INCOMING: /admin/reviews | isRewritten: false | hasLocaleParam: false
2026-07-26T11:18:07.040Z - ADMIN PASSTHROUGH: /admin/reviews
2026-07-26T11:18:07.065Z - INCOMING: /admin/reviews | isRewritten: false | hasLocaleParam: false
2026-07-26T11:18:07.084Z - ADMIN PASSTHROUGH: /admin/reviews
2026-07-26T11:18:07.291Z - INCOMING: /admin/reviews | isRewritten: false | hasLocaleParam: false
2026-07-26T11:18:07.326Z - ADMIN PASSTHROUGH: /admin/reviews
2026-07-26T11:18:07.459Z - INCOMING: /admin/reviews | isRewritten: false | hasLocaleParam: false
2026-07-26T11:18:07.478Z - ADMIN PASSTHROUGH: /admin/reviews
2026-07-26T11:18:07.547Z - INCOMING: /admin/reviews | isRewritten: false | hasLocaleParam: false
2026-07-26T11:18:07.567Z - ADMIN PASSTHROUGH: /admin/reviews
2026-07-26T11:18:08.021Z - INCOMING: /admin/reviews | isRewritten: false | hasLocaleParam: false
2026-07-26T11:18:08.039Z - ADMIN PASSTHROUGH: /admin/reviews
2026-07-26T11:18:08.075Z - INCOMING: /admin/reviews | isRewritten: false | hasLocaleParam: false
2026-07-26T11:18:08.097Z - ADMIN PASSTHROUGH: /admin/reviews
2026-07-26T11:18:08.307Z - INCOMING: /admin/reviews | isRewritten: false | hasLocaleParam: false
2026-07-26T11:18:08.326Z - ADMIN PASSTHROUGH: /admin/reviews
2026-07-26T11:18:08.451Z - INCOMING: /admin/reviews | isRewritten: false | hasLocaleParam: false
2026-07-26T11:18:08.469Z - ADMIN PASSTHROUGH: /admin/reviews
2026-07-26T11:18:08.639Z - INCOMING: /admin/reviews | isRewritten: false | hasLocaleParam: false
2026-07-26T11:18:08.670Z - ADMIN PASSTHROUGH: /admin/reviews
2026-07-26T11:18:08.995Z - INCOMING: /admin/reviews | isRewritten: false | hasLocaleParam: false
2026-07-26T11:18:09.033Z - ADMIN PASSTHROUGH: /admin/reviews
2026-07-26T11:18:09.072Z - INCOMING: /admin/reviews | isRewritten: false | hasLocaleParam: false
2026-07-26T11:18:09.095Z - ADMIN PASSTHROUGH: /admin/reviews
2026-07-26T11:18:09.320Z - INCOMING: /admin/reviews | isRewritten: false | hasLocaleParam: false
2026-07-26T11:18:09.353Z - ADMIN PASSTHROUGH: /admin/reviews
2026-07-26T11:18:09.490Z - INCOMING: /admin/reviews | isRewritten: false | hasLocaleParam: false
2026-07-26T11:18:09.517Z - ADMIN PASSTHROUGH: /admin/reviews
2026-07-26T11:18:09.681Z - INCOMING: /admin/reviews | isRewritten: false | hasLocaleParam: false
2026-07-26T11:18:09.702Z - ADMIN PASSTHROUGH: /admin/reviews
2026-07-26T11:18:09.965Z - INCOMING: /admin/reviews | isRewritten: false | hasLocaleParam: false
2026-07-26T11:18:09.986Z - ADMIN PASSTHROUGH: /admin/reviews
2026-07-26T11:18:10.022Z - INCOMING: /admin/reviews | isRewritten: false | hasLocaleParam: false
2026-07-26T11:18:10.042Z - ADMIN PASSTHROUGH: /admin/reviews
2026-07-26T11:18:10.236Z - INCOMING: /admin/reviews | isRewritten: false | hasLocaleParam: false
2026-07-26T11:18:10.255Z - ADMIN PASSTHROUGH: /admin/reviews
2026-07-26T11:18:10.302Z - INCOMING: /admin/reviews | isRewritten: false | hasLocaleParam: false
2026-07-26T11:18:10.413Z - ADMIN PASSTHROUGH: /admin/reviews
2026-07-26T11:18:10.599Z - INCOMING: /admin/reviews | isRewritten: false | hasLocaleParam: false
2026-07-26T11:18:10.616Z - ADMIN PASSTHROUGH: /admin/reviews
2026-07-26T11:18:10.768Z - INCOMING: /admin/reviews | isRewritten: false | hasLocaleParam: false
2026-07-26T11:18:10.788Z - ADMIN PASSTHROUGH: /admin/reviews
2026-07-26T11:18:10.918Z - INCOMING: /admin/reviews | isRewritten: false | hasLocaleParam: false
2026-07-26T11:18:10.948Z - ADMIN PASSTHROUGH: /admin/reviews
2026-07-26T11:18:11.160Z - INCOMING: /admin/reviews | isRewritten: false | hasLocaleParam: false
2026-07-26T11:18:11.179Z - ADMIN PASSTHROUGH: /admin/reviews
2026-07-26T11:18:11.313Z - INCOMING: /admin/reviews | isRewritten: false | hasLocaleParam: false
2026-07-26T11:18:11.332Z - ADMIN PASSTHROUGH: /admin/reviews
2026-07-26T11:18:11.494Z - INCOMING: /admin/reviews | isRewritten: false | hasLocaleParam: false
2026-07-26T11:18:11.515Z - ADMIN PASSTHROUGH: /admin/reviews
2026-07-26T11:18:11.691Z - INCOMING: /admin/reviews | isRewritten: false | hasLocaleParam: false
2026-07-26T11:18:11.716Z - ADMIN PASSTHROUGH: /admin/reviews
2026-07-26T11:18:11.832Z - INCOMING: /admin/reviews | isRewritten: false | hasLocaleParam: false
2026-07-26T11:18:11.850Z - ADMIN PASSTHROUGH: /admin/reviews
2026-07-26T11:18:12.045Z - INCOMING: /admin/reviews | isRewritten: false | hasLocaleParam: false
2026-07-26T11:18:12.065Z - ADMIN PASSTHROUGH: /admin/reviews
2026-07-26T11:18:12.196Z - INCOMING: /admin/reviews | isRewritten: false | hasLocaleParam: false
2026-07-26T11:18:12.215Z - ADMIN PASSTHROUGH: /admin/reviews
2026-07-26T11:18:12.376Z - INCOMING: /admin/reviews | isRewritten: false | hasLocaleParam: false
2026-07-26T11:18:12.395Z - ADMIN PASSTHROUGH: /admin/reviews
2026-07-26T11:18:12.556Z - INCOMING: /admin/reviews | isRewritten: false | hasLocaleParam: false
2026-07-26T11:18:12.575Z - ADMIN PASSTHROUGH: /admin/reviews
2026-07-26T11:18:12.728Z - INCOMING: /admin/reviews | isRewritten: false | hasLocaleParam: false
2026-07-26T11:18:12.746Z - ADMIN PASSTHROUGH: /admin/reviews
2026-07-26T11:18:12.922Z - INCOMING: /admin/reviews | isRewritten: false | hasLocaleParam: false
2026-07-26T11:18:12.939Z - ADMIN PASSTHROUGH: /admin/reviews
2026-07-26T11:18:12.984Z - ADMIN PASSTHROUGH: /admin/reviews
2026-07-26T11:18:13.004Z - INCOMING: /admin/reviews | isRewritten: false | hasLocaleParam: false
2026-07-26T11:18:13.243Z - INCOMING: /admin/reviews | isRewritten: false | hasLocaleParam: false
2026-07-26T11:18:13.262Z - ADMIN PASSTHROUGH: /admin/reviews
2026-07-26T11:18:13.547Z - INCOMING: /admin/reviews | isRewritten: false | hasLocaleParam: false
2026-07-26T11:18:13.565Z - ADMIN PASSTHROUGH: /admin/reviews
2026-07-26T11:18:13.583Z - INCOMING: /admin/reviews | isRewritten: false | hasLocaleParam: false
2026-07-26T11:18:13.615Z - ADMIN PASSTHROUGH: /admin/reviews
2026-07-26T11:18:13.801Z - INCOMING: /admin/reviews | isRewritten: false | hasLocaleParam: false
2026-07-26T11:18:13.819Z - ADMIN PASSTHROUGH: /admin/reviews
2026-07-26T11:18:13.960Z - INCOMING: /admin/reviews | isRewritten: false | hasLocaleParam: false
2026-07-26T11:18:13.982Z - ADMIN PASSTHROUGH: /admin/reviews
2026-07-26T11:18:14.130Z - INCOMING: /admin/reviews | isRewritten: false | hasLocaleParam: false
2026-07-26T11:18:14.147Z - ADMIN PASSTHROUGH: /admin/reviews
2026-07-26T11:18:14.420Z - INCOMING: /admin/reviews | isRewritten: false | hasLocaleParam: false
2026-07-26T11:18:14.442Z - ADMIN PASSTHROUGH: /admin/reviews
2026-07-26T11:18:14.473Z - INCOMING: /admin/reviews | isRewritten: false | hasLocaleParam: false
2026-07-26T11:18:14.491Z - ADMIN PASSTHROUGH: /admin/reviews
2026-07-26T11:18:14.980Z - INCOMING: /admin/reviews | isRewritten: false | hasLocaleParam: false
2026-07-26T11:18:14.997Z - ADMIN PASSTHROUGH: /admin/reviews
2026-07-26T11:18:15.161Z - INCOMING: /admin/reviews | isRewritten: false | hasLocaleParam: false
2026-07-26T11:18:15.193Z - ADMIN PASSTHROUGH: /admin/reviews
2026-07-26T11:18:15.309Z - INCOMING: /admin/reviews | isRewritten: false | hasLocaleParam: false
2026-07-26T11:18:15.326Z - ADMIN PASSTHROUGH: /admin/reviews
2026-07-26T11:18:15.616Z - INCOMING: /admin/reviews | isRewritten: false | hasLocaleParam: false
2026-07-26T11:18:15.632Z - ADMIN PASSTHROUGH: /admin/reviews
2026-07-26T11:18:15.653Z - INCOMING: /admin/reviews | isRewritten: false | hasLocaleParam: false
2026-07-26T11:18:15.672Z - ADMIN PASSTHROUGH: /admin/reviews
2026-07-26T11:18:15.851Z - INCOMING: /admin/reviews | isRewritten: false | hasLocaleParam: false
2026-07-26T11:18:15.868Z - ADMIN PASSTHROUGH: /admin/reviews
2026-07-26T11:18:16.073Z - INCOMING: /admin/reviews | isRewritten: false | hasLocaleParam: false
2026-07-26T11:18:16.091Z - ADMIN PASSTHROUGH: /admin/reviews
2026-07-26T11:18:16.133Z - INCOMING: /admin/reviews | isRewritten: false | hasLocaleParam: false
2026-07-26T11:18:16.165Z - ADMIN PASSTHROUGH: /admin/reviews
2026-07-26T11:18:16.490Z - INCOMING: /admin/reviews | isRewritten: false | hasLocaleParam: false
2026-07-26T11:18:16.507Z - ADMIN PASSTHROUGH: /admin/reviews
2026-07-26T11:18:16.648Z - INCOMING: /admin/reviews | isRewritten: false | hasLocaleParam: false
2026-07-26T11:18:16.668Z - ADMIN PASSTHROUGH: /admin/reviews
2026-07-26T11:18:16.856Z - INCOMING: /admin/reviews | isRewritten: false | hasLocaleParam: false
2026-07-26T11:18:16.875Z - ADMIN PASSTHROUGH: /admin/reviews
2026-07-26T11:18:17.016Z - INCOMING: /admin/reviews | isRewritten: false | hasLocaleParam: false
2026-07-26T11:18:17.035Z - ADMIN PASSTHROUGH: /admin/reviews
2026-07-26T11:18:17.201Z - INCOMING: /admin/reviews | isRewritten: false | hasLocaleParam: false
2026-07-26T11:18:17.252Z - ADMIN PASSTHROUGH: /admin/reviews
2026-07-26T11:18:17.583Z - INCOMING: /admin/reviews | isRewritten: false | hasLocaleParam: false
2026-07-26T11:18:17.603Z - ADMIN PASSTHROUGH: /admin/reviews
2026-07-26T11:18:17.648Z - INCOMING: /admin/reviews | isRewritten: false | hasLocaleParam: false
2026-07-26T11:18:17.688Z - ADMIN PASSTHROUGH: /admin/reviews
2026-07-26T11:18:17.820Z - ADMIN PASSTHROUGH: /admin/reviews
2026-07-26T11:18:17.840Z - INCOMING: /admin/reviews | isRewritten: false | hasLocaleParam: false
2026-07-26T11:18:17.995Z - INCOMING: /admin/reviews | isRewritten: false | hasLocaleParam: false
2026-07-26T11:18:18.043Z - ADMIN PASSTHROUGH: /admin/reviews
2026-07-26T11:18:18.225Z - INCOMING: /admin/reviews | isRewritten: false | hasLocaleParam: false
2026-07-26T11:18:18.246Z - ADMIN PASSTHROUGH: /admin/reviews
2026-07-26T11:18:18.591Z - INCOMING: /admin/reviews | isRewritten: false | hasLocaleParam: false
2026-07-26T11:18:18.610Z - ADMIN PASSTHROUGH: /admin/reviews
2026-07-26T11:18:18.734Z - INCOMING: /admin/reviews | isRewritten: false | hasLocaleParam: false
2026-07-26T11:18:18.750Z - ADMIN PASSTHROUGH: /admin/reviews
2026-07-26T11:18:18.972Z - INCOMING: /admin/reviews | isRewritten: false | hasLocaleParam: false
2026-07-26T11:18:19.004Z - ADMIN PASSTHROUGH: /admin/reviews
2026-07-26T11:18:19.164Z - INCOMING: /admin/reviews | isRewritten: false | hasLocaleParam: false
2026-07-26T11:18:19.202Z - ADMIN PASSTHROUGH: /admin/reviews
2026-07-26T11:18:19.261Z - INCOMING: /admin/reviews | isRewritten: false | hasLocaleParam: false
2026-07-26T11:18:19.278Z - ADMIN PASSTHROUGH: /admin/reviews
2026-07-26T11:18:19.666Z - INCOMING: /admin/reviews | isRewritten: false | hasLocaleParam: false
2026-07-26T11:18:19.686Z - ADMIN PASSTHROUGH: /admin/reviews
2026-07-26T11:18:19.721Z - INCOMING: /admin/reviews | isRewritten: false | hasLocaleParam: false
2026-07-26T11:18:19.741Z - ADMIN PASSTHROUGH: /admin/reviews
2026-07-26T11:18:19.895Z - INCOMING: /admin/reviews | isRewritten: false | hasLocaleParam: false
2026-07-26T11:18:19.913Z - ADMIN PASSTHROUGH: /admin/reviews
2026-07-26T11:18:19.980Z - INCOMING: /admin/reviews | isRewritten: false | hasLocaleParam: false
2026-07-26T11:18:20.002Z - ADMIN PASSTHROUGH: /admin/reviews
2026-07-26T11:18:20.273Z - INCOMING: /admin/reviews | isRewritten: false | hasLocaleParam: false
2026-07-26T11:18:20.292Z - ADMIN PASSTHROUGH: /admin/reviews
2026-07-26T11:18:20.578Z - INCOMING: /admin/reviews | isRewritten: false | hasLocaleParam: false
2026-07-26T11:18:20.596Z - ADMIN PASSTHROUGH: /admin/reviews
2026-07-26T11:18:20.633Z - INCOMING: /admin/reviews | isRewritten: false | hasLocaleParam: false
2026-07-26T11:18:20.651Z - ADMIN PASSTHROUGH: /admin/reviews
2026-07-26T11:18:20.789Z - INCOMING: /admin/reviews | isRewritten: false | hasLocaleParam: false
2026-07-26T11:18:20.808Z - ADMIN PASSTHROUGH: /admin/reviews
2026-07-26T11:18:20.979Z - INCOMING: /admin/reviews | isRewritten: false | hasLocaleParam: false
2026-07-26T11:18:20.997Z - ADMIN PASSTHROUGH: /admin/reviews
2026-07-26T11:18:21.161Z - INCOMING: /admin/reviews | isRewritten: false | hasLocaleParam: false
2026-07-26T11:18:21.180Z - ADMIN PASSTHROUGH: /admin/reviews
2026-07-26T11:18:21.361Z - INCOMING: /admin/reviews | isRewritten: false | hasLocaleParam: false
2026-07-26T11:18:21.395Z - ADMIN PASSTHROUGH: /admin/reviews
2026-07-26T11:18:29.987Z - INCOMING: /admin/articles | isRewritten: false | hasLocaleParam: false
2026-07-26T11:18:30.006Z - ADMIN PASSTHROUGH: /admin/articles
2026-07-26T11:18:37.689Z - INCOMING: /admin/articles | isRewritten: false | hasLocaleParam: false
2026-07-26T11:18:37.708Z - ADMIN PASSTHROUGH: /admin/articles
2026-07-26T11:20:02.140Z - INCOMING: /admin/articles | isRewritten: false | hasLocaleParam: false
2026-07-26T11:20:02.161Z - ADMIN PASSTHROUGH: /admin/articles
2026-07-26T11:20:12.501Z - ADMIN PASSTHROUGH: /admin/articles
2026-07-26T11:20:12.575Z - INCOMING: /admin/articles | isRewritten: false | hasLocaleParam: false
2026-07-26T11:20:12.594Z - REWRITE: /ar/flights -> /flights?__locale=ar
2026-07-26T11:20:12.662Z - INCOMING: /ar/flights | isRewritten: false | hasLocaleParam: false
2026-07-26T11:20:13.041Z - INCOMING: /admin/articles | isRewritten: false | hasLocaleParam: false
2026-07-26T11:20:13.059Z - ADMIN PASSTHROUGH: /admin/articles
2026-07-26T11:20:13.076Z - INCOMING: /ar/flights | isRewritten: false | hasLocaleParam: false
2026-07-26T11:20:13.095Z - REWRITE: /ar/flights -> /flights?__locale=ar
2026-07-26T11:20:13.321Z - INCOMING: /admin/articles | isRewritten: false | hasLocaleParam: false
2026-07-26T11:20:13.348Z - ADMIN PASSTHROUGH: /admin/articles
2026-07-26T11:20:13.499Z - INCOMING: /admin/articles | isRewritten: false | hasLocaleParam: false
2026-07-26T11:20:13.529Z - ADMIN PASSTHROUGH: /admin/articles
2026-07-26T11:20:13.578Z - INCOMING: /admin/articles | isRewritten: false | hasLocaleParam: false
2026-07-26T11:20:13.597Z - ADMIN PASSTHROUGH: /admin/articles
2026-07-26T11:20:13.864Z - INCOMING: /admin/articles | isRewritten: false | hasLocaleParam: false
2026-07-26T11:20:13.884Z - ADMIN PASSTHROUGH: /admin/articles
2026-07-26T11:20:14.008Z - INCOMING: /admin/articles | isRewritten: false | hasLocaleParam: false
2026-07-26T11:20:14.027Z - ADMIN PASSTHROUGH: /admin/articles
2026-07-26T11:20:14.193Z - INCOMING: /admin/articles | isRewritten: false | hasLocaleParam: false
2026-07-26T11:20:14.212Z - ADMIN PASSTHROUGH: /admin/articles
2026-07-26T11:20:14.341Z - INCOMING: /admin/articles | isRewritten: false | hasLocaleParam: false
2026-07-26T11:20:14.359Z - ADMIN PASSTHROUGH: /admin/articles
2026-07-26T11:20:14.509Z - INCOMING: /admin/articles | isRewritten: false | hasLocaleParam: false
2026-07-26T11:20:14.529Z - ADMIN PASSTHROUGH: /admin/articles
2026-07-26T11:20:14.682Z - INCOMING: /admin/articles | isRewritten: false | hasLocaleParam: false
2026-07-26T11:20:14.701Z - ADMIN PASSTHROUGH: /admin/articles
2026-07-26T11:20:14.754Z - INCOMING: /admin/articles | isRewritten: false | hasLocaleParam: false
2026-07-26T11:20:14.773Z - ADMIN PASSTHROUGH: /admin/articles
2026-07-26T11:20:15.030Z - INCOMING: /admin/articles | isRewritten: false | hasLocaleParam: false
2026-07-26T11:20:15.050Z - ADMIN PASSTHROUGH: /admin/articles
2026-07-26T11:20:15.183Z - INCOMING: /admin/articles | isRewritten: false | hasLocaleParam: false
2026-07-26T11:20:15.207Z - ADMIN PASSTHROUGH: /admin/articles
2026-07-26T11:20:15.261Z - INCOMING: /admin/articles | isRewritten: false | hasLocaleParam: false
2026-07-26T11:20:15.364Z - ADMIN PASSTHROUGH: /admin/articles
2026-07-26T11:20:15.523Z - INCOMING: /admin/articles | isRewritten: false | hasLocaleParam: false
2026-07-26T11:20:15.550Z - ADMIN PASSTHROUGH: /admin/articles
2026-07-26T11:20:15.605Z - INCOMING: /admin/articles | isRewritten: false | hasLocaleParam: false
2026-07-26T11:20:15.624Z - ADMIN PASSTHROUGH: /admin/articles
2026-07-26T11:20:15.873Z - INCOMING: /admin/articles | isRewritten: false | hasLocaleParam: false
2026-07-26T11:20:15.900Z - ADMIN PASSTHROUGH: /admin/articles
2026-07-26T11:20:16.040Z - INCOMING: /admin/articles | isRewritten: false | hasLocaleParam: false
2026-07-26T11:20:16.058Z - ADMIN PASSTHROUGH: /admin/articles
2026-07-26T11:20:16.221Z - INCOMING: /admin/articles | isRewritten: false | hasLocaleParam: false
2026-07-26T11:20:16.240Z - ADMIN PASSTHROUGH: /admin/articles
2026-07-26T11:20:16.370Z - INCOMING: /admin/articles | isRewritten: false | hasLocaleParam: false
2026-07-26T11:20:16.402Z - ADMIN PASSTHROUGH: /admin/articles
2026-07-26T11:20:16.545Z - INCOMING: /ar/flights | isRewritten: false | hasLocaleParam: false
2026-07-26T11:20:16.563Z - REWRITE: /ar/flights -> /flights?__locale=ar
2026-07-26T11:20:16.722Z - INCOMING: /ar/flights | isRewritten: false | hasLocaleParam: false
2026-07-26T11:20:16.794Z - REWRITE: /ar/flights -> /flights?__locale=ar
2026-07-26T11:20:16.984Z - INCOMING: /ar/flights | isRewritten: false | hasLocaleParam: false
2026-07-26T11:20:17.003Z - REWRITE: /ar/flights -> /flights?__locale=ar
2026-07-26T11:20:17.243Z - INCOMING: /ar/flights | isRewritten: false | hasLocaleParam: false
2026-07-26T11:20:17.262Z - REWRITE: /ar/flights -> /flights?__locale=ar
2026-07-26T11:20:17.460Z - INCOMING: /ar/flights | isRewritten: false | hasLocaleParam: false
2026-07-26T11:20:17.480Z - REWRITE: /ar/flights -> /flights?__locale=ar
2026-07-26T11:20:17.705Z - INCOMING: /ar/flights | isRewritten: false | hasLocaleParam: false
2026-07-26T11:20:17.759Z - REWRITE: /ar/flights -> /flights?__locale=ar
2026-07-26T11:20:17.904Z - REWRITE: /ar/flights -> /flights?__locale=ar
2026-07-26T11:20:17.972Z - INCOMING: /ar/flights | isRewritten: false | hasLocaleParam: false
2026-07-26T11:20:18.150Z - INCOMING: /ar/flights | isRewritten: false | hasLocaleParam: false
2026-07-26T11:20:18.168Z - REWRITE: /ar/flights -> /flights?__locale=ar
2026-07-26T11:20:18.412Z - INCOMING: /ar/flights | isRewritten: false | hasLocaleParam: false
2026-07-26T11:20:18.430Z - REWRITE: /ar/flights -> /flights?__locale=ar
2026-07-26T11:20:18.577Z - INCOMING: /ar/flights | isRewritten: false | hasLocaleParam: false
2026-07-26T11:20:18.594Z - REWRITE: /ar/flights -> /flights?__locale=ar
2026-07-26T11:20:18.853Z - INCOMING: /ar/flights | isRewritten: false | hasLocaleParam: false
2026-07-26T11:20:18.870Z - REWRITE: /ar/flights -> /flights?__locale=ar
2026-07-26T11:20:19.026Z - INCOMING: /ar/flights | isRewritten: false | hasLocaleParam: false
2026-07-26T11:20:19.044Z - REWRITE: /ar/flights -> /flights?__locale=ar
2026-07-26T11:20:19.246Z - INCOMING: /ar/flights | isRewritten: false | hasLocaleParam: false
2026-07-26T11:20:19.273Z - REWRITE: /ar/flights -> /flights?__locale=ar
2026-07-26T11:20:19.428Z - INCOMING: /ar/flights | isRewritten: false | hasLocaleParam: false
2026-07-26T11:20:19.446Z - REWRITE: /ar/flights -> /flights?__locale=ar
2026-07-26T11:20:19.652Z - INCOMING: /ar/flights | isRewritten: false | hasLocaleParam: false
2026-07-26T11:20:19.670Z - REWRITE: /ar/flights -> /flights?__locale=ar
2026-07-26T11:20:19.965Z - INCOMING: /ar/flights | isRewritten: false | hasLocaleParam: false
2026-07-26T11:20:19.983Z - REWRITE: /ar/flights -> /flights?__locale=ar
2026-07-26T11:20:20.045Z - INCOMING: /ar/flights | isRewritten: false | hasLocaleParam: false
2026-07-26T11:20:20.107Z - REWRITE: /ar/flights -> /flights?__locale=ar
2026-07-26T11:20:20.279Z - INCOMING: /ar/flights | isRewritten: false | hasLocaleParam: false
2026-07-26T11:20:20.300Z - REWRITE: /ar/flights -> /flights?__locale=ar
2026-07-26T11:20:20.534Z - INCOMING: /ar/flights | isRewritten: false | hasLocaleParam: false
2026-07-26T11:20:20.552Z - REWRITE: /ar/flights -> /flights?__locale=ar
2026-07-26T11:20:51.879Z - INCOMING: /admin/articles | isRewritten: false | hasLocaleParam: false
2026-07-26T11:20:51.920Z - ADMIN PASSTHROUGH: /admin/articles
2026-07-26T11:20:51.949Z - REWRITE: /ar/flights -> /flights?__locale=ar
2026-07-26T11:20:51.975Z - INCOMING: /ar/flights | isRewritten: false | hasLocaleParam: false
2026-07-26T11:20:52.549Z - INCOMING: /admin/articles | isRewritten: false | hasLocaleParam: false
2026-07-26T11:20:52.567Z - ADMIN PASSTHROUGH: /admin/articles
2026-07-26T11:20:52.586Z - INCOMING: /ar/flights | isRewritten: false | hasLocaleParam: false
2026-07-26T11:20:52.605Z - REWRITE: /ar/flights -> /flights?__locale=ar
2026-07-26T11:20:52.857Z - INCOMING: /admin/articles | isRewritten: false | hasLocaleParam: false
2026-07-26T11:20:52.875Z - ADMIN PASSTHROUGH: /admin/articles
2026-07-26T11:20:52.940Z - INCOMING: /ar/flights | isRewritten: false | hasLocaleParam: false
2026-07-26T11:20:52.959Z - REWRITE: /ar/flights -> /flights?__locale=ar
2026-07-26T11:21:06.873Z - INCOMING: /admin/articles | isRewritten: false | hasLocaleParam: false
2026-07-26T11:21:06.896Z - ADMIN PASSTHROUGH: /admin/articles
2026-07-26T11:21:06.924Z - INCOMING: /ar/flights | isRewritten: false | hasLocaleParam: false
2026-07-26T11:21:06.945Z - REWRITE: /ar/flights -> /flights?__locale=ar
2026-07-26T11:21:07.297Z - INCOMING: /admin/articles | isRewritten: false | hasLocaleParam: false
2026-07-26T11:21:07.318Z - ADMIN PASSTHROUGH: /admin/articles
2026-07-26T11:21:07.339Z - INCOMING: /ar/flights | isRewritten: false | hasLocaleParam: false
2026-07-26T11:21:07.433Z - REWRITE: /ar/flights -> /flights?__locale=ar
2026-07-26T11:21:07.905Z - INCOMING: /admin/articles | isRewritten: false | hasLocaleParam: false
2026-07-26T11:21:07.942Z - ADMIN PASSTHROUGH: /admin/articles
2026-07-26T11:21:08.150Z - INCOMING: /ar/flights | isRewritten: false | hasLocaleParam: false
2026-07-26T11:21:08.170Z - REWRITE: /ar/flights -> /flights?__locale=ar
2026-07-26T11:21:25.508Z - INCOMING: /admin/articles | isRewritten: false | hasLocaleParam: false
2026-07-26T11:21:25.530Z - ADMIN PASSTHROUGH: /admin/articles
2026-07-26T11:21:25.550Z - REWRITE: /ar/flights -> /flights?__locale=ar
2026-07-26T11:21:25.581Z - INCOMING: /ar/flights | isRewritten: false | hasLocaleParam: false
2026-07-26T11:21:25.930Z - INCOMING: /admin/articles | isRewritten: false | hasLocaleParam: false
2026-07-26T11:21:25.951Z - ADMIN PASSTHROUGH: /admin/articles
2026-07-26T11:21:25.972Z - INCOMING: /ar/flights | isRewritten: false | hasLocaleParam: false
2026-07-26T11:21:25.991Z - REWRITE: /ar/flights -> /flights?__locale=ar
2026-07-26T11:21:26.342Z - INCOMING: /admin/articles | isRewritten: false | hasLocaleParam: false
2026-07-26T11:21:26.427Z - ADMIN PASSTHROUGH: /admin/articles
2026-07-26T11:21:26.664Z - INCOMING: /ar/flights | isRewritten: false | hasLocaleParam: false
2026-07-26T11:21:26.723Z - REWRITE: /ar/flights -> /flights?__locale=ar
2026-07-26T11:21:34.281Z - INCOMING: /admin/articles | isRewritten: false | hasLocaleParam: false
2026-07-26T11:21:34.299Z - ADMIN PASSTHROUGH: /admin/articles
2026-07-26T11:21:57.720Z - INCOMING: /ar/flights | isRewritten: false | hasLocaleParam: false
2026-07-26T11:21:57.741Z - INCOMING: /admin/articles | isRewritten: false | hasLocaleParam: false
2026-07-26T11:21:57.761Z - ADMIN PASSTHROUGH: /admin/articles
2026-07-26T11:21:57.798Z - REWRITE: /ar/flights -> /flights?__locale=ar
2026-07-26T11:21:58.251Z - INCOMING: /admin/articles | isRewritten: false | hasLocaleParam: false
2026-07-26T11:21:58.270Z - ADMIN PASSTHROUGH: /admin/articles
2026-07-26T11:21:58.315Z - INCOMING: /ar/flights | isRewritten: false | hasLocaleParam: false
2026-07-26T11:21:58.335Z - REWRITE: /ar/flights -> /flights?__locale=ar
2026-07-26T11:21:58.599Z - INCOMING: /admin/articles | isRewritten: false | hasLocaleParam: false
2026-07-26T11:21:58.617Z - ADMIN PASSTHROUGH: /admin/articles
2026-07-26T11:21:58.804Z - INCOMING: /admin/articles | isRewritten: false | hasLocaleParam: false
2026-07-26T11:21:58.822Z - ADMIN PASSTHROUGH: /admin/articles
2026-07-26T11:21:58.970Z - INCOMING: /admin/articles | isRewritten: false | hasLocaleParam: false
2026-07-26T11:21:58.995Z - ADMIN PASSTHROUGH: /admin/articles
2026-07-26T11:21:59.173Z - INCOMING: /admin/articles | isRewritten: false | hasLocaleParam: false
2026-07-26T11:21:59.191Z - ADMIN PASSTHROUGH: /admin/articles
2026-07-26T11:21:59.311Z - INCOMING: /admin/articles | isRewritten: false | hasLocaleParam: false
2026-07-26T11:21:59.328Z - ADMIN PASSTHROUGH: /admin/articles
2026-07-26T11:21:59.495Z - INCOMING: /admin/articles | isRewritten: false | hasLocaleParam: false
2026-07-26T11:21:59.519Z - ADMIN PASSTHROUGH: /admin/articles
2026-07-26T11:21:59.664Z - INCOMING: /admin/articles | isRewritten: false | hasLocaleParam: false
2026-07-26T11:21:59.682Z - ADMIN PASSTHROUGH: /admin/articles
2026-07-26T11:21:59.827Z - INCOMING: /admin/articles | isRewritten: false | hasLocaleParam: false
2026-07-26T11:21:59.853Z - ADMIN PASSTHROUGH: /admin/articles
2026-07-26T11:22:00.021Z - INCOMING: /admin/articles | isRewritten: false | hasLocaleParam: false
2026-07-26T11:22:00.041Z - ADMIN PASSTHROUGH: /admin/articles
2026-07-26T11:22:00.181Z - INCOMING: /admin/articles | isRewritten: false | hasLocaleParam: false
2026-07-26T11:22:00.201Z - ADMIN PASSTHROUGH: /admin/articles
2026-07-26T11:22:00.398Z - INCOMING: /admin/articles | isRewritten: false | hasLocaleParam: false
2026-07-26T11:22:00.416Z - ADMIN PASSTHROUGH: /admin/articles
2026-07-26T11:22:00.549Z - ADMIN PASSTHROUGH: /admin/articles
2026-07-26T11:22:00.568Z - INCOMING: /admin/articles | isRewritten: false | hasLocaleParam: false
2026-07-26T11:22:00.711Z - INCOMING: /admin/articles | isRewritten: false | hasLocaleParam: false
2026-07-26T11:22:00.729Z - ADMIN PASSTHROUGH: /admin/articles
2026-07-26T11:22:00.905Z - INCOMING: /admin/articles | isRewritten: false | hasLocaleParam: false
2026-07-26T11:22:00.923Z - ADMIN PASSTHROUGH: /admin/articles
2026-07-26T11:22:01.047Z - INCOMING: /admin/articles | isRewritten: false | hasLocaleParam: false
2026-07-26T11:22:01.065Z - ADMIN PASSTHROUGH: /admin/articles
2026-07-26T11:22:01.253Z - INCOMING: /admin/articles | isRewritten: false | hasLocaleParam: false
2026-07-26T11:22:01.273Z - ADMIN PASSTHROUGH: /admin/articles
2026-07-26T11:22:01.395Z - INCOMING: /admin/articles | isRewritten: false | hasLocaleParam: false
2026-07-26T11:22:01.414Z - ADMIN PASSTHROUGH: /admin/articles
2026-07-26T11:22:01.480Z - INCOMING: /admin/articles | isRewritten: false | hasLocaleParam: false
2026-07-26T11:22:01.502Z - ADMIN PASSTHROUGH: /admin/articles
2026-07-26T11:22:01.931Z - INCOMING: /admin/articles | isRewritten: false | hasLocaleParam: false
2026-07-26T11:22:01.952Z - ADMIN PASSTHROUGH: /admin/articles
2026-07-26T11:22:02.064Z - INCOMING: /ar/flights | isRewritten: false | hasLocaleParam: false
2026-07-26T11:22:02.083Z - REWRITE: /ar/flights -> /flights?__locale=ar
2026-07-26T11:22:02.307Z - INCOMING: /ar/flights | isRewritten: false | hasLocaleParam: false
2026-07-26T11:22:02.331Z - REWRITE: /ar/flights -> /flights?__locale=ar
2026-07-26T11:22:02.455Z - INCOMING: /ar/flights | isRewritten: false | hasLocaleParam: false
2026-07-26T11:22:02.474Z - REWRITE: /ar/flights -> /flights?__locale=ar
2026-07-26T11:22:02.741Z - INCOMING: /ar/flights | isRewritten: false | hasLocaleParam: false
2026-07-26T11:22:02.764Z - REWRITE: /ar/flights -> /flights?__locale=ar
2026-07-26T11:22:03.033Z - INCOMING: /ar/flights | isRewritten: false | hasLocaleParam: false
2026-07-26T11:22:03.049Z - REWRITE: /ar/flights -> /flights?__locale=ar
2026-07-26T11:22:03.286Z - INCOMING: /ar/flights | isRewritten: false | hasLocaleParam: false
2026-07-26T11:22:03.303Z - REWRITE: /ar/flights -> /flights?__locale=ar
2026-07-26T11:22:03.563Z - INCOMING: /ar/flights | isRewritten: false | hasLocaleParam: false
2026-07-26T11:22:03.579Z - REWRITE: /ar/flights -> /flights?__locale=ar
2026-07-26T11:22:03.634Z - INCOMING: /ar/flights | isRewritten: false | hasLocaleParam: false
2026-07-26T11:22:03.652Z - REWRITE: /ar/flights -> /flights?__locale=ar
2026-07-26T11:22:03.907Z - INCOMING: /ar/flights | isRewritten: false | hasLocaleParam: false
2026-07-26T11:22:03.925Z - REWRITE: /ar/flights -> /flights?__locale=ar
2026-07-26T11:22:04.144Z - INCOMING: /ar/flights | isRewritten: false | hasLocaleParam: false
2026-07-26T11:22:04.163Z - REWRITE: /ar/flights -> /flights?__locale=ar
2026-07-26T11:22:04.369Z - INCOMING: /ar/flights | isRewritten: false | hasLocaleParam: false
2026-07-26T11:22:04.388Z - REWRITE: /ar/flights -> /flights?__locale=ar
2026-07-26T11:22:04.568Z - INCOMING: /ar/flights | isRewritten: false | hasLocaleParam: false
2026-07-26T11:22:04.619Z - REWRITE: /ar/flights -> /flights?__locale=ar
2026-07-26T11:22:04.736Z - INCOMING: /ar/flights | isRewritten: false | hasLocaleParam: false
2026-07-26T11:22:04.754Z - REWRITE: /ar/flights -> /flights?__locale=ar
2026-07-26T11:22:04.988Z - INCOMING: /ar/flights | isRewritten: false | hasLocaleParam: false
2026-07-26T11:22:05.006Z - REWRITE: /ar/flights -> /flights?__locale=ar
2026-07-26T11:22:05.193Z - INCOMING: /ar/flights | isRewritten: false | hasLocaleParam: false
2026-07-26T11:22:05.242Z - REWRITE: /ar/flights -> /flights?__locale=ar
2026-07-26T11:22:05.419Z - INCOMING: /ar/flights | isRewritten: false | hasLocaleParam: false
2026-07-26T11:22:05.472Z - REWRITE: /ar/flights -> /flights?__locale=ar
2026-07-26T11:22:05.655Z - INCOMING: /ar/flights | isRewritten: false | hasLocaleParam: false
2026-07-26T11:22:05.672Z - REWRITE: /ar/flights -> /flights?__locale=ar
2026-07-26T11:22:05.818Z - INCOMING: /ar/flights | isRewritten: false | hasLocaleParam: false
2026-07-26T11:22:05.839Z - REWRITE: /ar/flights -> /flights?__locale=ar
2026-07-26T11:22:06.086Z - INCOMING: /ar/flights | isRewritten: false | hasLocaleParam: false
2026-07-26T11:22:06.104Z - REWRITE: /ar/flights -> /flights?__locale=ar
2026-07-26T11:22:26.560Z - INCOMING: /admin/articles | isRewritten: false | hasLocaleParam: false
2026-07-26T11:22:26.584Z - ADMIN PASSTHROUGH: /admin/articles
2026-07-26T11:22:26.652Z - REWRITE: /ar/flights -> /flights?__locale=ar
2026-07-26T11:22:26.697Z - INCOMING: /ar/flights | isRewritten: false | hasLocaleParam: false
2026-07-26T11:22:27.065Z - INCOMING: /admin/articles | isRewritten: false | hasLocaleParam: false
2026-07-26T11:22:27.096Z - ADMIN PASSTHROUGH: /admin/articles
2026-07-26T11:22:27.117Z - INCOMING: /ar/flights | isRewritten: false | hasLocaleParam: false
2026-07-26T11:22:27.139Z - REWRITE: /ar/flights -> /flights?__locale=ar
2026-07-26T11:22:27.409Z - INCOMING: /admin/articles | isRewritten: false | hasLocaleParam: false
2026-07-26T11:22:27.432Z - ADMIN PASSTHROUGH: /admin/articles
2026-07-26T11:22:27.829Z - INCOMING: /admin/articles | isRewritten: false | hasLocaleParam: false
2026-07-26T11:22:27.847Z - ADMIN PASSTHROUGH: /admin/articles
2026-07-26T11:22:28.000Z - INCOMING: /admin/articles | isRewritten: false | hasLocaleParam: false
2026-07-26T11:22:28.021Z - ADMIN PASSTHROUGH: /admin/articles
2026-07-26T11:22:28.072Z - INCOMING: /admin/articles | isRewritten: false | hasLocaleParam: false
2026-07-26T11:22:28.090Z - ADMIN PASSTHROUGH: /admin/articles
2026-07-26T11:22:28.328Z - INCOMING: /admin/articles | isRewritten: false | hasLocaleParam: false
2026-07-26T11:22:28.346Z - ADMIN PASSTHROUGH: /admin/articles
2026-07-26T11:22:28.414Z - INCOMING: /admin/articles | isRewritten: false | hasLocaleParam: false
2026-07-26T11:22:28.431Z - ADMIN PASSTHROUGH: /admin/articles
2026-07-26T11:22:28.670Z - INCOMING: /admin/articles | isRewritten: false | hasLocaleParam: false
2026-07-26T11:22:28.691Z - ADMIN PASSTHROUGH: /admin/articles
2026-07-26T11:22:28.750Z - INCOMING: /admin/articles | isRewritten: false | hasLocaleParam: false
2026-07-26T11:22:28.769Z - ADMIN PASSTHROUGH: /admin/articles
2026-07-26T11:22:29.023Z - INCOMING: /admin/articles | isRewritten: false | hasLocaleParam: false
2026-07-26T11:22:29.040Z - ADMIN PASSTHROUGH: /admin/articles
2026-07-26T11:22:29.163Z - INCOMING: /admin/articles | isRewritten: false | hasLocaleParam: false
2026-07-26T11:22:29.183Z - ADMIN PASSTHROUGH: /admin/articles
2026-07-26T11:22:29.336Z - INCOMING: /admin/articles | isRewritten: false | hasLocaleParam: false
2026-07-26T11:22:29.361Z - ADMIN PASSTHROUGH: /admin/articles
2026-07-26T11:22:29.500Z - INCOMING: /admin/articles | isRewritten: false | hasLocaleParam: false
2026-07-26T11:22:29.519Z - ADMIN PASSTHROUGH: /admin/articles
2026-07-26T11:22:29.589Z - ADMIN PASSTHROUGH: /admin/articles
2026-07-26T11:22:29.606Z - INCOMING: /admin/articles | isRewritten: false | hasLocaleParam: false
2026-07-26T11:22:29.835Z - INCOMING: /admin/articles | isRewritten: false | hasLocaleParam: false
2026-07-26T11:22:29.871Z - ADMIN PASSTHROUGH: /admin/articles
2026-07-26T11:22:29.986Z - INCOMING: /admin/articles | isRewritten: false | hasLocaleParam: false
2026-07-26T11:22:30.004Z - ADMIN PASSTHROUGH: /admin/articles
2026-07-26T11:22:30.150Z - INCOMING: /admin/articles | isRewritten: false | hasLocaleParam: false
2026-07-26T11:22:30.181Z - ADMIN PASSTHROUGH: /admin/articles
2026-07-26T11:22:30.327Z - INCOMING: /admin/articles | isRewritten: false | hasLocaleParam: false
2026-07-26T11:22:30.345Z - ADMIN PASSTHROUGH: /admin/articles
2026-07-26T11:22:30.498Z - INCOMING: /admin/articles | isRewritten: false | hasLocaleParam: false
2026-07-26T11:22:30.517Z - ADMIN PASSTHROUGH: /admin/articles
2026-07-26T11:22:30.684Z - INCOMING: /admin/articles | isRewritten: false | hasLocaleParam: false
2026-07-26T11:22:30.705Z - ADMIN PASSTHROUGH: /admin/articles
2026-07-26T11:22:30.830Z - INCOMING: /admin/articles | isRewritten: false | hasLocaleParam: false
2026-07-26T11:22:30.851Z - ADMIN PASSTHROUGH: /admin/articles
2026-07-26T11:22:31.018Z - INCOMING: /admin/articles | isRewritten: false | hasLocaleParam: false
2026-07-26T11:22:31.037Z - ADMIN PASSTHROUGH: /admin/articles
2026-07-26T11:22:31.171Z - INCOMING: /admin/articles | isRewritten: false | hasLocaleParam: false
2026-07-26T11:22:31.206Z - ADMIN PASSTHROUGH: /admin/articles
2026-07-26T11:22:31.369Z - INCOMING: /admin/articles | isRewritten: false | hasLocaleParam: false
2026-07-26T11:22:31.387Z - ADMIN PASSTHROUGH: /admin/articles
2026-07-26T11:22:31.618Z - INCOMING: /admin/articles | isRewritten: false | hasLocaleParam: false
2026-07-26T11:22:31.638Z - ADMIN PASSTHROUGH: /admin/articles
2026-07-26T11:22:31.691Z - INCOMING: /admin/articles | isRewritten: false | hasLocaleParam: false
2026-07-26T11:22:31.709Z - ADMIN PASSTHROUGH: /admin/articles
2026-07-26T11:22:31.859Z - INCOMING: /admin/articles | isRewritten: false | hasLocaleParam: false
2026-07-26T11:22:31.878Z - ADMIN PASSTHROUGH: /admin/articles
2026-07-26T11:22:32.019Z - INCOMING: /admin/articles | isRewritten: false | hasLocaleParam: false
2026-07-26T11:22:32.038Z - ADMIN PASSTHROUGH: /admin/articles
2026-07-26T11:22:32.221Z - INCOMING: /admin/articles | isRewritten: false | hasLocaleParam: false
2026-07-26T11:22:32.241Z - ADMIN PASSTHROUGH: /admin/articles
2026-07-26T11:22:32.465Z - INCOMING: /admin/articles | isRewritten: false | hasLocaleParam: false
2026-07-26T11:22:32.484Z - ADMIN PASSTHROUGH: /admin/articles
2026-07-26T11:22:32.514Z - INCOMING: /admin/articles | isRewritten: false | hasLocaleParam: false
2026-07-26T11:22:32.534Z - ADMIN PASSTHROUGH: /admin/articles
2026-07-26T11:22:32.709Z - INCOMING: /admin/articles | isRewritten: false | hasLocaleParam: false
2026-07-26T11:22:32.733Z - ADMIN PASSTHROUGH: /admin/articles
2026-07-26T11:22:32.847Z - INCOMING: /admin/articles | isRewritten: false | hasLocaleParam: false
2026-07-26T11:22:32.864Z - ADMIN PASSTHROUGH: /admin/articles
2026-07-26T11:22:33.064Z - INCOMING: /admin/articles | isRewritten: false | hasLocaleParam: false
2026-07-26T11:22:33.082Z - ADMIN PASSTHROUGH: /admin/articles
2026-07-26T11:22:33.206Z - INCOMING: /admin/articles | isRewritten: false | hasLocaleParam: false
2026-07-26T11:22:33.223Z - ADMIN PASSTHROUGH: /admin/articles
2026-07-26T11:22:33.252Z - INCOMING: /admin/articles | isRewritten: false | hasLocaleParam: false
2026-07-26T11:22:33.375Z - ADMIN PASSTHROUGH: /admin/articles
2026-07-26T11:22:33.538Z - INCOMING: /admin/articles | isRewritten: false | hasLocaleParam: false
2026-07-26T11:22:33.570Z - ADMIN PASSTHROUGH: /admin/articles
2026-07-26T11:22:33.611Z - INCOMING: /admin/articles | isRewritten: false | hasLocaleParam: false
2026-07-26T11:22:33.628Z - ADMIN PASSTHROUGH: /admin/articles
2026-07-26T11:22:33.890Z - INCOMING: /admin/articles | isRewritten: false | hasLocaleParam: false
2026-07-26T11:22:33.936Z - ADMIN PASSTHROUGH: /admin/articles
2026-07-26T11:22:34.128Z - INCOMING: /admin/articles | isRewritten: false | hasLocaleParam: false
2026-07-26T11:22:34.146Z - ADMIN PASSTHROUGH: /admin/articles
2026-07-26T11:22:34.177Z - INCOMING: /admin/articles | isRewritten: false | hasLocaleParam: false
2026-07-26T11:22:34.195Z - ADMIN PASSTHROUGH: /admin/articles
2026-07-26T11:22:34.358Z - INCOMING: /admin/articles | isRewritten: false | hasLocaleParam: false
2026-07-26T11:22:34.377Z - ADMIN PASSTHROUGH: /admin/articles
2026-07-26T11:22:34.529Z - INCOMING: /admin/articles | isRewritten: false | hasLocaleParam: false
2026-07-26T11:22:34.547Z - ADMIN PASSTHROUGH: /admin/articles
2026-07-26T11:22:34.720Z - INCOMING: /admin/articles | isRewritten: false | hasLocaleParam: false
2026-07-26T11:22:34.738Z - ADMIN PASSTHROUGH: /admin/articles
2026-07-26T11:22:34.851Z - INCOMING: /admin/articles | isRewritten: false | hasLocaleParam: false
2026-07-26T11:22:34.868Z - ADMIN PASSTHROUGH: /admin/articles
2026-07-26T11:22:35.000Z - INCOMING: /admin/articles | isRewritten: false | hasLocaleParam: false
2026-07-26T11:22:35.020Z - ADMIN PASSTHROUGH: /admin/articles
2026-07-26T11:22:35.190Z - INCOMING: /admin/articles | isRewritten: false | hasLocaleParam: false
2026-07-26T11:22:35.211Z - ADMIN PASSTHROUGH: /admin/articles
2026-07-26T11:22:35.405Z - INCOMING: /admin/articles | isRewritten: false | hasLocaleParam: false
2026-07-26T11:22:35.424Z - ADMIN PASSTHROUGH: /admin/articles
2026-07-26T11:22:35.627Z - INCOMING: /admin/articles | isRewritten: false | hasLocaleParam: false
2026-07-26T11:22:35.662Z - ADMIN PASSTHROUGH: /admin/articles
2026-07-26T11:22:35.793Z - INCOMING: /admin/articles | isRewritten: false | hasLocaleParam: false
2026-07-26T11:22:35.813Z - ADMIN PASSTHROUGH: /admin/articles
2026-07-26T11:22:36.016Z - INCOMING: /admin/articles | isRewritten: false | hasLocaleParam: false
2026-07-26T11:22:36.042Z - ADMIN PASSTHROUGH: /admin/articles
2026-07-26T11:22:36.222Z - INCOMING: /admin/articles | isRewritten: false | hasLocaleParam: false
2026-07-26T11:22:36.246Z - ADMIN PASSTHROUGH: /admin/articles
2026-07-26T11:22:36.426Z - INCOMING: /admin/articles | isRewritten: false | hasLocaleParam: false
2026-07-26T11:22:36.449Z - ADMIN PASSTHROUGH: /admin/articles
2026-07-26T11:22:36.636Z - INCOMING: /admin/articles | isRewritten: false | hasLocaleParam: false
2026-07-26T11:22:36.656Z - ADMIN PASSTHROUGH: /admin/articles
2026-07-26T11:22:36.788Z - INCOMING: /admin/articles | isRewritten: false | hasLocaleParam: false
2026-07-26T11:22:36.807Z - ADMIN PASSTHROUGH: /admin/articles
2026-07-26T11:22:36.970Z - INCOMING: /admin/articles | isRewritten: false | hasLocaleParam: false
2026-07-26T11:22:36.992Z - ADMIN PASSTHROUGH: /admin/articles
2026-07-26T11:22:37.171Z - INCOMING: /admin/articles | isRewritten: false | hasLocaleParam: false
2026-07-26T11:22:37.193Z - ADMIN PASSTHROUGH: /admin/articles
2026-07-26T11:22:37.374Z - INCOMING: /admin/articles | isRewritten: false | hasLocaleParam: false
2026-07-26T11:22:37.400Z - ADMIN PASSTHROUGH: /admin/articles
2026-07-26T11:22:37.665Z - INCOMING: /admin/articles | isRewritten: false | hasLocaleParam: false
2026-07-26T11:22:37.685Z - ADMIN PASSTHROUGH: /admin/articles
2026-07-26T11:22:37.720Z - INCOMING: /admin/articles | isRewritten: false | hasLocaleParam: false
2026-07-26T11:22:37.739Z - ADMIN PASSTHROUGH: /admin/articles
2026-07-26T11:22:37.776Z - INCOMING: /admin/articles | isRewritten: false | hasLocaleParam: false
2026-07-26T11:22:37.798Z - ADMIN PASSTHROUGH: /admin/articles
2026-07-26T11:22:38.083Z - INCOMING: /admin/articles | isRewritten: false | hasLocaleParam: false
2026-07-26T11:22:38.102Z - ADMIN PASSTHROUGH: /admin/articles
2026-07-26T11:22:38.291Z - INCOMING: /admin/articles | isRewritten: false | hasLocaleParam: false
2026-07-26T11:22:38.329Z - ADMIN PASSTHROUGH: /admin/articles
2026-07-26T11:22:39.801Z - INCOMING: /admin/articles | isRewritten: false | hasLocaleParam: false
2026-07-26T11:22:39.823Z - ADMIN PASSTHROUGH: /admin/articles
2026-07-26T11:22:40.078Z - INCOMING: /admin/articles | isRewritten: false | hasLocaleParam: false
2026-07-26T11:22:40.099Z - ADMIN PASSTHROUGH: /admin/articles
2026-07-26T11:22:40.132Z - INCOMING: /admin/articles | isRewritten: false | hasLocaleParam: false
2026-07-26T11:22:40.152Z - ADMIN PASSTHROUGH: /admin/articles
2026-07-26T11:22:40.363Z - INCOMING: /admin/articles | isRewritten: false | hasLocaleParam: false
2026-07-26T11:22:40.407Z - ADMIN PASSTHROUGH: /admin/articles
2026-07-26T11:22:40.473Z - ADMIN PASSTHROUGH: /admin/articles
2026-07-26T11:22:40.496Z - INCOMING: /admin/articles | isRewritten: false | hasLocaleParam: false
2026-07-26T11:22:40.807Z - INCOMING: /admin/articles | isRewritten: false | hasLocaleParam: false
2026-07-26T11:22:40.826Z - ADMIN PASSTHROUGH: /admin/articles
2026-07-26T11:22:41.071Z - INCOMING: /admin/articles | isRewritten: false | hasLocaleParam: false
2026-07-26T11:22:41.091Z - ADMIN PASSTHROUGH: /admin/articles
2026-07-26T11:22:41.110Z - INCOMING: /admin/articles | isRewritten: false | hasLocaleParam: false
2026-07-26T11:22:41.128Z - ADMIN PASSTHROUGH: /admin/articles
2026-07-26T11:22:41.311Z - INCOMING: /admin/articles | isRewritten: false | hasLocaleParam: false
2026-07-26T11:22:41.337Z - ADMIN PASSTHROUGH: /admin/articles
2026-07-26T11:22:41.398Z - ADMIN PASSTHROUGH: /admin/articles
2026-07-26T11:22:41.416Z - INCOMING: /admin/articles | isRewritten: false | hasLocaleParam: false
2026-07-26T11:22:41.689Z - INCOMING: /admin/articles | isRewritten: false | hasLocaleParam: false
2026-07-26T11:22:41.708Z - ADMIN PASSTHROUGH: /admin/articles
2026-07-26T11:22:41.927Z - INCOMING: /admin/articles | isRewritten: false | hasLocaleParam: false
2026-07-26T11:22:41.944Z - ADMIN PASSTHROUGH: /admin/articles
2026-07-26T11:22:41.964Z - INCOMING: /admin/articles | isRewritten: false | hasLocaleParam: false
2026-07-26T11:22:41.982Z - ADMIN PASSTHROUGH: /admin/articles
2026-07-26T11:22:42.214Z - INCOMING: /admin/articles | isRewritten: false | hasLocaleParam: false
2026-07-26T11:22:42.245Z - ADMIN PASSTHROUGH: /admin/articles
2026-07-26T11:22:42.778Z - INCOMING: /admin/articles | isRewritten: false | hasLocaleParam: false
2026-07-26T11:22:42.800Z - ADMIN PASSTHROUGH: /admin/articles
2026-07-26T11:22:43.039Z - INCOMING: /admin/articles | isRewritten: false | hasLocaleParam: false
2026-07-26T11:22:43.056Z - ADMIN PASSTHROUGH: /admin/articles
2026-07-26T11:22:43.187Z - INCOMING: /admin/articles | isRewritten: false | hasLocaleParam: false
2026-07-26T11:22:43.206Z - ADMIN PASSTHROUGH: /admin/articles
2026-07-26T11:22:43.223Z - INCOMING: /admin/articles | isRewritten: false | hasLocaleParam: false
2026-07-26T11:22:43.253Z - ADMIN PASSTHROUGH: /admin/articles
2026-07-26T11:22:43.317Z - INCOMING: /admin/articles | isRewritten: false | hasLocaleParam: false
2026-07-26T11:22:43.334Z - ADMIN PASSTHROUGH: /admin/articles
2026-07-26T11:22:43.589Z - INCOMING: /admin/articles | isRewritten: false | hasLocaleParam: false
2026-07-26T11:22:43.606Z - ADMIN PASSTHROUGH: /admin/articles
2026-07-26T11:22:43.865Z - INCOMING: /admin/articles | isRewritten: false | hasLocaleParam: false
2026-07-26T11:22:43.884Z - ADMIN PASSTHROUGH: /admin/articles
2026-07-26T11:22:43.919Z - INCOMING: /admin/articles | isRewritten: false | hasLocaleParam: false
2026-07-26T11:22:43.938Z - ADMIN PASSTHROUGH: /admin/articles
2026-07-26T11:22:44.068Z - INCOMING: /admin/articles | isRewritten: false | hasLocaleParam: false
2026-07-26T11:22:44.090Z - ADMIN PASSTHROUGH: /admin/articles
2026-07-26T11:22:44.269Z - INCOMING: /admin/articles | isRewritten: false | hasLocaleParam: false
2026-07-26T11:22:44.287Z - ADMIN PASSTHROUGH: /admin/articles
2026-07-26T11:22:44.439Z - INCOMING: /admin/articles | isRewritten: false | hasLocaleParam: false
2026-07-26T11:22:44.457Z - ADMIN PASSTHROUGH: /admin/articles
2026-07-26T11:22:44.805Z - INCOMING: /admin/articles | isRewritten: false | hasLocaleParam: false
2026-07-26T11:22:44.824Z - ADMIN PASSTHROUGH: /admin/articles
2026-07-26T11:22:44.842Z - INCOMING: /admin/articles | isRewritten: false | hasLocaleParam: false
2026-07-26T11:22:44.861Z - ADMIN PASSTHROUGH: /admin/articles
2026-07-26T11:22:44.893Z - INCOMING: /admin/articles | isRewritten: false | hasLocaleParam: false
2026-07-26T11:22:44.911Z - ADMIN PASSTHROUGH: /admin/articles
2026-07-26T11:22:45.072Z - INCOMING: /admin/articles | isRewritten: false | hasLocaleParam: false
2026-07-26T11:22:45.097Z - ADMIN PASSTHROUGH: /admin/articles
2026-07-26T11:22:45.236Z - INCOMING: /admin/articles | isRewritten: false | hasLocaleParam: false
2026-07-26T11:22:45.262Z - ADMIN PASSTHROUGH: /admin/articles
2026-07-26T11:22:45.605Z - INCOMING: /admin/articles | isRewritten: false | hasLocaleParam: false
2026-07-26T11:22:45.624Z - ADMIN PASSTHROUGH: /admin/articles
2026-07-26T11:22:45.649Z - INCOMING: /admin/articles | isRewritten: false | hasLocaleParam: false
2026-07-26T11:22:45.666Z - ADMIN PASSTHROUGH: /admin/articles
2026-07-26T11:22:45.686Z - INCOMING: /admin/articles | isRewritten: false | hasLocaleParam: false
2026-07-26T11:22:45.705Z - ADMIN PASSTHROUGH: /admin/articles
2026-07-26T11:22:45.887Z - INCOMING: /admin/articles | isRewritten: false | hasLocaleParam: false
2026-07-26T11:22:45.904Z - ADMIN PASSTHROUGH: /admin/articles
2026-07-26T11:22:46.044Z - INCOMING: /admin/articles | isRewritten: false | hasLocaleParam: false
2026-07-26T11:22:46.062Z - ADMIN PASSTHROUGH: /admin/articles
2026-07-26T11:22:46.525Z - INCOMING: /admin/articles | isRewritten: false | hasLocaleParam: false
2026-07-26T11:22:46.543Z - ADMIN PASSTHROUGH: /admin/articles
2026-07-26T11:22:46.586Z - INCOMING: /ar/flights | isRewritten: false | hasLocaleParam: false
2026-07-26T11:22:46.603Z - REWRITE: /ar/flights -> /flights?__locale=ar
2026-07-26T11:22:46.621Z - INCOMING: /ar/flights | isRewritten: false | hasLocaleParam: false
2026-07-26T11:22:46.638Z - REWRITE: /ar/flights -> /flights?__locale=ar
2026-07-26T11:22:46.973Z - INCOMING: /ar/flights | isRewritten: false | hasLocaleParam: false
2026-07-26T11:22:46.992Z - REWRITE: /ar/flights -> /flights?__locale=ar
2026-07-26T11:22:47.107Z - INCOMING: /ar/flights | isRewritten: false | hasLocaleParam: false
2026-07-26T11:22:47.125Z - REWRITE: /ar/flights -> /flights?__locale=ar
2026-07-26T11:22:47.354Z - INCOMING: /ar/flights | isRewritten: false | hasLocaleParam: false
2026-07-26T11:22:47.372Z - REWRITE: /ar/flights -> /flights?__locale=ar
2026-07-26T11:22:47.626Z - INCOMING: /ar/flights | isRewritten: false | hasLocaleParam: false
2026-07-26T11:22:47.687Z - REWRITE: /ar/flights -> /flights?__locale=ar
2026-07-26T11:22:47.802Z - INCOMING: /ar/flights | isRewritten: false | hasLocaleParam: false
2026-07-26T11:22:47.820Z - REWRITE: /ar/flights -> /flights?__locale=ar
2026-07-26T11:22:48.125Z - INCOMING: /ar/flights | isRewritten: false | hasLocaleParam: false
2026-07-26T11:22:48.144Z - REWRITE: /ar/flights -> /flights?__locale=ar
2026-07-26T11:22:48.213Z - INCOMING: /ar/flights | isRewritten: false | hasLocaleParam: false
2026-07-26T11:22:48.234Z - REWRITE: /ar/flights -> /flights?__locale=ar
2026-07-26T11:22:48.552Z - INCOMING: /ar/flights | isRewritten: false | hasLocaleParam: false
2026-07-26T11:22:48.571Z - REWRITE: /ar/flights -> /flights?__locale=ar
2026-07-26T11:22:48.774Z - INCOMING: /ar/flights | isRewritten: false | hasLocaleParam: false
2026-07-26T11:22:48.790Z - REWRITE: /ar/flights -> /flights?__locale=ar
2026-07-26T11:22:48.924Z - INCOMING: /ar/flights | isRewritten: false | hasLocaleParam: false
2026-07-26T11:22:48.942Z - REWRITE: /ar/flights -> /flights?__locale=ar
2026-07-26T11:22:49.187Z - INCOMING: /ar/flights | isRewritten: false | hasLocaleParam: false
2026-07-26T11:22:49.204Z - REWRITE: /ar/flights -> /flights?__locale=ar
2026-07-26T11:22:49.360Z - INCOMING: /ar/flights | isRewritten: false | hasLocaleParam: false
2026-07-26T11:22:49.413Z - REWRITE: /ar/flights -> /flights?__locale=ar
2026-07-26T11:22:49.679Z - INCOMING: /ar/flights | isRewritten: false | hasLocaleParam: false
2026-07-26T11:22:49.699Z - REWRITE: /ar/flights -> /flights?__locale=ar
2026-07-26T11:22:49.888Z - INCOMING: /ar/flights | isRewritten: false | hasLocaleParam: false
2026-07-26T11:22:49.906Z - REWRITE: /ar/flights -> /flights?__locale=ar
2026-07-26T11:22:50.049Z - INCOMING: /ar/flights | isRewritten: false | hasLocaleParam: false
2026-07-26T11:22:50.068Z - REWRITE: /ar/flights -> /flights?__locale=ar
2026-07-26T11:22:50.342Z - INCOMING: /ar/flights | isRewritten: false | hasLocaleParam: false
2026-07-26T11:22:50.360Z - REWRITE: /ar/flights -> /flights?__locale=ar
2026-07-26T11:22:50.515Z - INCOMING: /ar/flights | isRewritten: false | hasLocaleParam: false
2026-07-26T11:22:50.533Z - REWRITE: /ar/flights -> /flights?__locale=ar
2026-07-26T11:22:50.776Z - INCOMING: /ar/flights | isRewritten: false | hasLocaleParam: false
2026-07-26T11:22:50.794Z - REWRITE: /ar/flights -> /flights?__locale=ar
2026-07-26T11:22:51.092Z - INCOMING: /ar/flights | isRewritten: false | hasLocaleParam: false
2026-07-26T11:22:51.110Z - REWRITE: /ar/flights -> /flights?__locale=ar
2026-07-26T11:22:51.169Z - INCOMING: /ar/flights | isRewritten: false | hasLocaleParam: false
2026-07-26T11:22:51.232Z - REWRITE: /ar/flights -> /flights?__locale=ar
2026-07-26T11:22:51.519Z - INCOMING: /ar/flights | isRewritten: false | hasLocaleParam: false
2026-07-26T11:22:51.536Z - REWRITE: /ar/flights -> /flights?__locale=ar
2026-07-26T11:22:51.675Z - INCOMING: /ar/flights | isRewritten: false | hasLocaleParam: false
2026-07-26T11:22:51.695Z - REWRITE: /ar/flights -> /flights?__locale=ar
2026-07-26T11:22:51.896Z - INCOMING: /ar/flights | isRewritten: false | hasLocaleParam: false
2026-07-26T11:22:51.913Z - REWRITE: /ar/flights -> /flights?__locale=ar
2026-07-26T11:22:52.189Z - INCOMING: /ar/flights | isRewritten: false | hasLocaleParam: false
2026-07-26T11:22:52.204Z - REWRITE: /ar/flights -> /flights?__locale=ar
2026-07-26T11:22:52.315Z - INCOMING: /ar/flights | isRewritten: false | hasLocaleParam: false
2026-07-26T11:22:52.333Z - REWRITE: /ar/flights -> /flights?__locale=ar
2026-07-26T11:22:52.611Z - INCOMING: /ar/flights | isRewritten: false | hasLocaleParam: false
2026-07-26T11:22:52.631Z - REWRITE: /ar/flights -> /flights?__locale=ar
2026-07-26T11:22:52.767Z - INCOMING: /ar/flights | isRewritten: false | hasLocaleParam: false
2026-07-26T11:22:52.784Z - REWRITE: /ar/flights -> /flights?__locale=ar
2026-07-26T11:22:53.069Z - INCOMING: /ar/flights | isRewritten: false | hasLocaleParam: false
2026-07-26T11:22:53.132Z - REWRITE: /ar/flights -> /flights?__locale=ar
2026-07-26T11:22:53.308Z - INCOMING: /ar/flights | isRewritten: false | hasLocaleParam: false
2026-07-26T11:22:53.329Z - REWRITE: /ar/flights -> /flights?__locale=ar
2026-07-26T11:22:53.497Z - INCOMING: /ar/flights | isRewritten: false | hasLocaleParam: false
2026-07-26T11:22:53.514Z - REWRITE: /ar/flights -> /flights?__locale=ar
2026-07-26T11:22:53.855Z - INCOMING: /ar/flights | isRewritten: false | hasLocaleParam: false
2026-07-26T11:22:53.873Z - REWRITE: /ar/flights -> /flights?__locale=ar
2026-07-26T11:22:53.902Z - INCOMING: /ar/flights | isRewritten: false | hasLocaleParam: false
2026-07-26T11:22:53.919Z - REWRITE: /ar/flights -> /flights?__locale=ar
2026-07-26T11:22:54.203Z - REWRITE: /ar/flights -> /flights?__locale=ar
2026-07-26T11:22:54.229Z - INCOMING: /ar/flights | isRewritten: false | hasLocaleParam: false
2026-07-26T11:22:54.476Z - INCOMING: /ar/flights | isRewritten: false | hasLocaleParam: false
2026-07-26T11:22:54.504Z - REWRITE: /ar/flights -> /flights?__locale=ar
2026-07-26T11:22:54.586Z - INCOMING: /ar/flights | isRewritten: false | hasLocaleParam: false
2026-07-26T11:22:54.604Z - REWRITE: /ar/flights -> /flights?__locale=ar
2026-07-26T11:22:54.943Z - INCOMING: /ar/flights | isRewritten: false | hasLocaleParam: false
2026-07-26T11:22:54.971Z - REWRITE: /ar/flights -> /flights?__locale=ar
2026-07-26T11:22:55.086Z - REWRITE: /ar/flights -> /flights?__locale=ar
2026-07-26T11:22:55.104Z - INCOMING: /ar/flights | isRewritten: false | hasLocaleParam: false
2026-07-26T11:22:55.292Z - INCOMING: /ar/flights | isRewritten: false | hasLocaleParam: false
2026-07-26T11:22:55.315Z - REWRITE: /ar/flights -> /flights?__locale=ar
2026-07-26T11:22:55.613Z - INCOMING: /ar/flights | isRewritten: false | hasLocaleParam: false
2026-07-26T11:22:55.634Z - REWRITE: /ar/flights -> /flights?__locale=ar
2026-07-26T11:22:55.754Z - INCOMING: /ar/flights | isRewritten: false | hasLocaleParam: false
2026-07-26T11:22:55.770Z - REWRITE: /ar/flights -> /flights?__locale=ar
2026-07-26T11:22:56.099Z - INCOMING: /ar/flights | isRewritten: false | hasLocaleParam: false
2026-07-26T11:22:56.123Z - REWRITE: /ar/flights -> /flights?__locale=ar
2026-07-26T11:22:56.224Z - INCOMING: /ar/flights | isRewritten: false | hasLocaleParam: false
2026-07-26T11:22:56.243Z - REWRITE: /ar/flights -> /flights?__locale=ar
2026-07-26T11:22:56.485Z - INCOMING: /ar/flights | isRewritten: false | hasLocaleParam: false
2026-07-26T11:22:56.509Z - REWRITE: /ar/flights -> /flights?__locale=ar
2026-07-26T11:22:57.146Z - INCOMING: /ar/flights | isRewritten: false | hasLocaleParam: false
2026-07-26T11:22:57.164Z - REWRITE: /ar/flights -> /flights?__locale=ar
2026-07-26T11:22:57.283Z - INCOMING: /ar/flights | isRewritten: false | hasLocaleParam: false
2026-07-26T11:22:57.348Z - REWRITE: /ar/flights -> /flights?__locale=ar
2026-07-26T11:22:57.583Z - INCOMING: /ar/flights | isRewritten: false | hasLocaleParam: false
2026-07-26T11:22:57.647Z - REWRITE: /ar/flights -> /flights?__locale=ar
2026-07-26T11:22:57.851Z - INCOMING: /ar/flights | isRewritten: false | hasLocaleParam: false
2026-07-26T11:22:57.868Z - REWRITE: /ar/flights -> /flights?__locale=ar
2026-07-26T11:22:57.885Z - INCOMING: /ar/flights | isRewritten: false | hasLocaleParam: false
2026-07-26T11:22:57.902Z - REWRITE: /ar/flights -> /flights?__locale=ar
2026-07-26T11:22:58.236Z - INCOMING: /ar/flights | isRewritten: false | hasLocaleParam: false
2026-07-26T11:22:58.254Z - REWRITE: /ar/flights -> /flights?__locale=ar
2026-07-26T11:22:58.357Z - INCOMING: /ar/flights | isRewritten: false | hasLocaleParam: false
2026-07-26T11:22:58.377Z - REWRITE: /ar/flights -> /flights?__locale=ar
2026-07-26T11:22:58.660Z - INCOMING: /ar/flights | isRewritten: false | hasLocaleParam: false
2026-07-26T11:22:58.708Z - REWRITE: /ar/flights -> /flights?__locale=ar
2026-07-26T11:22:58.922Z - REWRITE: /ar/flights -> /flights?__locale=ar
2026-07-26T11:22:58.938Z - REWRITE: /ar/flights -> /flights?__locale=ar
2026-07-26T11:22:58.955Z - INCOMING: /ar/flights | isRewritten: false | hasLocaleParam: false
2026-07-26T11:22:58.972Z - INCOMING: /ar/flights | isRewritten: false | hasLocaleParam: false
2026-07-26T11:22:59.300Z - INCOMING: /ar/flights | isRewritten: false | hasLocaleParam: false
2026-07-26T11:22:59.317Z - REWRITE: /ar/flights -> /flights?__locale=ar
2026-07-26T11:22:59.452Z - INCOMING: /ar/flights | isRewritten: false | hasLocaleParam: false
2026-07-26T11:22:59.470Z - REWRITE: /ar/flights -> /flights?__locale=ar
2026-07-26T11:22:59.732Z - INCOMING: /ar/flights | isRewritten: false | hasLocaleParam: false
2026-07-26T11:22:59.749Z - REWRITE: /ar/flights -> /flights?__locale=ar
2026-07-26T11:22:59.828Z - INCOMING: /ar/flights | isRewritten: false | hasLocaleParam: false
2026-07-26T11:22:59.985Z - REWRITE: /ar/flights -> /flights?__locale=ar
2026-07-26T11:23:00.001Z - INCOMING: /ar/flights | isRewritten: false | hasLocaleParam: false
2026-07-26T11:23:00.019Z - REWRITE: /ar/flights -> /flights?__locale=ar
2026-07-26T11:23:00.319Z - INCOMING: /ar/flights | isRewritten: false | hasLocaleParam: false
2026-07-26T11:23:00.395Z - REWRITE: /ar/flights -> /flights?__locale=ar
2026-07-26T11:23:00.477Z - INCOMING: /ar/flights | isRewritten: false | hasLocaleParam: false
2026-07-26T11:23:00.570Z - REWRITE: /ar/flights -> /flights?__locale=ar
2026-07-26T11:23:00.826Z - INCOMING: /ar/flights | isRewritten: false | hasLocaleParam: false
2026-07-26T11:23:00.843Z - REWRITE: /ar/flights -> /flights?__locale=ar
2026-07-26T11:23:01.069Z - INCOMING: /ar/flights | isRewritten: false | hasLocaleParam: false
2026-07-26T11:23:01.086Z - REWRITE: /ar/flights -> /flights?__locale=ar
2026-07-26T11:23:01.138Z - INCOMING: /ar/flights | isRewritten: false | hasLocaleParam: false
2026-07-26T11:23:01.154Z - REWRITE: /ar/flights -> /flights?__locale=ar
2026-07-26T11:23:01.447Z - INCOMING: /ar/flights | isRewritten: false | hasLocaleParam: false
2026-07-26T11:23:01.466Z - REWRITE: /ar/flights -> /flights?__locale=ar
2026-07-26T11:23:01.620Z - INCOMING: /ar/flights | isRewritten: false | hasLocaleParam: false
2026-07-26T11:23:01.638Z - REWRITE: /ar/flights -> /flights?__locale=ar
2026-07-26T11:23:01.894Z - INCOMING: /ar/flights | isRewritten: false | hasLocaleParam: false
2026-07-26T11:23:01.910Z - REWRITE: /ar/flights -> /flights?__locale=ar
2026-07-26T11:23:02.120Z - INCOMING: /ar/flights | isRewritten: false | hasLocaleParam: false
2026-07-26T11:23:02.137Z - REWRITE: /ar/flights -> /flights?__locale=ar
2026-07-26T11:23:02.188Z - INCOMING: /ar/flights | isRewritten: false | hasLocaleParam: false
2026-07-26T11:23:02.214Z - REWRITE: /ar/flights -> /flights?__locale=ar
2026-07-26T11:23:02.481Z - INCOMING: /ar/flights | isRewritten: false | hasLocaleParam: false
2026-07-26T11:23:02.543Z - REWRITE: /ar/flights -> /flights?__locale=ar
2026-07-26T11:23:02.674Z - INCOMING: /ar/flights | isRewritten: false | hasLocaleParam: false
2026-07-26T11:23:02.692Z - REWRITE: /ar/flights -> /flights?__locale=ar
2026-07-26T11:23:02.948Z - INCOMING: /ar/flights | isRewritten: false | hasLocaleParam: false
2026-07-26T11:23:02.965Z - REWRITE: /ar/flights -> /flights?__locale=ar
2026-07-26T11:23:03.178Z - INCOMING: /ar/flights | isRewritten: false | hasLocaleParam: false
2026-07-26T11:23:03.194Z - INCOMING: /ar/flights | isRewritten: false | hasLocaleParam: false
2026-07-26T11:23:03.211Z - REWRITE: /ar/flights -> /flights?__locale=ar
2026-07-26T11:23:03.228Z - REWRITE: /ar/flights -> /flights?__locale=ar
2026-07-26T11:23:03.552Z - INCOMING: /ar/flights | isRewritten: false | hasLocaleParam: false
2026-07-26T11:23:03.569Z - REWRITE: /ar/flights -> /flights?__locale=ar
2026-07-26T11:23:03.704Z - INCOMING: /ar/flights | isRewritten: false | hasLocaleParam: false
2026-07-26T11:23:03.722Z - REWRITE: /ar/flights -> /flights?__locale=ar
2026-07-26T11:23:03.948Z - INCOMING: /ar/flights | isRewritten: false | hasLocaleParam: false
2026-07-26T11:23:03.965Z - REWRITE: /ar/flights -> /flights?__locale=ar
2026-07-26T11:23:04.176Z - INCOMING: /ar/flights | isRewritten: false | hasLocaleParam: false
2026-07-26T11:23:04.193Z - REWRITE: /ar/flights -> /flights?__locale=ar
2026-07-26T11:23:04.210Z - INCOMING: /ar/flights | isRewritten: false | hasLocaleParam: false
2026-07-26T11:23:04.238Z - REWRITE: /ar/flights -> /flights?__locale=ar
2026-07-26T11:23:04.597Z - INCOMING: /ar/flights | isRewritten: false | hasLocaleParam: false
2026-07-26T11:23:04.616Z - REWRITE: /ar/flights -> /flights?__locale=ar
2026-07-26T11:23:04.759Z - INCOMING: /ar/flights | isRewritten: false | hasLocaleParam: false
2026-07-26T11:23:04.776Z - REWRITE: /ar/flights -> /flights?__locale=ar
2026-07-26T11:23:05.041Z - INCOMING: /ar/flights | isRewritten: false | hasLocaleParam: false
2026-07-26T11:23:05.060Z - REWRITE: /ar/flights -> /flights?__locale=ar
2026-07-26T11:23:05.230Z - INCOMING: /ar/flights | isRewritten: false | hasLocaleParam: false
2026-07-26T11:23:05.247Z - REWRITE: /ar/flights -> /flights?__locale=ar
2026-07-26T11:23:05.338Z - INCOMING: /ar/flights | isRewritten: false | hasLocaleParam: false
2026-07-26T11:23:05.355Z - REWRITE: /ar/flights -> /flights?__locale=ar
2026-07-26T11:23:05.646Z - INCOMING: /ar/flights | isRewritten: false | hasLocaleParam: false
2026-07-26T11:23:05.662Z - REWRITE: /ar/flights -> /flights?__locale=ar
2026-07-26T11:23:05.806Z - INCOMING: /ar/flights | isRewritten: false | hasLocaleParam: false
2026-07-26T11:23:05.824Z - REWRITE: /ar/flights -> /flights?__locale=ar
2026-07-26T11:23:06.048Z - INCOMING: /ar/flights | isRewritten: false | hasLocaleParam: false
2026-07-26T11:23:06.145Z - REWRITE: /ar/flights -> /flights?__locale=ar
2026-07-26T11:23:06.281Z - INCOMING: /ar/flights | isRewritten: false | hasLocaleParam: false
2026-07-26T11:23:06.341Z - REWRITE: /ar/flights -> /flights?__locale=ar
2026-07-26T11:23:06.512Z - INCOMING: /ar/flights | isRewritten: false | hasLocaleParam: false
2026-07-26T11:23:06.530Z - REWRITE: /ar/flights -> /flights?__locale=ar
2026-07-26T11:23:06.786Z - INCOMING: /ar/flights | isRewritten: false | hasLocaleParam: false
2026-07-26T11:23:06.844Z - REWRITE: /ar/flights -> /flights?__locale=ar
2026-07-26T11:23:07.028Z - INCOMING: /ar/flights | isRewritten: false | hasLocaleParam: false
2026-07-26T11:23:07.047Z - REWRITE: /ar/flights -> /flights?__locale=ar
2026-07-26T11:23:07.609Z - INCOMING: /ar/flights | isRewritten: false | hasLocaleParam: false
2026-07-26T11:23:07.627Z - REWRITE: /ar/flights -> /flights?__locale=ar
2026-07-26T11:23:07.832Z - INCOMING: /ar/flights | isRewritten: false | hasLocaleParam: false
2026-07-26T11:23:07.848Z - REWRITE: /ar/flights -> /flights?__locale=ar
2026-07-26T11:23:07.865Z - INCOMING: /ar/flights | isRewritten: false | hasLocaleParam: false
2026-07-26T11:23:07.882Z - REWRITE: /ar/flights -> /flights?__locale=ar
2026-07-26T11:23:08.223Z - INCOMING: /ar/flights | isRewritten: false | hasLocaleParam: false
2026-07-26T11:23:08.240Z - REWRITE: /ar/flights -> /flights?__locale=ar
2026-07-26T11:23:08.367Z - INCOMING: /ar/flights | isRewritten: false | hasLocaleParam: false
2026-07-26T11:23:08.383Z - REWRITE: /ar/flights -> /flights?__locale=ar
2026-07-26T11:23:08.647Z - INCOMING: /ar/flights | isRewritten: false | hasLocaleParam: false
2026-07-26T11:23:08.665Z - REWRITE: /ar/flights -> /flights?__locale=ar
2026-07-26T11:23:08.891Z - INCOMING: /admin/articles | isRewritten: false | hasLocaleParam: false
2026-07-26T11:23:08.908Z - ADMIN PASSTHROUGH: /admin/articles
2026-07-26T11:23:08.925Z - INCOMING: /ar/flights | isRewritten: false | hasLocaleParam: false
2026-07-26T11:23:08.943Z - REWRITE: /ar/flights -> /flights?__locale=ar
2026-07-26T11:23:09.180Z - INCOMING: /admin/articles | isRewritten: false | hasLocaleParam: false
2026-07-26T11:23:09.196Z - ADMIN PASSTHROUGH: /admin/articles
2026-07-26T11:23:09.241Z - ADMIN PASSTHROUGH: /admin/articles
2026-07-26T11:23:09.257Z - INCOMING: /admin/articles | isRewritten: false | hasLocaleParam: false
2026-07-26T11:23:09.465Z - INCOMING: /admin/articles | isRewritten: false | hasLocaleParam: false
2026-07-26T11:23:09.489Z - ADMIN PASSTHROUGH: /admin/articles
2026-07-26T11:23:09.646Z - INCOMING: /admin/articles | isRewritten: false | hasLocaleParam: false
2026-07-26T11:23:09.679Z - ADMIN PASSTHROUGH: /admin/articles
2026-07-26T11:23:09.810Z - ADMIN PASSTHROUGH: /admin/articles
2026-07-26T11:23:09.827Z - INCOMING: /admin/articles | isRewritten: false | hasLocaleParam: false
2026-07-26T11:23:09.957Z - INCOMING: /admin/articles | isRewritten: false | hasLocaleParam: false
2026-07-26T11:23:09.979Z - ADMIN PASSTHROUGH: /admin/articles
2026-07-26T11:23:10.033Z - INCOMING: /admin/articles | isRewritten: false | hasLocaleParam: false
2026-07-26T11:23:10.055Z - ADMIN PASSTHROUGH: /admin/articles
2026-07-26T11:23:10.278Z - INCOMING: /admin/articles | isRewritten: false | hasLocaleParam: false
2026-07-26T11:23:10.295Z - ADMIN PASSTHROUGH: /admin/articles
2026-07-26T11:23:10.439Z - INCOMING: /admin/articles | isRewritten: false | hasLocaleParam: false
2026-07-26T11:23:10.478Z - ADMIN PASSTHROUGH: /admin/articles
2026-07-26T11:23:10.625Z - INCOMING: /admin/articles | isRewritten: false | hasLocaleParam: false
2026-07-26T11:23:10.649Z - ADMIN PASSTHROUGH: /admin/articles
2026-07-26T11:23:10.761Z - INCOMING: /ar/flights | isRewritten: false | hasLocaleParam: false
2026-07-26T11:23:10.778Z - REWRITE: /ar/flights -> /flights?__locale=ar
2026-07-26T11:23:11.018Z - INCOMING: /admin/articles | isRewritten: false | hasLocaleParam: false
2026-07-26T11:23:11.044Z - ADMIN PASSTHROUGH: /admin/articles
2026-07-26T11:23:11.178Z - INCOMING: /admin/articles | isRewritten: false | hasLocaleParam: false
2026-07-26T11:23:11.195Z - ADMIN PASSTHROUGH: /admin/articles
2026-07-26T11:23:11.340Z - INCOMING: /admin/articles | isRewritten: false | hasLocaleParam: false
2026-07-26T11:23:11.363Z - ADMIN PASSTHROUGH: /admin/articles
2026-07-26T11:23:11.496Z - INCOMING: /admin/articles | isRewritten: false | hasLocaleParam: false
2026-07-26T11:23:11.525Z - ADMIN PASSTHROUGH: /admin/articles
2026-07-26T11:23:11.673Z - INCOMING: /admin/articles | isRewritten: false | hasLocaleParam: false
2026-07-26T11:23:11.690Z - ADMIN PASSTHROUGH: /admin/articles
2026-07-26T11:23:11.814Z - INCOMING: /admin/articles | isRewritten: false | hasLocaleParam: false
2026-07-26T11:23:11.831Z - ADMIN PASSTHROUGH: /admin/articles
2026-07-26T11:23:11.993Z - INCOMING: /admin/articles | isRewritten: false | hasLocaleParam: false
2026-07-26T11:23:12.017Z - ADMIN PASSTHROUGH: /admin/articles
2026-07-26T11:23:12.140Z - INCOMING: /admin/articles | isRewritten: false | hasLocaleParam: false
2026-07-26T11:23:12.157Z - ADMIN PASSTHROUGH: /admin/articles
2026-07-26T11:23:12.290Z - INCOMING: /admin/articles | isRewritten: false | hasLocaleParam: false
2026-07-26T11:23:12.314Z - ADMIN PASSTHROUGH: /admin/articles
2026-07-26T11:23:12.447Z - INCOMING: /admin/articles | isRewritten: false | hasLocaleParam: false
2026-07-26T11:23:12.463Z - ADMIN PASSTHROUGH: /admin/articles
2026-07-26T11:23:12.598Z - INCOMING: /admin/articles | isRewritten: false | hasLocaleParam: false
2026-07-26T11:23:12.622Z - ADMIN PASSTHROUGH: /admin/articles
2026-07-26T11:23:12.780Z - INCOMING: /admin/articles | isRewritten: false | hasLocaleParam: false
2026-07-26T11:23:12.796Z - ADMIN PASSTHROUGH: /admin/articles
2026-07-26T11:23:12.830Z - INCOMING: /admin/articles | isRewritten: false | hasLocaleParam: false
2026-07-26T11:23:12.847Z - ADMIN PASSTHROUGH: /admin/articles
2026-07-26T11:23:13.048Z - INCOMING: /admin/articles | isRewritten: false | hasLocaleParam: false
2026-07-26T11:23:13.078Z - ADMIN PASSTHROUGH: /admin/articles
2026-07-26T11:23:13.218Z - INCOMING: /admin/articles | isRewritten: false | hasLocaleParam: false
2026-07-26T11:23:13.235Z - ADMIN PASSTHROUGH: /admin/articles
2026-07-26T11:23:13.272Z - INCOMING: /admin/articles | isRewritten: false | hasLocaleParam: false
2026-07-26T11:23:13.291Z - ADMIN PASSTHROUGH: /admin/articles
2026-07-26T11:23:13.538Z - INCOMING: /admin/articles | isRewritten: false | hasLocaleParam: false
2026-07-26T11:23:13.555Z - ADMIN PASSTHROUGH: /admin/articles
2026-07-26T11:23:13.696Z - INCOMING: /admin/articles | isRewritten: false | hasLocaleParam: false
2026-07-26T11:23:13.714Z - ADMIN PASSTHROUGH: /admin/articles
2026-07-26T11:23:13.842Z - INCOMING: /admin/articles | isRewritten: false | hasLocaleParam: false
2026-07-26T11:23:13.860Z - ADMIN PASSTHROUGH: /admin/articles
2026-07-26T11:23:14.024Z - INCOMING: /admin/articles | isRewritten: false | hasLocaleParam: false
2026-07-26T11:23:14.042Z - ADMIN PASSTHROUGH: /admin/articles
2026-07-26T11:23:14.074Z - INCOMING: /admin/articles | isRewritten: false | hasLocaleParam: false
2026-07-26T11:23:14.091Z - ADMIN PASSTHROUGH: /admin/articles
2026-07-26T11:23:14.320Z - INCOMING: /admin/articles | isRewritten: false | hasLocaleParam: false
2026-07-26T11:23:14.338Z - ADMIN PASSTHROUGH: /admin/articles
2026-07-26T11:23:14.478Z - INCOMING: /admin/articles | isRewritten: false | hasLocaleParam: false
2026-07-26T11:23:14.497Z - ADMIN PASSTHROUGH: /admin/articles
2026-07-26T11:23:14.612Z - INCOMING: /admin/articles | isRewritten: false | hasLocaleParam: false
2026-07-26T11:23:14.628Z - ADMIN PASSTHROUGH: /admin/articles
2026-07-26T11:23:14.785Z - INCOMING: /admin/articles | isRewritten: false | hasLocaleParam: false
2026-07-26T11:23:14.811Z - ADMIN PASSTHROUGH: /admin/articles
2026-07-26T11:23:14.926Z - INCOMING: /admin/articles | isRewritten: false | hasLocaleParam: false
2026-07-26T11:23:14.942Z - ADMIN PASSTHROUGH: /admin/articles
2026-07-26T11:23:15.071Z - INCOMING: /ar/flights | isRewritten: false | hasLocaleParam: false
2026-07-26T11:23:15.127Z - REWRITE: /ar/flights -> /flights?__locale=ar
2026-07-26T11:23:15.310Z - INCOMING: /admin/articles | isRewritten: false | hasLocaleParam: false
2026-07-26T11:23:15.326Z - ADMIN PASSTHROUGH: /admin/articles
2026-07-26T11:23:15.354Z - INCOMING: /admin/articles | isRewritten: false | hasLocaleParam: false
2026-07-26T11:23:15.371Z - ADMIN PASSTHROUGH: /admin/articles
2026-07-26T11:23:15.620Z - INCOMING: /admin/articles | isRewritten: false | hasLocaleParam: false
2026-07-26T11:23:15.637Z - ADMIN PASSTHROUGH: /admin/articles
2026-07-26T11:23:15.666Z - INCOMING: /admin/articles | isRewritten: false | hasLocaleParam: false
2026-07-26T11:23:15.681Z - ADMIN PASSTHROUGH: /admin/articles
2026-07-26T11:23:15.923Z - INCOMING: /admin/articles | isRewritten: false | hasLocaleParam: false
2026-07-26T11:23:15.940Z - ADMIN PASSTHROUGH: /admin/articles
2026-07-26T11:23:16.050Z - INCOMING: /ar/flights | isRewritten: false | hasLocaleParam: false
2026-07-26T11:23:16.066Z - REWRITE: /ar/flights -> /flights?__locale=ar
2026-07-26T11:23:16.282Z - INCOMING: /admin/articles | isRewritten: false | hasLocaleParam: false
2026-07-26T11:23:16.304Z - ADMIN PASSTHROUGH: /admin/articles
2026-07-26T11:23:16.421Z - INCOMING: /admin/articles | isRewritten: false | hasLocaleParam: false
2026-07-26T11:23:16.438Z - ADMIN PASSTHROUGH: /admin/articles
2026-07-26T11:23:16.579Z - INCOMING: /admin/articles | isRewritten: false | hasLocaleParam: false
2026-07-26T11:23:16.596Z - ADMIN PASSTHROUGH: /admin/articles
2026-07-26T11:23:16.645Z - INCOMING: /admin/articles | isRewritten: false | hasLocaleParam: false
2026-07-26T11:23:16.663Z - ADMIN PASSTHROUGH: /admin/articles
2026-07-26T11:23:16.894Z - INCOMING: /admin/articles | isRewritten: false | hasLocaleParam: false
2026-07-26T11:23:16.921Z - ADMIN PASSTHROUGH: /admin/articles
2026-07-26T11:23:17.059Z - INCOMING: /admin/articles | isRewritten: false | hasLocaleParam: false
2026-07-26T11:23:17.076Z - ADMIN PASSTHROUGH: /admin/articles
2026-07-26T11:23:17.204Z - INCOMING: /ar/flights | isRewritten: false | hasLocaleParam: false
2026-07-26T11:23:17.221Z - REWRITE: /ar/flights -> /flights?__locale=ar
2026-07-26T11:23:17.352Z - INCOMING: /ar/flights | isRewritten: false | hasLocaleParam: false
2026-07-26T11:23:17.417Z - REWRITE: /ar/flights -> /flights?__locale=ar
2026-07-26T11:23:17.644Z - INCOMING: /admin/articles | isRewritten: false | hasLocaleParam: false
2026-07-26T11:23:17.669Z - ADMIN PASSTHROUGH: /admin/articles
2026-07-26T11:23:17.805Z - INCOMING: /admin/articles | isRewritten: false | hasLocaleParam: false
2026-07-26T11:23:17.822Z - ADMIN PASSTHROUGH: /admin/articles
2026-07-26T11:23:17.955Z - INCOMING: /admin/articles | isRewritten: false | hasLocaleParam: false
2026-07-26T11:23:17.978Z - ADMIN PASSTHROUGH: /admin/articles
2026-07-26T11:23:18.123Z - INCOMING: /admin/articles | isRewritten: false | hasLocaleParam: false
2026-07-26T11:23:18.159Z - ADMIN PASSTHROUGH: /admin/articles
2026-07-26T11:23:18.520Z - INCOMING: /admin/articles | isRewritten: false | hasLocaleParam: false
2026-07-26T11:23:18.537Z - ADMIN PASSTHROUGH: /admin/articles
2026-07-26T11:23:18.572Z - INCOMING: /admin/articles | isRewritten: false | hasLocaleParam: false
2026-07-26T11:23:18.602Z - ADMIN PASSTHROUGH: /admin/articles
2026-07-26T11:23:18.624Z - INCOMING: /admin/articles | isRewritten: false | hasLocaleParam: false
2026-07-26T11:23:18.647Z - ADMIN PASSTHROUGH: /admin/articles
2026-07-26T11:23:18.753Z - INCOMING: /admin/articles | isRewritten: false | hasLocaleParam: false
2026-07-26T11:23:18.769Z - ADMIN PASSTHROUGH: /admin/articles
2026-07-26T11:23:18.942Z - INCOMING: /admin/articles | isRewritten: false | hasLocaleParam: false
2026-07-26T11:23:18.958Z - ADMIN PASSTHROUGH: /admin/articles
2026-07-26T11:23:19.272Z - INCOMING: /ar/flights | isRewritten: false | hasLocaleParam: false
2026-07-26T11:23:19.290Z - REWRITE: /ar/flights -> /flights?__locale=ar
2026-07-26T11:23:19.306Z - INCOMING: /admin/articles | isRewritten: false | hasLocaleParam: false
2026-07-26T11:23:19.323Z - ADMIN PASSTHROUGH: /admin/articles
2026-07-26T11:23:19.341Z - INCOMING: /admin/articles | isRewritten: false | hasLocaleParam: false
2026-07-26T11:23:19.403Z - ADMIN PASSTHROUGH: /admin/articles
2026-07-26T11:23:19.583Z - INCOMING: /admin/articles | isRewritten: false | hasLocaleParam: false
2026-07-26T11:23:19.602Z - ADMIN PASSTHROUGH: /admin/articles
2026-07-26T11:23:19.772Z - INCOMING: /admin/articles | isRewritten: false | hasLocaleParam: false
2026-07-26T11:23:19.789Z - ADMIN PASSTHROUGH: /admin/articles
2026-07-26T11:23:20.020Z - INCOMING: /admin/articles | isRewritten: false | hasLocaleParam: false
2026-07-26T11:23:20.046Z - ADMIN PASSTHROUGH: /admin/articles
2026-07-26T11:23:20.083Z - INCOMING: /admin/articles | isRewritten: false | hasLocaleParam: false
2026-07-26T11:23:20.099Z - ADMIN PASSTHROUGH: /admin/articles
2026-07-26T11:23:20.129Z - INCOMING: /admin/articles | isRewritten: false | hasLocaleParam: false
2026-07-26T11:23:20.145Z - ADMIN PASSTHROUGH: /admin/articles
2026-07-26T11:23:20.365Z - INCOMING: /admin/articles | isRewritten: false | hasLocaleParam: false
2026-07-26T11:23:20.381Z - ADMIN PASSTHROUGH: /admin/articles
2026-07-26T11:23:20.526Z - INCOMING: /admin/articles | isRewritten: false | hasLocaleParam: false
2026-07-26T11:23:20.550Z - ADMIN PASSTHROUGH: /admin/articles
2026-07-26T11:23:20.773Z - INCOMING: /admin/articles | isRewritten: false | hasLocaleParam: false
2026-07-26T11:23:20.790Z - ADMIN PASSTHROUGH: /admin/articles
2026-07-26T11:23:20.853Z - INCOMING: /ar/flights | isRewritten: false | hasLocaleParam: false
2026-07-26T11:23:20.871Z - REWRITE: /ar/flights -> /flights?__locale=ar
2026-07-26T11:23:21.022Z - INCOMING: /ar/flights | isRewritten: false | hasLocaleParam: false
2026-07-26T11:23:21.083Z - REWRITE: /ar/flights -> /flights?__locale=ar
2026-07-26T11:23:21.243Z - INCOMING: /ar/flights | isRewritten: false | hasLocaleParam: false
2026-07-26T11:23:21.293Z - REWRITE: /ar/flights -> /flights?__locale=ar
2026-07-26T11:23:21.452Z - INCOMING: /admin/articles | isRewritten: false | hasLocaleParam: false
2026-07-26T11:23:21.471Z - ADMIN PASSTHROUGH: /admin/articles
2026-07-26T11:23:21.625Z - INCOMING: /admin/articles | isRewritten: false | hasLocaleParam: false
2026-07-26T11:23:21.643Z - ADMIN PASSTHROUGH: /admin/articles
2026-07-26T11:23:21.808Z - INCOMING: /admin/articles | isRewritten: false | hasLocaleParam: false
2026-07-26T11:23:21.824Z - ADMIN PASSTHROUGH: /admin/articles
2026-07-26T11:23:21.955Z - INCOMING: /admin/articles | isRewritten: false | hasLocaleParam: false
2026-07-26T11:23:21.971Z - ADMIN PASSTHROUGH: /admin/articles
2026-07-26T11:23:22.088Z - INCOMING: /admin/articles | isRewritten: false | hasLocaleParam: false
2026-07-26T11:23:22.106Z - ADMIN PASSTHROUGH: /admin/articles
2026-07-26T11:23:22.255Z - INCOMING: /admin/articles | isRewritten: false | hasLocaleParam: false
2026-07-26T11:23:22.285Z - ADMIN PASSTHROUGH: /admin/articles
2026-07-26T11:23:22.405Z - INCOMING: /admin/articles | isRewritten: false | hasLocaleParam: false
2026-07-26T11:23:22.423Z - ADMIN PASSTHROUGH: /admin/articles
2026-07-26T11:23:22.615Z - INCOMING: /admin/articles | isRewritten: false | hasLocaleParam: false
2026-07-26T11:23:22.631Z - ADMIN PASSTHROUGH: /admin/articles
2026-07-26T11:23:22.766Z - INCOMING: /admin/articles | isRewritten: false | hasLocaleParam: false
2026-07-26T11:23:22.783Z - ADMIN PASSTHROUGH: /admin/articles
2026-07-26T11:23:22.818Z - INCOMING: /admin/articles | isRewritten: false | hasLocaleParam: false
2026-07-26T11:23:22.917Z - ADMIN PASSTHROUGH: /admin/articles
2026-07-26T11:23:23.117Z - INCOMING: /admin/articles | isRewritten: false | hasLocaleParam: false
2026-07-26T11:23:23.134Z - ADMIN PASSTHROUGH: /admin/articles
2026-07-26T11:23:23.260Z - INCOMING: /admin/articles | isRewritten: false | hasLocaleParam: false
2026-07-26T11:23:23.277Z - ADMIN PASSTHROUGH: /admin/articles
2026-07-26T11:23:23.469Z - INCOMING: /ar/flights | isRewritten: false | hasLocaleParam: false
2026-07-26T11:23:23.489Z - REWRITE: /ar/flights -> /flights?__locale=ar
2026-07-26T11:23:23.642Z - INCOMING: /ar/flights | isRewritten: false | hasLocaleParam: false
2026-07-26T11:23:23.660Z - REWRITE: /ar/flights -> /flights?__locale=ar
2026-07-26T11:23:23.779Z - INCOMING: /ar/flights | isRewritten: false | hasLocaleParam: false
2026-07-26T11:23:23.813Z - REWRITE: /ar/flights -> /flights?__locale=ar
2026-07-26T11:23:24.020Z - INCOMING: /ar/flights | isRewritten: false | hasLocaleParam: false
2026-07-26T11:23:24.038Z - REWRITE: /ar/flights -> /flights?__locale=ar
2026-07-26T11:23:24.257Z - INCOMING: /ar/flights | isRewritten: false | hasLocaleParam: false
2026-07-26T11:23:24.275Z - REWRITE: /ar/flights -> /flights?__locale=ar
2026-07-26T11:23:24.475Z - INCOMING: /ar/flights | isRewritten: false | hasLocaleParam: false
2026-07-26T11:23:24.493Z - REWRITE: /ar/flights -> /flights?__locale=ar
2026-07-26T11:23:24.661Z - INCOMING: /ar/flights | isRewritten: false | hasLocaleParam: false
2026-07-26T11:23:24.677Z - REWRITE: /ar/flights -> /flights?__locale=ar
2026-07-26T11:23:24.839Z - INCOMING: /ar/flights | isRewritten: false | hasLocaleParam: false
2026-07-26T11:23:24.855Z - REWRITE: /ar/flights -> /flights?__locale=ar
2026-07-26T11:23:25.071Z - INCOMING: /admin/articles | isRewritten: false | hasLocaleParam: false
2026-07-26T11:23:25.088Z - ADMIN PASSTHROUGH: /admin/articles
2026-07-26T11:23:25.230Z - INCOMING: /admin/articles | isRewritten: false | hasLocaleParam: false
2026-07-26T11:23:25.247Z - ADMIN PASSTHROUGH: /admin/articles
2026-07-26T11:23:25.395Z - INCOMING: /admin/articles | isRewritten: false | hasLocaleParam: false
2026-07-26T11:23:25.412Z - ADMIN PASSTHROUGH: /admin/articles
2026-07-26T11:23:25.679Z - INCOMING: /admin/articles | isRewritten: false | hasLocaleParam: false
2026-07-26T11:23:25.697Z - ADMIN PASSTHROUGH: /admin/articles
2026-07-26T11:23:25.833Z - INCOMING: /admin/articles | isRewritten: false | hasLocaleParam: false
2026-07-26T11:23:25.851Z - ADMIN PASSTHROUGH: /admin/articles
2026-07-26T11:23:25.881Z - INCOMING: /admin/articles | isRewritten: false | hasLocaleParam: false
2026-07-26T11:23:25.900Z - ADMIN PASSTHROUGH: /admin/articles
2026-07-26T11:23:26.035Z - INCOMING: /admin/articles | isRewritten: false | hasLocaleParam: false
2026-07-26T11:23:26.051Z - ADMIN PASSTHROUGH: /admin/articles
2026-07-26T11:23:26.185Z - INCOMING: /admin/articles | isRewritten: false | hasLocaleParam: false
2026-07-26T11:23:26.208Z - ADMIN PASSTHROUGH: /admin/articles
2026-07-26T11:23:26.383Z - INCOMING: /admin/articles | isRewritten: false | hasLocaleParam: false
2026-07-26T11:23:26.409Z - ADMIN PASSTHROUGH: /admin/articles
2026-07-26T11:23:26.572Z - INCOMING: /ar/flights | isRewritten: false | hasLocaleParam: false
2026-07-26T11:23:26.589Z - REWRITE: /ar/flights -> /flights?__locale=ar
2026-07-26T11:23:26.606Z - INCOMING: /ar/flights | isRewritten: false | hasLocaleParam: false
2026-07-26T11:23:26.691Z - REWRITE: /ar/flights -> /flights?__locale=ar
2026-07-26T11:23:26.872Z - INCOMING: /ar/flights | isRewritten: false | hasLocaleParam: false
2026-07-26T11:23:26.890Z - REWRITE: /ar/flights -> /flights?__locale=ar
2026-07-26T11:23:27.086Z - INCOMING: /ar/flights | isRewritten: false | hasLocaleParam: false
2026-07-26T11:23:27.104Z - REWRITE: /ar/flights -> /flights?__locale=ar
2026-07-26T11:23:27.329Z - INCOMING: /ar/flights | isRewritten: false | hasLocaleParam: false
2026-07-26T11:23:27.349Z - REWRITE: /ar/flights -> /flights?__locale=ar
2026-07-26T11:23:27.654Z - INCOMING: /ar/flights | isRewritten: false | hasLocaleParam: false
2026-07-26T11:23:27.673Z - REWRITE: /ar/flights -> /flights?__locale=ar
2026-07-26T11:23:27.730Z - INCOMING: /ar/flights | isRewritten: false | hasLocaleParam: false
2026-07-26T11:23:27.748Z - REWRITE: /ar/flights -> /flights?__locale=ar
2026-07-26T11:23:27.975Z - INCOMING: /ar/flights | isRewritten: false | hasLocaleParam: false
2026-07-26T11:23:27.991Z - REWRITE: /ar/flights -> /flights?__locale=ar
2026-07-26T11:23:28.212Z - INCOMING: /ar/flights | isRewritten: false | hasLocaleParam: false
2026-07-26T11:23:28.259Z - REWRITE: /ar/flights -> /flights?__locale=ar
2026-07-26T11:23:28.459Z - INCOMING: /ar/flights | isRewritten: false | hasLocaleParam: false
2026-07-26T11:23:28.480Z - REWRITE: /ar/flights -> /flights?__locale=ar
2026-07-26T11:23:28.740Z - INCOMING: /ar/flights | isRewritten: false | hasLocaleParam: false
2026-07-26T11:23:28.779Z - REWRITE: /ar/flights -> /flights?__locale=ar
2026-07-26T11:23:28.797Z - INCOMING: /ar/flights | isRewritten: false | hasLocaleParam: false
2026-07-26T11:23:28.885Z - REWRITE: /ar/flights -> /flights?__locale=ar
2026-07-26T11:23:29.069Z - INCOMING: /ar/flights | isRewritten: false | hasLocaleParam: false
2026-07-26T11:23:29.095Z - REWRITE: /ar/flights -> /flights?__locale=ar
2026-07-26T11:23:29.317Z - INCOMING: /ar/flights | isRewritten: false | hasLocaleParam: false
2026-07-26T11:23:29.335Z - REWRITE: /ar/flights -> /flights?__locale=ar
2026-07-26T11:23:29.500Z - INCOMING: /ar/flights | isRewritten: false | hasLocaleParam: false
2026-07-26T11:23:29.549Z - REWRITE: /ar/flights -> /flights?__locale=ar
2026-07-26T11:23:29.846Z - INCOMING: /admin/articles | isRewritten: false | hasLocaleParam: false
2026-07-26T11:23:29.863Z - ADMIN PASSTHROUGH: /admin/articles
2026-07-26T11:23:29.892Z - INCOMING: /admin/articles | isRewritten: false | hasLocaleParam: false
2026-07-26T11:23:29.929Z - ADMIN PASSTHROUGH: /admin/articles
2026-07-26T11:23:30.037Z - INCOMING: /admin/articles | isRewritten: false | hasLocaleParam: false
2026-07-26T11:23:30.054Z - ADMIN PASSTHROUGH: /admin/articles
2026-07-26T11:23:30.194Z - INCOMING: /admin/articles | isRewritten: false | hasLocaleParam: false
2026-07-26T11:23:30.210Z - ADMIN PASSTHROUGH: /admin/articles
2026-07-26T11:23:30.480Z - INCOMING: /admin/articles | isRewritten: false | hasLocaleParam: false
2026-07-26T11:23:30.499Z - ADMIN PASSTHROUGH: /admin/articles
2026-07-26T11:23:30.624Z - INCOMING: /admin/articles | isRewritten: false | hasLocaleParam: false
2026-07-26T11:23:30.643Z - ADMIN PASSTHROUGH: /admin/articles
2026-07-26T11:23:30.675Z - INCOMING: /admin/articles | isRewritten: false | hasLocaleParam: false
2026-07-26T11:23:30.694Z - ADMIN PASSTHROUGH: /admin/articles
2026-07-26T11:23:30.834Z - INCOMING: /admin/articles | isRewritten: false | hasLocaleParam: false
2026-07-26T11:23:30.852Z - ADMIN PASSTHROUGH: /admin/articles
2026-07-26T11:23:30.997Z - INCOMING: /admin/articles | isRewritten: false | hasLocaleParam: false
2026-07-26T11:23:31.020Z - ADMIN PASSTHROUGH: /admin/articles
2026-07-26T11:23:31.192Z - INCOMING: /admin/articles | isRewritten: false | hasLocaleParam: false
2026-07-26T11:23:31.218Z - ADMIN PASSTHROUGH: /admin/articles
2026-07-26T11:23:31.423Z - ADMIN PASSTHROUGH: /admin/articles
2026-07-26T11:23:31.441Z - INCOMING: /admin/articles | isRewritten: false | hasLocaleParam: false
2026-07-26T11:23:31.458Z - ADMIN PASSTHROUGH: /admin/articles
2026-07-26T11:23:31.477Z - INCOMING: /admin/articles | isRewritten: false | hasLocaleParam: false
2026-07-26T11:23:31.606Z - INCOMING: /admin/articles | isRewritten: false | hasLocaleParam: false
2026-07-26T11:23:31.627Z - ADMIN PASSTHROUGH: /admin/articles
2026-07-26T11:23:31.759Z - INCOMING: /ar/flights | isRewritten: false | hasLocaleParam: false
2026-07-26T11:23:31.777Z - REWRITE: /ar/flights -> /flights?__locale=ar
2026-07-26T11:23:32.007Z - INCOMING: /ar/flights | isRewritten: false | hasLocaleParam: false
2026-07-26T11:23:32.027Z - REWRITE: /ar/flights -> /flights?__locale=ar
2026-07-26T11:23:32.254Z - INCOMING: /ar/flights | isRewritten: false | hasLocaleParam: false
2026-07-26T11:23:32.272Z - REWRITE: /ar/flights -> /flights?__locale=ar
2026-07-26T11:23:32.337Z - INCOMING: /ar/flights | isRewritten: false | hasLocaleParam: false
2026-07-26T11:23:32.357Z - REWRITE: /ar/flights -> /flights?__locale=ar
2026-07-26T11:23:33.451Z - INCOMING: /ar/flights | isRewritten: false | hasLocaleParam: false
2026-07-26T11:23:33.471Z - REWRITE: /ar/flights -> /flights?__locale=ar
2026-07-26T11:23:33.756Z - INCOMING: /ar/flights | isRewritten: false | hasLocaleParam: false
2026-07-26T11:23:33.803Z - REWRITE: /ar/flights -> /flights?__locale=ar
2026-07-26T11:23:34.023Z - INCOMING: /ar/flights | isRewritten: false | hasLocaleParam: false
2026-07-26T11:23:34.070Z - REWRITE: /ar/flights -> /flights?__locale=ar
2026-07-26T11:23:34.249Z - INCOMING: /ar/flights | isRewritten: false | hasLocaleParam: false
2026-07-26T11:23:34.265Z - REWRITE: /ar/flights -> /flights?__locale=ar
2026-07-26T11:23:34.429Z - INCOMING: /ar/flights | isRewritten: false | hasLocaleParam: false
2026-07-26T11:23:34.446Z - REWRITE: /ar/flights -> /flights?__locale=ar
2026-07-26T11:23:34.517Z - INCOMING: /ar/flights | isRewritten: false | hasLocaleParam: false
2026-07-26T11:23:34.535Z - REWRITE: /ar/flights -> /flights?__locale=ar
2026-07-26T11:23:34.873Z - INCOMING: /ar/flights | isRewritten: false | hasLocaleParam: false
2026-07-26T11:23:34.891Z - REWRITE: /ar/flights -> /flights?__locale=ar
2026-07-26T11:23:35.231Z - INCOMING: /ar/flights | isRewritten: false | hasLocaleParam: false
2026-07-26T11:23:35.247Z - REWRITE: /ar/flights -> /flights?__locale=ar
2026-07-26T11:23:35.304Z - INCOMING: /ar/flights | isRewritten: false | hasLocaleParam: false
2026-07-26T11:23:35.322Z - REWRITE: /ar/flights -> /flights?__locale=ar
2026-07-26T11:23:35.339Z - INCOMING: /ar/flights | isRewritten: false | hasLocaleParam: false
2026-07-26T11:23:35.355Z - REWRITE: /ar/flights -> /flights?__locale=ar
2026-07-26T11:23:35.667Z - INCOMING: /ar/flights | isRewritten: false | hasLocaleParam: false
2026-07-26T11:23:35.684Z - REWRITE: /ar/flights -> /flights?__locale=ar
2026-07-26T11:23:35.882Z - INCOMING: /ar/flights | isRewritten: false | hasLocaleParam: false
2026-07-26T11:23:35.902Z - REWRITE: /ar/flights -> /flights?__locale=ar
2026-07-26T11:23:36.288Z - INCOMING: /ar/flights | isRewritten: false | hasLocaleParam: false
2026-07-26T11:23:36.305Z - REWRITE: /ar/flights -> /flights?__locale=ar
2026-07-26T11:23:36.322Z - INCOMING: /ar/flights | isRewritten: false | hasLocaleParam: false
2026-07-26T11:23:36.410Z - REWRITE: /ar/flights -> /flights?__locale=ar
2026-07-26T11:23:36.429Z - INCOMING: /ar/flights | isRewritten: false | hasLocaleParam: false
2026-07-26T11:23:36.505Z - REWRITE: /ar/flights -> /flights?__locale=ar
2026-07-26T11:23:36.732Z - INCOMING: /ar/flights | isRewritten: false | hasLocaleParam: false
2026-07-26T11:23:36.750Z - REWRITE: /ar/flights -> /flights?__locale=ar
2026-07-26T11:23:36.974Z - INCOMING: /ar/flights | isRewritten: false | hasLocaleParam: false
2026-07-26T11:23:36.991Z - REWRITE: /ar/flights -> /flights?__locale=ar
2026-07-26T11:23:37.347Z - INCOMING: /ar/flights | isRewritten: false | hasLocaleParam: false
2026-07-26T11:23:37.364Z - REWRITE: /ar/flights -> /flights?__locale=ar
2026-07-26T11:23:37.418Z - INCOMING: /ar/flights | isRewritten: false | hasLocaleParam: false
2026-07-26T11:23:37.434Z - REWRITE: /ar/flights -> /flights?__locale=ar
2026-07-26T11:23:37.453Z - INCOMING: /ar/flights | isRewritten: false | hasLocaleParam: false
2026-07-26T11:23:37.555Z - REWRITE: /ar/flights -> /flights?__locale=ar
2026-07-26T11:23:37.785Z - INCOMING: /ar/flights | isRewritten: false | hasLocaleParam: false
2026-07-26T11:23:37.801Z - REWRITE: /ar/flights -> /flights?__locale=ar
2026-07-26T11:23:38.053Z - INCOMING: /ar/flights | isRewritten: false | hasLocaleParam: false
2026-07-26T11:23:38.077Z - REWRITE: /ar/flights -> /flights?__locale=ar
2026-07-26T11:23:38.408Z - INCOMING: /ar/flights | isRewritten: false | hasLocaleParam: false
2026-07-26T11:23:38.425Z - REWRITE: /ar/flights -> /flights?__locale=ar
2026-07-26T11:23:38.443Z - INCOMING: /ar/flights | isRewritten: false | hasLocaleParam: false
2026-07-26T11:23:38.461Z - REWRITE: /ar/flights -> /flights?__locale=ar
2026-07-26T11:23:38.526Z - INCOMING: /ar/flights | isRewritten: false | hasLocaleParam: false
2026-07-26T11:23:38.544Z - REWRITE: /ar/flights -> /flights?__locale=ar
2026-07-26T11:23:38.850Z - INCOMING: /ar/flights | isRewritten: false | hasLocaleParam: false
2026-07-26T11:23:38.869Z - REWRITE: /ar/flights -> /flights?__locale=ar
2026-07-26T11:23:39.084Z - INCOMING: /ar/flights | isRewritten: false | hasLocaleParam: false
2026-07-26T11:23:39.103Z - REWRITE: /ar/flights -> /flights?__locale=ar
2026-07-26T11:23:39.396Z - INCOMING: /ar/flights | isRewritten: false | hasLocaleParam: false
2026-07-26T11:23:39.415Z - REWRITE: /ar/flights -> /flights?__locale=ar
2026-07-26T11:23:39.547Z - INCOMING: /ar/flights | isRewritten: false | hasLocaleParam: false
2026-07-26T11:23:39.566Z - REWRITE: /ar/flights -> /flights?__locale=ar
2026-07-26T11:23:39.640Z - INCOMING: /ar/flights | isRewritten: false | hasLocaleParam: false
2026-07-26T11:23:39.668Z - REWRITE: /ar/flights -> /flights?__locale=ar
2026-07-26T11:23:39.940Z - INCOMING: /ar/flights | isRewritten: false | hasLocaleParam: false
2026-07-26T11:23:39.958Z - REWRITE: /ar/flights -> /flights?__locale=ar
2026-07-26T11:23:40.190Z - INCOMING: /ar/flights | isRewritten: false | hasLocaleParam: false
2026-07-26T11:23:40.248Z - REWRITE: /ar/flights -> /flights?__locale=ar
2026-07-26T11:23:40.445Z - INCOMING: /ar/flights | isRewritten: false | hasLocaleParam: false
2026-07-26T11:23:40.463Z - REWRITE: /ar/flights -> /flights?__locale=ar
2026-07-26T11:23:40.681Z - INCOMING: /ar/flights | isRewritten: false | hasLocaleParam: false
2026-07-26T11:23:40.746Z - REWRITE: /ar/flights -> /flights?__locale=ar
2026-07-26T11:23:40.768Z - INCOMING: /ar/flights | isRewritten: false | hasLocaleParam: false
2026-07-26T11:23:40.786Z - REWRITE: /ar/flights -> /flights?__locale=ar
2026-07-26T11:23:41.046Z - INCOMING: /ar/flights | isRewritten: false | hasLocaleParam: false
2026-07-26T11:23:41.064Z - REWRITE: /ar/flights -> /flights?__locale=ar
2026-07-26T11:23:41.288Z - INCOMING: /ar/flights | isRewritten: false | hasLocaleParam: false
2026-07-26T11:23:41.305Z - REWRITE: /ar/flights -> /flights?__locale=ar
2026-07-26T11:23:41.514Z - INCOMING: /ar/flights | isRewritten: false | hasLocaleParam: false
2026-07-26T11:23:41.540Z - REWRITE: /ar/flights -> /flights?__locale=ar
2026-07-26T11:23:41.756Z - INCOMING: /ar/flights | isRewritten: false | hasLocaleParam: false
2026-07-26T11:23:41.774Z - REWRITE: /ar/flights -> /flights?__locale=ar
2026-07-26T11:23:41.879Z - INCOMING: /ar/flights | isRewritten: false | hasLocaleParam: false
2026-07-26T11:23:41.896Z - REWRITE: /ar/flights -> /flights?__locale=ar
2026-07-26T11:23:42.111Z - INCOMING: /ar/flights | isRewritten: false | hasLocaleParam: false
2026-07-26T11:23:42.129Z - REWRITE: /ar/flights -> /flights?__locale=ar
2026-07-26T11:23:42.375Z - INCOMING: /ar/flights | isRewritten: false | hasLocaleParam: false
2026-07-26T11:23:42.392Z - REWRITE: /ar/flights -> /flights?__locale=ar
2026-07-26T11:23:42.580Z - INCOMING: /ar/flights | isRewritten: false | hasLocaleParam: false
2026-07-26T11:23:42.598Z - REWRITE: /ar/flights -> /flights?__locale=ar
2026-07-26T11:23:42.853Z - INCOMING: /ar/flights | isRewritten: false | hasLocaleParam: false
2026-07-26T11:23:42.870Z - REWRITE: /ar/flights -> /flights?__locale=ar
2026-07-26T11:23:42.887Z - INCOMING: /ar/flights | isRewritten: false | hasLocaleParam: false
2026-07-26T11:23:42.903Z - REWRITE: /ar/flights -> /flights?__locale=ar
2026-07-26T11:23:43.183Z - INCOMING: /ar/flights | isRewritten: false | hasLocaleParam: false
2026-07-26T11:23:43.215Z - REWRITE: /ar/flights -> /flights?__locale=ar
2026-07-26T11:23:43.918Z - INCOMING: /ar/flights | isRewritten: false | hasLocaleParam: false
2026-07-26T11:23:43.935Z - REWRITE: /ar/flights -> /flights?__locale=ar
2026-07-26T11:23:44.116Z - INCOMING: /ar/flights | isRewritten: false | hasLocaleParam: false
2026-07-26T11:23:44.132Z - REWRITE: /ar/flights -> /flights?__locale=ar
2026-07-26T11:23:44.380Z - INCOMING: /ar/flights | isRewritten: false | hasLocaleParam: false
2026-07-26T11:23:44.396Z - REWRITE: /ar/flights -> /flights?__locale=ar
2026-07-26T11:23:44.413Z - INCOMING: /ar/flights | isRewritten: false | hasLocaleParam: false
2026-07-26T11:23:44.429Z - REWRITE: /ar/flights -> /flights?__locale=ar
2026-07-26T11:23:44.695Z - INCOMING: /ar/flights | isRewritten: false | hasLocaleParam: false
2026-07-26T11:23:44.712Z - REWRITE: /ar/flights -> /flights?__locale=ar
2026-07-26T11:23:44.978Z - INCOMING: /ar/flights | isRewritten: false | hasLocaleParam: false
2026-07-26T11:23:44.997Z - REWRITE: /ar/flights -> /flights?__locale=ar
2026-07-26T11:23:45.173Z - INCOMING: /ar/flights | isRewritten: false | hasLocaleParam: false
2026-07-26T11:23:45.190Z - REWRITE: /ar/flights -> /flights?__locale=ar
2026-07-26T11:23:45.512Z - INCOMING: /ar/flights | isRewritten: false | hasLocaleParam: false
2026-07-26T11:23:45.529Z - REWRITE: /ar/flights -> /flights?__locale=ar
2026-07-26T11:23:45.547Z - INCOMING: /ar/flights | isRewritten: false | hasLocaleParam: false
2026-07-26T11:23:45.565Z - REWRITE: /ar/flights -> /flights?__locale=ar
2026-07-26T11:23:45.661Z - INCOMING: /ar/flights | isRewritten: false | hasLocaleParam: false
2026-07-26T11:23:45.679Z - REWRITE: /ar/flights -> /flights?__locale=ar
2026-07-26T11:23:46.028Z - INCOMING: /ar/flights | isRewritten: false | hasLocaleParam: false
2026-07-26T11:23:46.047Z - REWRITE: /ar/flights -> /flights?__locale=ar
2026-07-26T11:23:46.240Z - INCOMING: /ar/flights | isRewritten: false | hasLocaleParam: false
2026-07-26T11:23:46.256Z - REWRITE: /ar/flights -> /flights?__locale=ar
2026-07-26T11:23:46.527Z - INCOMING: /ar/flights | isRewritten: false | hasLocaleParam: false
2026-07-26T11:23:46.544Z - REWRITE: /ar/flights -> /flights?__locale=ar
2026-07-26T11:23:46.698Z - INCOMING: /ar/flights | isRewritten: false | hasLocaleParam: false
2026-07-26T11:23:46.714Z - REWRITE: /ar/flights -> /flights?__locale=ar
2026-07-26T11:23:46.838Z - INCOMING: /admin/articles | isRewritten: false | hasLocaleParam: false
2026-07-26T11:23:46.898Z - ADMIN PASSTHROUGH: /admin/articles
2026-07-26T11:23:47.101Z - INCOMING: /ar/flights | isRewritten: false | hasLocaleParam: false
2026-07-26T11:23:47.119Z - REWRITE: /ar/flights -> /flights?__locale=ar
2026-07-26T11:23:47.330Z - INCOMING: /ar/flights | isRewritten: false | hasLocaleParam: false
2026-07-26T11:23:47.379Z - REWRITE: /ar/flights -> /flights?__locale=ar
2026-07-26T11:23:47.518Z - INCOMING: /ar/flights | isRewritten: false | hasLocaleParam: false
2026-07-26T11:23:47.534Z - REWRITE: /ar/flights -> /flights?__locale=ar
2026-07-26T11:23:47.706Z - INCOMING: /ar/flights | isRewritten: false | hasLocaleParam: false
2026-07-26T11:23:47.737Z - REWRITE: /ar/flights -> /flights?__locale=ar
2026-07-26T11:23:47.931Z - INCOMING: /ar/flights | isRewritten: false | hasLocaleParam: false
2026-07-26T11:23:47.948Z - REWRITE: /ar/flights -> /flights?__locale=ar
2026-07-26T11:31:45.438Z - INCOMING: /admin/articles | isRewritten: false | hasLocaleParam: false
2026-07-26T11:31:45.457Z - ADMIN PASSTHROUGH: /admin/articles
2026-07-26T11:31:49.177Z - INCOMING: /admin/reviews | isRewritten: false | hasLocaleParam: false
2026-07-26T11:31:49.196Z - ADMIN PASSTHROUGH: /admin/reviews
2026-07-26T11:31:50.763Z - INCOMING: /admin/articles | isRewritten: false | hasLocaleParam: false
2026-07-26T11:31:50.781Z - ADMIN PASSTHROUGH: /admin/articles
2026-07-26T11:31:59.262Z - INCOMING: /admin/articles | isRewritten: false | hasLocaleParam: false
2026-07-26T11:31:59.289Z - ADMIN PASSTHROUGH: /admin/articles
2026-07-26T11:31:59.884Z - INCOMING: /ar/flights | isRewritten: false | hasLocaleParam: false
2026-07-26T11:31:59.970Z - REWRITE: /ar/flights -> /flights?__locale=ar
2026-07-26T11:32:00.570Z - INCOMING: /admin/articles | isRewritten: false | hasLocaleParam: false
2026-07-26T11:32:00.587Z - ADMIN PASSTHROUGH: /admin/articles
2026-07-26T11:32:00.644Z - INCOMING: /ar/flights | isRewritten: false | hasLocaleParam: false
2026-07-26T11:32:00.663Z - REWRITE: /ar/flights -> /flights?__locale=ar
2026-07-26T11:32:01.010Z - INCOMING: /admin/articles | isRewritten: false | hasLocaleParam: false
2026-07-26T11:32:01.030Z - ADMIN PASSTHROUGH: /admin/articles
2026-07-26T11:32:01.094Z - INCOMING: /admin/articles | isRewritten: false | hasLocaleParam: false
2026-07-26T11:32:01.115Z - ADMIN PASSTHROUGH: /admin/articles
2026-07-26T11:32:01.346Z - INCOMING: /ar/flights | isRewritten: false | hasLocaleParam: false
2026-07-26T11:32:01.364Z - REWRITE: /ar/flights -> /flights?__locale=ar
2026-07-26T11:32:01.584Z - INCOMING: /ar/flights | isRewritten: false | hasLocaleParam: false
2026-07-26T11:32:01.651Z - REWRITE: /ar/flights -> /flights?__locale=ar
2026-07-26T11:34:00.672Z - INCOMING: /ar/flights | isRewritten: false | hasLocaleParam: false
2026-07-26T11:34:00.691Z - REWRITE: /ar/flights -> /flights?__locale=ar
2026-07-26T11:34:00.711Z - INCOMING: /admin/articles | isRewritten: false | hasLocaleParam: false
2026-07-26T11:34:00.734Z - ADMIN PASSTHROUGH: /admin/articles
2026-07-26T11:34:12.243Z - INCOMING: /ar/flights | isRewritten: false | hasLocaleParam: false
2026-07-26T11:34:12.314Z - REWRITE: /ar/flights -> /flights?__locale=ar
2026-07-26T11:34:12.406Z - INCOMING: /admin/articles | isRewritten: false | hasLocaleParam: false
2026-07-26T11:34:12.429Z - ADMIN PASSTHROUGH: /admin/articles
2026-07-26T11:34:12.698Z - INCOMING: /ar/flights | isRewritten: false | hasLocaleParam: false
2026-07-26T11:34:12.721Z - REWRITE: /ar/flights -> /flights?__locale=ar
2026-07-26T11:34:12.791Z - INCOMING: /admin/articles | isRewritten: false | hasLocaleParam: false
2026-07-26T11:34:12.812Z - ADMIN PASSTHROUGH: /admin/articles
2026-07-26T11:34:28.192Z - INCOMING: /ar/flights | isRewritten: false | hasLocaleParam: false
2026-07-26T11:34:28.224Z - REWRITE: /ar/flights -> /flights?__locale=ar
2026-07-26T11:34:28.297Z - INCOMING: /admin/articles | isRewritten: false | hasLocaleParam: false
2026-07-26T11:34:28.321Z - ADMIN PASSTHROUGH: /admin/articles
2026-07-26T11:34:28.685Z - INCOMING: /ar/flights | isRewritten: false | hasLocaleParam: false
2026-07-26T11:34:28.713Z - REWRITE: /ar/flights -> /flights?__locale=ar
2026-07-26T11:34:28.779Z - INCOMING: /admin/articles | isRewritten: false | hasLocaleParam: false
2026-07-26T11:34:28.798Z - ADMIN PASSTHROUGH: /admin/articles
2026-07-26T11:34:34.291Z - INCOMING: /admin | isRewritten: false | hasLocaleParam: false
2026-07-26T11:34:34.310Z - ADMIN PASSTHROUGH: /admin
2026-07-26T11:38:58.823Z - REWRITE: /ar -> /?__locale=ar
2026-07-26T11:38:58.841Z - INCOMING: /ar | isRewritten: false | hasLocaleParam: false
2026-07-26T11:51:58.946Z - INCOMING: /blog/cairo-giza-best-places | isRewritten: false | hasLocaleParam: false
2026-07-26T11:51:58.966Z - REDIRECT: /blog/cairo-giza-best-places -> /ar/blog/cairo-giza-best-places
2026-07-26T11:51:59.044Z - REWRITE: /ar/blog/cairo-giza-best-places -> /blog/cairo-giza-best-places?__locale=ar
2026-07-26T11:51:59.092Z - INCOMING: /ar/blog/cairo-giza-best-places | isRewritten: false | hasLocaleParam: false
2026-07-26T11:52:07.839Z - INCOMING: /admin/articles | isRewritten: false | hasLocaleParam: false
2026-07-26T11:52:07.864Z - ADMIN PASSTHROUGH: /admin/articles
2026-07-26T11:52:59.276Z - ADMIN PASSTHROUGH: /admin/articles
2026-07-26T11:52:59.305Z - INCOMING: /admin/articles | isRewritten: false | hasLocaleParam: false
2026-07-26T11:52:59.328Z - INCOMING: /ar/blog/cairo-giza-best-places | isRewritten: false | hasLocaleParam: false
2026-07-26T11:52:59.354Z - REWRITE: /ar/blog/cairo-giza-best-places -> /blog/cairo-giza-best-places?__locale=ar
2026-07-26T11:53:14.810Z - INCOMING: /admin/articles | isRewritten: false | hasLocaleParam: false
2026-07-26T11:53:14.835Z - ADMIN PASSTHROUGH: /admin/articles
2026-07-26T11:53:14.856Z - INCOMING: /ar/blog/cairo-giza-best-places | isRewritten: false | hasLocaleParam: false
2026-07-26T11:53:14.892Z - REWRITE: /ar/blog/cairo-giza-best-places -> /blog/cairo-giza-best-places?__locale=ar
2026-07-26T11:53:32.807Z - INCOMING: /admin/articles | isRewritten: false | hasLocaleParam: false
2026-07-26T11:53:32.897Z - ADMIN PASSTHROUGH: /admin/articles
2026-07-26T11:53:33.083Z - REWRITE: /ar/blog/cairo-giza-best-places -> /blog/cairo-giza-best-places?__locale=ar
2026-07-26T11:53:33.129Z - INCOMING: /ar/blog/cairo-giza-best-places | isRewritten: false | hasLocaleParam: false
2026-07-26T11:53:53.050Z - INCOMING: /ar/cars | isRewritten: false | hasLocaleParam: false
2026-07-26T11:53:53.088Z - REWRITE: /ar/cars -> /cars?__locale=ar
2026-07-26T11:53:54.504Z - INCOMING: /admin/articles | isRewritten: false | hasLocaleParam: false
2026-07-26T11:53:54.532Z - ADMIN PASSTHROUGH: /admin/articles
2026-07-26T11:53:56.089Z - REWRITE: /ar/cars -> /cars?__locale=ar
2026-07-26T11:53:56.191Z - INCOMING: /ar/cars | isRewritten: false | hasLocaleParam: false
2026-07-26T11:53:56.211Z - INCOMING: /ar/hotels | isRewritten: false | hasLocaleParam: false
2026-07-26T11:53:56.281Z - REWRITE: /ar/hotels -> /hotels?__locale=ar
2026-07-26T11:54:36.368Z - INCOMING: /ar/hotels | isRewritten: false | hasLocaleParam: false
2026-07-26T11:54:36.391Z - REWRITE: /ar/hotels -> /hotels?__locale=ar
2026-07-26T11:54:57.689Z - INCOMING: /ar/flights | isRewritten: false | hasLocaleParam: false
2026-07-26T11:54:57.709Z - REWRITE: /ar/flights -> /flights?__locale=ar
2026-07-26T11:55:16.307Z - INCOMING: /admin/articles | isRewritten: false | hasLocaleParam: false
2026-07-26T11:55:16.360Z - ADMIN PASSTHROUGH: /admin/articles
2026-07-26T11:55:16.405Z - INCOMING: /ar/flights | isRewritten: false | hasLocaleParam: false
2026-07-26T11:55:16.444Z - REWRITE: /ar/flights -> /flights?__locale=ar
2026-07-26T11:55:31.044Z - INCOMING: /admin/articles | isRewritten: false | hasLocaleParam: false
2026-07-26T11:55:31.069Z - ADMIN PASSTHROUGH: /admin/articles
2026-07-26T11:55:31.104Z - INCOMING: /ar/flights | isRewritten: false | hasLocaleParam: false
2026-07-26T11:55:31.134Z - REWRITE: /ar/flights -> /flights?__locale=ar
2026-07-26T11:55:44.773Z - INCOMING: /ar/flights | isRewritten: false | hasLocaleParam: false
2026-07-26T11:55:44.857Z - REWRITE: /ar/flights -> /flights?__locale=ar
2026-07-26T11:55:44.879Z - ADMIN PASSTHROUGH: /admin/articles
2026-07-26T11:55:44.929Z - INCOMING: /admin/articles | isRewritten: false | hasLocaleParam: false
2026-07-26T11:56:04.667Z - REWRITE: /ar/flights -> /flights?__locale=ar
2026-07-26T11:56:04.690Z - INCOMING: /ar/flights | isRewritten: false | hasLocaleParam: false
2026-07-26T11:56:05.024Z - ADMIN PASSTHROUGH: /admin/articles
2026-07-26T11:56:05.049Z - INCOMING: /admin/articles | isRewritten: false | hasLocaleParam: false
2026-07-26T11:56:05.167Z - INCOMING: /ar/flights | isRewritten: false | hasLocaleParam: false
2026-07-26T11:56:05.188Z - REWRITE: /ar/flights -> /flights?__locale=ar
2026-07-26T11:56:05.434Z - INCOMING: /admin/articles | isRewritten: false | hasLocaleParam: false
2026-07-26T11:56:05.453Z - ADMIN PASSTHROUGH: /admin/articles
2026-07-26T11:56:21.686Z - INCOMING: /ar/flights | isRewritten: false | hasLocaleParam: false
2026-07-26T11:56:21.706Z - REWRITE: /ar/flights -> /flights?__locale=ar
2026-07-26T11:56:21.729Z - INCOMING: /admin/articles | isRewritten: false | hasLocaleParam: false
2026-07-26T11:56:21.747Z - ADMIN PASSTHROUGH: /admin/articles
2026-07-26T11:56:22.081Z - INCOMING: /ar/flights | isRewritten: false | hasLocaleParam: false
2026-07-26T11:56:22.100Z - REWRITE: /ar/flights -> /flights?__locale=ar
2026-07-26T11:56:22.118Z - INCOMING: /admin/articles | isRewritten: false | hasLocaleParam: false
2026-07-26T11:56:22.136Z - ADMIN PASSTHROUGH: /admin/articles
2026-07-26T11:56:36.592Z - REWRITE: /ar/flights -> /flights?__locale=ar
2026-07-26T11:56:36.643Z - INCOMING: /ar/flights | isRewritten: false | hasLocaleParam: false
2026-07-26T11:56:36.755Z - ADMIN PASSTHROUGH: /admin/articles
2026-07-26T11:56:36.804Z - INCOMING: /admin/articles | isRewritten: false | hasLocaleParam: false
2026-07-26T11:56:37.436Z - INCOMING: /ar/flights | isRewritten: false | hasLocaleParam: false
2026-07-26T11:56:37.616Z - REWRITE: /ar/flights -> /flights?__locale=ar
2026-07-26T11:56:37.827Z - INCOMING: /admin/articles | isRewritten: false | hasLocaleParam: false
2026-07-26T11:56:37.846Z - ADMIN PASSTHROUGH: /admin/articles
2026-07-26T11:56:47.919Z - INCOMING: /admin/articles | isRewritten: false | hasLocaleParam: false
2026-07-26T11:56:47.941Z - ADMIN PASSTHROUGH: /admin/articles
2026-07-26T11:56:47.962Z - INCOMING: /ar/flights | isRewritten: false | hasLocaleParam: false
2026-07-26T11:56:47.983Z - REWRITE: /ar/flights -> /flights?__locale=ar
2026-07-26T11:56:48.305Z - INCOMING: /admin/articles | isRewritten: false | hasLocaleParam: false
2026-07-26T11:56:48.324Z - ADMIN PASSTHROUGH: /admin/articles
2026-07-26T11:56:48.369Z - INCOMING: /ar/flights | isRewritten: false | hasLocaleParam: false
2026-07-26T11:56:48.391Z - REWRITE: /ar/flights -> /flights?__locale=ar
2026-07-26T11:58:59.785Z - INCOMING: /ar/flights | isRewritten: false | hasLocaleParam: false
2026-07-26T11:58:59.882Z - REWRITE: /ar/flights -> /flights?__locale=ar
2026-07-26T12:00:25.503Z - INCOMING: /ar/hotel-apartments | isRewritten: false | hasLocaleParam: false
2026-07-26T12:00:25.525Z - REWRITE: /ar/hotel-apartments -> /hotel-apartments?__locale=ar
2026-07-26T12:00:47.505Z - INCOMING: /admin/articles | isRewritten: false | hasLocaleParam: false
2026-07-26T12:00:47.530Z - ADMIN PASSTHROUGH: /admin/articles
2026-07-26T12:00:47.561Z - INCOMING: /ar/hotel-apartments | isRewritten: false | hasLocaleParam: false
2026-07-26T12:00:47.588Z - REWRITE: /ar/hotel-apartments -> /hotel-apartments?__locale=ar
2026-07-26T12:00:47.839Z - INCOMING: /admin/articles | isRewritten: false | hasLocaleParam: false
2026-07-26T12:00:47.868Z - ADMIN PASSTHROUGH: /admin/articles
2026-07-26T12:00:48.005Z - INCOMING: /ar/hotel-apartments | isRewritten: false | hasLocaleParam: false
2026-07-26T12:00:48.026Z - REWRITE: /ar/hotel-apartments -> /hotel-apartments?__locale=ar
2026-07-26T12:00:48.227Z - INCOMING: /admin/articles | isRewritten: false | hasLocaleParam: false
2026-07-26T12:00:48.245Z - ADMIN PASSTHROUGH: /admin/articles
2026-07-26T12:00:48.655Z - INCOMING: /admin/articles | isRewritten: false | hasLocaleParam: false
2026-07-26T12:00:48.753Z - ADMIN PASSTHROUGH: /admin/articles
2026-07-26T12:00:49.204Z - INCOMING: /admin/articles | isRewritten: false | hasLocaleParam: false
2026-07-26T12:00:49.227Z - ADMIN PASSTHROUGH: /admin/articles
2026-07-26T12:00:49.388Z - INCOMING: /ar/hotel-apartments | isRewritten: false | hasLocaleParam: false
2026-07-26T12:00:49.448Z - REWRITE: /ar/hotel-apartments -> /hotel-apartments?__locale=ar
2026-07-26T12:00:49.654Z - INCOMING: /ar/hotel-apartments | isRewritten: false | hasLocaleParam: false
2026-07-26T12:00:49.707Z - REWRITE: /ar/hotel-apartments -> /hotel-apartments?__locale=ar
2026-07-26T12:00:49.793Z - INCOMING: /ar/hotel-apartments | isRewritten: false | hasLocaleParam: false
2026-07-26T12:00:49.884Z - REWRITE: /ar/hotel-apartments -> /hotel-apartments?__locale=ar
2026-07-26T12:00:59.448Z - INCOMING: /ar/hotel-apartments | isRewritten: false | hasLocaleParam: false
2026-07-26T12:00:59.469Z - REWRITE: /ar/hotel-apartments -> /hotel-apartments?__locale=ar
2026-07-26T12:00:59.976Z - INCOMING: /admin/articles | isRewritten: false | hasLocaleParam: false
2026-07-26T12:00:59.996Z - ADMIN PASSTHROUGH: /admin/articles
2026-07-26T12:01:00.021Z - INCOMING: /ar/hotel-apartments | isRewritten: false | hasLocaleParam: false
2026-07-26T12:01:00.044Z - REWRITE: /ar/hotel-apartments -> /hotel-apartments?__locale=ar
2026-07-26T12:01:00.288Z - INCOMING: /admin/articles | isRewritten: false | hasLocaleParam: false
2026-07-26T12:01:00.313Z - ADMIN PASSTHROUGH: /admin/articles
2026-07-26T12:01:00.619Z - INCOMING: /ar/hotel-apartments | isRewritten: false | hasLocaleParam: false
2026-07-26T12:01:00.639Z - REWRITE: /ar/hotel-apartments -> /hotel-apartments?__locale=ar
2026-07-26T12:01:00.704Z - INCOMING: /ar/hotel-apartments | isRewritten: false | hasLocaleParam: false
2026-07-26T12:01:00.722Z - REWRITE: /ar/hotel-apartments -> /hotel-apartments?__locale=ar
2026-07-26T12:01:01.017Z - INCOMING: /ar/hotel-apartments | isRewritten: false | hasLocaleParam: false
2026-07-26T12:01:01.036Z - REWRITE: /ar/hotel-apartments -> /hotel-apartments?__locale=ar
2026-07-26T12:01:01.228Z - INCOMING: /ar/hotel-apartments | isRewritten: false | hasLocaleParam: false
2026-07-26T12:01:01.277Z - REWRITE: /ar/hotel-apartments -> /hotel-apartments?__locale=ar
2026-07-26T12:01:01.450Z - INCOMING: /ar/hotel-apartments | isRewritten: false | hasLocaleParam: false
2026-07-26T12:01:01.467Z - REWRITE: /ar/hotel-apartments -> /hotel-apartments?__locale=ar
2026-07-26T12:01:01.760Z - INCOMING: /ar/hotel-apartments | isRewritten: false | hasLocaleParam: false
2026-07-26T12:01:01.790Z - REWRITE: /ar/hotel-apartments -> /hotel-apartments?__locale=ar
2026-07-26T12:01:01.955Z - INCOMING: /ar/hotel-apartments | isRewritten: false | hasLocaleParam: false
2026-07-26T12:01:01.972Z - REWRITE: /ar/hotel-apartments -> /hotel-apartments?__locale=ar
2026-07-26T12:01:02.188Z - INCOMING: /ar/hotel-apartments | isRewritten: false | hasLocaleParam: false
2026-07-26T12:01:02.206Z - REWRITE: /ar/hotel-apartments -> /hotel-apartments?__locale=ar
2026-07-26T12:01:02.433Z - INCOMING: /ar/hotel-apartments | isRewritten: false | hasLocaleParam: false
2026-07-26T12:01:02.494Z - REWRITE: /ar/hotel-apartments -> /hotel-apartments?__locale=ar
2026-07-26T12:01:02.669Z - INCOMING: /ar/hotel-apartments | isRewritten: false | hasLocaleParam: false
2026-07-26T12:01:02.725Z - REWRITE: /ar/hotel-apartments -> /hotel-apartments?__locale=ar
2026-07-26T12:01:02.942Z - INCOMING: /ar/hotel-apartments | isRewritten: false | hasLocaleParam: false
2026-07-26T12:01:03.004Z - REWRITE: /ar/hotel-apartments -> /hotel-apartments?__locale=ar
2026-07-26T12:01:03.209Z - INCOMING: /ar/hotel-apartments | isRewritten: false | hasLocaleParam: false
2026-07-26T12:01:03.228Z - REWRITE: /ar/hotel-apartments -> /hotel-apartments?__locale=ar
2026-07-26T12:01:03.433Z - INCOMING: /admin/articles | isRewritten: false | hasLocaleParam: false
2026-07-26T12:01:03.451Z - ADMIN PASSTHROUGH: /admin/articles
2026-07-26T12:01:03.630Z - INCOMING: /admin/articles | isRewritten: false | hasLocaleParam: false
2026-07-26T12:01:03.663Z - ADMIN PASSTHROUGH: /admin/articles
2026-07-26T12:01:03.709Z - INCOMING: /admin/articles | isRewritten: false | hasLocaleParam: false
2026-07-26T12:01:03.813Z - ADMIN PASSTHROUGH: /admin/articles
2026-07-26T12:01:04.018Z - INCOMING: /admin/articles | isRewritten: false | hasLocaleParam: false
2026-07-26T12:01:04.035Z - ADMIN PASSTHROUGH: /admin/articles
2026-07-26T12:01:04.212Z - INCOMING: /admin/articles | isRewritten: false | hasLocaleParam: false
2026-07-26T12:01:04.230Z - ADMIN PASSTHROUGH: /admin/articles
2026-07-26T12:01:04.386Z - INCOMING: /admin/articles | isRewritten: false | hasLocaleParam: false
2026-07-26T12:01:04.406Z - ADMIN PASSTHROUGH: /admin/articles
2026-07-26T12:01:04.546Z - INCOMING: /admin/articles | isRewritten: false | hasLocaleParam: false
2026-07-26T12:01:04.563Z - ADMIN PASSTHROUGH: /admin/articles
2026-07-26T12:01:04.693Z - INCOMING: /admin/articles | isRewritten: false | hasLocaleParam: false
2026-07-26T12:01:04.716Z - ADMIN PASSTHROUGH: /admin/articles
2026-07-26T12:01:04.865Z - INCOMING: /admin/articles | isRewritten: false | hasLocaleParam: false
2026-07-26T12:01:04.880Z - ADMIN PASSTHROUGH: /admin/articles
2026-07-26T12:01:05.045Z - INCOMING: /admin/articles | isRewritten: false | hasLocaleParam: false
2026-07-26T12:01:05.065Z - ADMIN PASSTHROUGH: /admin/articles
2026-07-26T12:01:05.122Z - INCOMING: /admin/articles | isRewritten: false | hasLocaleParam: false
2026-07-26T12:01:05.141Z - ADMIN PASSTHROUGH: /admin/articles
2026-07-26T12:01:05.344Z - INCOMING: /admin/articles | isRewritten: false | hasLocaleParam: false
2026-07-26T12:01:05.362Z - ADMIN PASSTHROUGH: /admin/articles
2026-07-26T12:03:01.792Z - INCOMING: /admin/articles | isRewritten: false | hasLocaleParam: false
2026-07-26T12:03:01.816Z - ADMIN PASSTHROUGH: /admin/articles
2026-07-26T12:03:01.840Z - INCOMING: /ar/hotel-apartments | isRewritten: false | hasLocaleParam: false
2026-07-26T12:03:01.863Z - REWRITE: /ar/hotel-apartments -> /hotel-apartments?__locale=ar
2026-07-26T12:03:02.322Z - INCOMING: /admin/articles | isRewritten: false | hasLocaleParam: false
2026-07-26T12:03:02.344Z - ADMIN PASSTHROUGH: /admin/articles
2026-07-26T12:03:02.393Z - INCOMING: /ar/hotel-apartments | isRewritten: false | hasLocaleParam: false
2026-07-26T12:03:02.457Z - REWRITE: /ar/hotel-apartments -> /hotel-apartments?__locale=ar
2026-07-26T12:03:02.691Z - INCOMING: /admin/articles | isRewritten: false | hasLocaleParam: false
2026-07-26T12:03:02.728Z - ADMIN PASSTHROUGH: /admin/articles
2026-07-26T12:03:02.940Z - INCOMING: /admin/articles | isRewritten: false | hasLocaleParam: false
2026-07-26T12:03:02.961Z - ADMIN PASSTHROUGH: /admin/articles
2026-07-26T12:03:03.052Z - REWRITE: /ar/hotel-apartments -> /hotel-apartments?__locale=ar
2026-07-26T12:03:03.079Z - INCOMING: /ar/hotel-apartments | isRewritten: false | hasLocaleParam: false
2026-07-26T12:03:03.369Z - INCOMING: /ar/hotel-apartments | isRewritten: false | hasLocaleParam: false
2026-07-26T12:03:03.486Z - REWRITE: /ar/hotel-apartments -> /hotel-apartments?__locale=ar
2026-07-26T12:04:17.708Z - REWRITE: /ar/hotel-apartments -> /hotel-apartments?__locale=ar
2026-07-26T12:04:18.234Z - INCOMING: /ar/hotel-apartments | isRewritten: false | hasLocaleParam: false
2026-07-26T12:04:38.612Z - ADMIN PASSTHROUGH: /admin/articles
2026-07-26T12:04:39.365Z - INCOMING: /admin/articles | isRewritten: false | hasLocaleParam: false
2026-07-26T12:04:39.457Z - INCOMING: /ar/hotel-apartments | isRewritten: false | hasLocaleParam: false
2026-07-26T12:04:39.485Z - REWRITE: /ar/hotel-apartments -> /hotel-apartments?__locale=ar
2026-07-26T12:05:07.878Z - INCOMING: /ar/flights | isRewritten: false | hasLocaleParam: false
2026-07-26T12:05:07.899Z - REWRITE: /ar/flights -> /flights?__locale=ar
2026-07-26T12:05:17.040Z - INCOMING: /ar/flights | isRewritten: false | hasLocaleParam: false
2026-07-26T12:05:17.111Z - REWRITE: /ar/flights -> /flights?__locale=ar
2026-07-26T12:05:17.180Z - INCOMING: /admin/articles | isRewritten: false | hasLocaleParam: false
2026-07-26T12:05:17.221Z - ADMIN PASSTHROUGH: /admin/articles
2026-07-26T12:07:05.496Z - ADMIN PASSTHROUGH: /admin/articles
2026-07-26T12:07:06.866Z - INCOMING: /admin/articles | isRewritten: false | hasLocaleParam: false
2026-07-26T12:07:06.904Z - REWRITE: /ar/flights -> /flights?__locale=ar
2026-07-26T12:07:06.923Z - INCOMING: /ar/flights | isRewritten: false | hasLocaleParam: false
2026-07-26T12:08:14.632Z - INCOMING: /ar/hotels | isRewritten: false | hasLocaleParam: false
2026-07-26T12:08:14.689Z - REWRITE: /ar/hotels -> /hotels?__locale=ar
2026-07-26T12:11:31.467Z - REWRITE: /ar/hotels -> /hotels?__locale=ar
2026-07-26T12:11:31.529Z - INCOMING: /ar/hotels | isRewritten: false | hasLocaleParam: false
2026-07-26T12:11:31.558Z - ADMIN PASSTHROUGH: /admin/articles
2026-07-26T12:11:31.591Z - INCOMING: /ar/hotels | isRewritten: false | hasLocaleParam: false
2026-07-26T12:11:31.629Z - REWRITE: /ar/hotels -> /hotels?__locale=ar
2026-07-26T12:11:31.657Z - INCOMING: /admin/articles | isRewritten: false | hasLocaleParam: false
2026-07-26T12:23:53.398Z - REWRITE: /ar/contact -> /contact?__locale=ar
2026-07-26T12:23:53.416Z - INCOMING: /ar/contact | isRewritten: false | hasLocaleParam: false
2026-07-26T12:24:00.354Z - INCOMING: /ar | isRewritten: false | hasLocaleParam: false
2026-07-26T12:24:00.512Z - REWRITE: /ar -> /?__locale=ar
2026-07-26T12:24:36.668Z - INCOMING: /ar | isRewritten: false | hasLocaleParam: false
2026-07-26T12:24:36.731Z - REWRITE: /ar -> /?__locale=ar
2026-07-26T12:24:45.355Z - INCOMING: /ar | isRewritten: false | hasLocaleParam: false
2026-07-26T12:24:45.372Z - REWRITE: /ar -> /?__locale=ar
2026-07-26T12:26:47.275Z - INCOMING: /ar | isRewritten: false | hasLocaleParam: false
2026-07-26T12:26:47.313Z - REWRITE: /ar -> /?__locale=ar
2026-07-26T12:28:43.365Z - INCOMING: /ar/hotels | isRewritten: false | hasLocaleParam: false
2026-07-26T12:28:43.385Z - REWRITE: /ar/hotels -> /hotels?__locale=ar
2026-07-26T12:29:21.451Z - INCOMING: /ar/cars | isRewritten: false | hasLocaleParam: false
2026-07-26T12:29:21.471Z - REWRITE: /ar/cars -> /cars?__locale=ar
2026-07-30T08:14:17.873Z - INCOMING: / | isRewritten: false | hasLocaleParam: false
2026-07-30T08:14:18.110Z - INCOMING: /ar | isRewritten: false | hasLocaleParam: false
2026-07-30T08:14:18.144Z - REWRITE: /ar -> /?__locale=ar
2026-07-30T08:14:18.177Z - REDIRECT: / -> /ar
2026-07-30T08:18:46.900Z - INCOMING: /en | isRewritten: false | hasLocaleParam: false
2026-07-30T08:18:46.927Z - REWRITE: /en -> /?__locale=en
2026-07-30T08:18:47.241Z - INCOMING: /en | isRewritten: false | hasLocaleParam: false
2026-07-30T08:18:47.326Z - REWRITE: /en -> /?__locale=en
2026-07-30T08:19:32.781Z - INCOMING: /en/hotels | isRewritten: false | hasLocaleParam: false
2026-07-30T08:19:32.803Z - REWRITE: /en/hotels -> /hotels?__locale=en
2026-07-30T08:19:36.850Z - INCOMING: /ar/hotels | isRewritten: false | hasLocaleParam: false
2026-07-30T08:19:36.872Z - REWRITE: /ar/hotels -> /hotels?__locale=ar
2026-07-30T08:19:37.076Z - INCOMING: /ar/hotels | isRewritten: false | hasLocaleParam: false
2026-07-30T08:19:37.097Z - REWRITE: /ar/hotels -> /hotels?__locale=ar
2026-07-30T08:19:42.449Z - INCOMING: /ar/flights | isRewritten: false | hasLocaleParam: false
2026-07-30T08:19:42.467Z - REWRITE: /ar/flights -> /flights?__locale=ar
2026-07-30T08:20:01.844Z - INCOMING: /ar/flights | isRewritten: false | hasLocaleParam: false
2026-07-30T08:20:01.872Z - REWRITE: /ar/flights -> /flights?__locale=ar
2026-07-30T08:20:02.135Z - INCOMING: /ar/flights | isRewritten: false | hasLocaleParam: false
2026-07-30T08:20:02.210Z - REWRITE: /ar/flights -> /flights?__locale=ar
2026-07-30T08:20:09.331Z - REWRITE: /ar/flights -> /flights?__locale=ar
2026-07-30T08:20:09.386Z - INCOMING: /ar/flights | isRewritten: false | hasLocaleParam: false
2026-07-30T08:20:09.644Z - INCOMING: /ar/flights | isRewritten: false | hasLocaleParam: false
2026-07-30T08:20:09.723Z - REWRITE: /ar/flights -> /flights?__locale=ar
2026-07-30T08:21:52.551Z - INCOMING: /ar | isRewritten: false | hasLocaleParam: false
2026-07-30T08:21:52.576Z - REWRITE: /ar -> /?__locale=ar
2026-07-30T08:25:20.738Z - REWRITE: /ar -> /?__locale=ar
2026-07-30T08:25:20.781Z - INCOMING: /ar | isRewritten: false | hasLocaleParam: false
2026-07-30T08:25:32.195Z - INCOMING: /ar | isRewritten: false | hasLocaleParam: false
2026-07-30T08:25:32.220Z - REWRITE: /ar -> /?__locale=ar
2026-07-30T08:28:15.367Z - INCOMING: /ar/flights | isRewritten: false | hasLocaleParam: false
2026-07-30T08:28:15.387Z - REWRITE: /ar/flights -> /flights?__locale=ar
2026-07-30T08:29:33.584Z - INCOMING: /ar/flights | isRewritten: false | hasLocaleParam: false
2026-07-30T08:29:33.653Z - REWRITE: /ar/flights -> /flights?__locale=ar
2026-07-30T08:30:58.067Z - INCOMING: /ar/flights | isRewritten: false | hasLocaleParam: false
2026-07-30T08:30:58.088Z - REWRITE: /ar/flights -> /flights?__locale=ar
2026-07-30T08:31:51.805Z - INCOMING: /ar | isRewritten: false | hasLocaleParam: false
2026-07-30T08:31:51.826Z - REWRITE: /ar -> /?__locale=ar
2026-07-30T08:32:22.392Z - INCOMING: /ar/hotels | isRewritten: false | hasLocaleParam: false
2026-07-30T08:32:22.460Z - REWRITE: /ar/hotels -> /hotels?__locale=ar
2026-07-30T08:33:38.693Z - INCOMING: /ar/hotels | isRewritten: false | hasLocaleParam: false
2026-07-30T08:33:38.726Z - REWRITE: /ar/hotels -> /hotels?__locale=ar
2026-07-30T08:37:11.291Z - REWRITE: /ar/hotels -> /hotels?__locale=ar
2026-07-30T08:37:11.343Z - INCOMING: /ar/hotels | isRewritten: false | hasLocaleParam: false
2026-07-30T08:37:16.725Z - INCOMING: /ar/hotels | isRewritten: false | hasLocaleParam: false
2026-07-30T08:37:16.829Z - REWRITE: /ar/hotels -> /hotels?__locale=ar
2026-07-30T08:38:01.994Z - INCOMING: /ar | isRewritten: false | hasLocaleParam: false
2026-07-30T08:38:02.033Z - REWRITE: /ar -> /?__locale=ar
2026-07-30T08:39:19.801Z - INCOMING: /ar/admin | isRewritten: false | hasLocaleParam: false
2026-07-30T08:39:20.158Z - REWRITE: /ar/admin -> /admin?__locale=ar
2026-07-30T08:39:23.550Z - INCOMING: /admin/bookings | isRewritten: false | hasLocaleParam: false
2026-07-30T08:39:23.575Z - ADMIN PASSTHROUGH: /admin/bookings
2026-07-30T08:39:30.527Z - INCOMING: /admin/articles | isRewritten: false | hasLocaleParam: false
2026-07-30T08:39:30.547Z - ADMIN PASSTHROUGH: /admin/articles
2026-07-30T08:39:33.757Z - INCOMING: /admin/cars | isRewritten: false | hasLocaleParam: false
2026-07-30T08:39:33.776Z - ADMIN PASSTHROUGH: /admin/cars
2026-07-30T08:39:34.825Z - INCOMING: /admin/fast-track | isRewritten: false | hasLocaleParam: false
2026-07-30T08:39:34.846Z - ADMIN PASSTHROUGH: /admin/fast-track
2026-07-30T08:40:44.581Z - REDIRECT: / -> /ar
2026-07-30T08:40:44.601Z - INCOMING: / | isRewritten: false | hasLocaleParam: false
2026-07-30T08:40:44.658Z - INCOMING: /ar | isRewritten: false | hasLocaleParam: false
2026-07-30T08:40:44.682Z - REWRITE: /ar -> /?__locale=ar
2026-07-30T08:41:13.368Z - INCOMING: /ar | isRewritten: false | hasLocaleParam: false
2026-07-30T08:41:13.400Z - REWRITE: /ar -> /?__locale=ar
2026-07-30T08:41:15.823Z - INCOMING: /ar | isRewritten: false | hasLocaleParam: false
2026-07-30T08:41:15.934Z - REWRITE: /ar -> /?__locale=ar
2026-07-30T08:41:16.546Z - INCOMING: /ar | isRewritten: false | hasLocaleParam: false
2026-07-30T08:41:16.566Z - REWRITE: /ar -> /?__locale=ar
2026-07-30T08:41:16.720Z - INCOMING: /ar | isRewritten: false | hasLocaleParam: false
2026-07-30T08:41:16.738Z - REWRITE: /ar -> /?__locale=ar
2026-07-30T08:41:16.758Z - INCOMING: /ar | isRewritten: false | hasLocaleParam: false
2026-07-30T08:41:16.777Z - REWRITE: /ar -> /?__locale=ar
2026-07-30T08:41:16.970Z - INCOMING: /ar | isRewritten: false | hasLocaleParam: false
2026-07-30T08:41:16.990Z - REWRITE: /ar -> /?__locale=ar
2026-07-30T08:42:11.348Z - INCOMING: /fast-track | isRewritten: false | hasLocaleParam: false
2026-07-30T08:42:11.370Z - REDIRECT: /fast-track -> /ar/fast-track
2026-07-30T08:42:11.436Z - REWRITE: /ar/fast-track -> /fast-track?__locale=ar
2026-07-30T08:42:11.459Z - INCOMING: /ar/fast-track | isRewritten: false | hasLocaleParam: false
2026-07-30T08:42:23.758Z - INCOMING: /ar | isRewritten: false | hasLocaleParam: false
2026-07-30T08:42:23.779Z - REWRITE: /ar -> /?__locale=ar
2026-07-30T08:43:19.957Z - INCOMING: /ar | isRewritten: false | hasLocaleParam: false
2026-07-30T08:43:19.986Z - REWRITE: /ar -> /?__locale=ar
2026-07-30T08:44:42.697Z - REWRITE: /ar -> /?__locale=ar
2026-07-30T08:44:42.754Z - INCOMING: /ar | isRewritten: false | hasLocaleParam: false
2026-07-30T08:47:11.524Z - INCOMING: /ar | isRewritten: false | hasLocaleParam: false
2026-07-30T08:47:11.555Z - REWRITE: /ar -> /?__locale=ar
2026-07-30T08:47:12.067Z - INCOMING: /ar | isRewritten: false | hasLocaleParam: false
2026-07-30T08:47:12.232Z - REWRITE: /ar -> /?__locale=ar
2026-07-30T08:47:25.103Z - INCOMING: /ar | isRewritten: false | hasLocaleParam: false
2026-07-30T08:47:25.221Z - REWRITE: /ar -> /?__locale=ar
2026-07-30T08:49:28.930Z - INCOMING: /ar | isRewritten: false | hasLocaleParam: false
2026-07-30T08:49:28.957Z - REWRITE: /ar -> /?__locale=ar
2026-07-30T08:49:46.414Z - INCOMING: /ar | isRewritten: false | hasLocaleParam: false
2026-07-30T08:49:46.446Z - REWRITE: /ar -> /?__locale=ar
2026-07-30T08:49:46.958Z - INCOMING: /ar | isRewritten: false | hasLocaleParam: false
2026-07-30T08:49:46.981Z - REWRITE: /ar -> /?__locale=ar
2026-07-30T08:49:47.321Z - INCOMING: /ar | isRewritten: false | hasLocaleParam: false
2026-07-30T08:49:47.472Z - REWRITE: /ar -> /?__locale=ar
2026-07-30T08:50:02.663Z - REWRITE: /ar -> /?__locale=ar
2026-07-30T08:50:02.691Z - INCOMING: /ar | isRewritten: false | hasLocaleParam: false
2026-07-30T08:51:20.614Z - INCOMING: /blog/cairo-giza-best-places | isRewritten: false | hasLocaleParam: false
2026-07-30T08:51:20.635Z - REDIRECT: /blog/cairo-giza-best-places -> /ar/blog/cairo-giza-best-places
2026-07-30T08:51:20.696Z - INCOMING: /ar/blog/cairo-giza-best-places | isRewritten: false | hasLocaleParam: false
2026-07-30T08:51:20.715Z - REWRITE: /ar/blog/cairo-giza-best-places -> /blog/cairo-giza-best-places?__locale=ar
2026-07-30T08:51:33.989Z - INCOMING: /blog | isRewritten: false | hasLocaleParam: false
2026-07-30T08:51:34.012Z - REDIRECT: /blog -> /ar/blog
2026-07-30T08:51:34.074Z - INCOMING: /ar/blog | isRewritten: false | hasLocaleParam: false
2026-07-30T08:51:34.097Z - REWRITE: /ar/blog -> /blog?__locale=ar
2026-07-30T08:51:37.860Z - INCOMING: /ar/blog | isRewritten: false | hasLocaleParam: false
2026-07-30T08:51:37.883Z - REWRITE: /ar/blog -> /blog?__locale=ar
2026-07-30T08:51:38.373Z - INCOMING: /ar/blog | isRewritten: false | hasLocaleParam: false
2026-07-30T08:51:38.400Z - REWRITE: /ar/blog -> /blog?__locale=ar
2026-07-30T08:51:41.798Z - INCOMING: /ar | isRewritten: false | hasLocaleParam: false
2026-07-30T08:51:41.818Z - REWRITE: /ar -> /?__locale=ar
2026-07-30T08:51:42.221Z - INCOMING: /ar | isRewritten: false | hasLocaleParam: false
2026-07-30T08:51:42.242Z - REWRITE: /ar -> /?__locale=ar
2026-07-30T08:51:52.069Z - INCOMING: /ar | isRewritten: false | hasLocaleParam: false
2026-07-30T08:51:52.090Z - REWRITE: /ar -> /?__locale=ar
2026-07-30T08:54:10.493Z - INCOMING: /ar | isRewritten: false | hasLocaleParam: false
2026-07-30T08:54:10.536Z - REWRITE: /ar -> /?__locale=ar
2026-07-30T08:57:41.649Z - INCOMING: /ar/cars | isRewritten: false | hasLocaleParam: false
2026-07-30T08:57:41.671Z - REWRITE: /ar/cars -> /cars?__locale=ar
2026-07-30T08:59:06.413Z - INCOMING: /ar/fast-track | isRewritten: false | hasLocaleParam: false
2026-07-30T08:59:06.436Z - REWRITE: /ar/fast-track -> /fast-track?__locale=ar
2026-07-30T08:59:12.909Z - INCOMING: /ar/hotel-apartments | isRewritten: false | hasLocaleParam: false
2026-07-30T08:59:12.935Z - REWRITE: /ar/hotel-apartments -> /hotel-apartments?__locale=ar
2026-07-30T08:59:15.631Z - INCOMING: /ar/about | isRewritten: false | hasLocaleParam: false
2026-07-30T08:59:15.652Z - REWRITE: /ar/about -> /about?__locale=ar
2026-07-30T08:59:21.937Z - INCOMING: /ar/contact | isRewritten: false | hasLocaleParam: false
2026-07-30T08:59:21.958Z - REWRITE: /ar/contact -> /contact?__locale=ar
2026-07-30T08:59:25.321Z - INCOMING: /ar | isRewritten: false | hasLocaleParam: false
2026-07-30T08:59:25.341Z - REWRITE: /ar -> /?__locale=ar
2026-07-30T09:00:40.257Z - INCOMING: /ar | isRewritten: false | hasLocaleParam: false
2026-07-30T09:00:40.291Z - REWRITE: /ar -> /?__locale=ar
2026-07-30T09:00:40.635Z - INCOMING: /ar | isRewritten: false | hasLocaleParam: false
2026-07-30T09:00:40.746Z - REWRITE: /ar -> /?__locale=ar
2026-07-30T09:00:51.659Z - INCOMING: /ar/cars | isRewritten: false | hasLocaleParam: false
2026-07-30T09:00:52.528Z - REWRITE: /ar/cars -> /cars?__locale=ar
2026-07-30T09:00:53.622Z - INCOMING: /ar/cars | isRewritten: false | hasLocaleParam: false
2026-07-30T09:00:53.647Z - REWRITE: /ar/cars -> /cars?__locale=ar
2026-07-30T09:00:53.929Z - INCOMING: /ar/cars | isRewritten: false | hasLocaleParam: false
2026-07-30T09:00:53.963Z - REWRITE: /ar/cars -> /cars?__locale=ar
2026-07-30T09:00:54.422Z - INCOMING: /ar/cars | isRewritten: false | hasLocaleParam: false
2026-07-30T09:00:54.442Z - REWRITE: /ar/cars -> /cars?__locale=ar
2026-07-30T09:00:54.558Z - INCOMING: /ar/cars | isRewritten: false | hasLocaleParam: false
2026-07-30T09:00:54.652Z - REWRITE: /ar/cars -> /cars?__locale=ar
2026-07-30T09:00:54.673Z - INCOMING: /ar/cars | isRewritten: false | hasLocaleParam: false
2026-07-30T09:00:54.700Z - REWRITE: /ar/cars -> /cars?__locale=ar
2026-07-30T09:07:53.749Z - REWRITE: /ar/cars -> /cars?__locale=ar
2026-07-30T09:07:53.784Z - INCOMING: /ar/cars | isRewritten: false | hasLocaleParam: false
2026-07-30T09:07:53.834Z - REWRITE: /ar/cars -> /cars?__locale=ar
2026-07-30T09:07:53.856Z - INCOMING: /ar/cars | isRewritten: false | hasLocaleParam: false
2026-07-30T09:09:06.836Z - INCOMING: /ar/cars | isRewritten: false | hasLocaleParam: false
2026-07-30T09:09:06.862Z - REWRITE: /ar/cars -> /cars?__locale=ar
2026-07-30T09:10:56.232Z - INCOMING: /ar/cars | isRewritten: false | hasLocaleParam: false
2026-07-30T09:10:56.260Z - REWRITE: /ar/cars -> /cars?__locale=ar
2026-07-30T09:10:56.292Z - REWRITE: /ar/cars -> /cars?__locale=ar
2026-07-30T09:10:57.002Z - INCOMING: /ar/cars | isRewritten: false | hasLocaleParam: false
2026-07-30T09:10:57.024Z - REWRITE: /ar/cars -> /cars?__locale=ar
2026-07-30T09:10:57.049Z - INCOMING: /ar/cars | isRewritten: false | hasLocaleParam: false
2026-07-30T09:10:57.072Z - INCOMING: /ar/cars | isRewritten: false | hasLocaleParam: false
2026-07-30T09:10:57.232Z - REWRITE: /ar/cars -> /cars?__locale=ar
2026-07-30T09:10:57.260Z - REWRITE: /ar/cars -> /cars?__locale=ar
2026-07-30T09:10:57.285Z - INCOMING: /ar/cars | isRewritten: false | hasLocaleParam: false
2026-07-30T09:10:57.355Z - REWRITE: /ar/cars -> /cars?__locale=ar
2026-07-30T09:10:57.374Z - INCOMING: /ar/cars | isRewritten: false | hasLocaleParam: false
2026-07-30T09:14:03.897Z - INCOMING: /ar/cars | isRewritten: false | hasLocaleParam: false
2026-07-30T09:14:03.921Z - REWRITE: /ar/cars -> /cars?__locale=ar
2026-07-30T09:15:33.566Z - REWRITE: /ar/cars -> /cars?__locale=ar
2026-07-30T09:15:33.670Z - INCOMING: /ar/cars | isRewritten: false | hasLocaleParam: false
2026-07-30T09:45:59.533Z - INCOMING: /ar | isRewritten: false | hasLocaleParam: false
2026-07-30T09:45:59.578Z - REWRITE: /ar -> /?__locale=ar
2026-07-30T10:14:03.682Z - INCOMING: /ar | isRewritten: false | hasLocaleParam: false
2026-07-30T10:14:03.736Z - REWRITE: /ar -> /?__locale=ar
2026-07-30T10:14:04.033Z - INCOMING: /ar | isRewritten: false | hasLocaleParam: false
2026-07-30T10:14:04.107Z - REWRITE: /ar -> /?__locale=ar
2026-07-30T10:14:04.383Z - INCOMING: /ar | isRewritten: false | hasLocaleParam: false
2026-07-30T10:14:04.405Z - REWRITE: /ar -> /?__locale=ar
2026-08-09T09:53:14.144Z - INCOMING: / | isRewritten: false | hasLocaleParam: false
2026-08-09T09:53:14.232Z - REDIRECT: / -> /en
2026-08-09T09:53:14.260Z - INCOMING: /en | isRewritten: false | hasLocaleParam: false
2026-08-09T09:53:14.287Z - REWRITE: /en -> /?__locale=en
2026-08-09T09:55:41.626Z - INCOMING: /ar | isRewritten: false | hasLocaleParam: false
2026-08-09T09:55:41.652Z - REWRITE: /ar -> /?__locale=ar
2026-08-09T09:55:41.993Z - INCOMING: /ar | isRewritten: false | hasLocaleParam: false
2026-08-09T09:55:42.104Z - REWRITE: /ar -> /?__locale=ar
2026-08-09T09:56:44.060Z - INCOMING: /ar/flights | isRewritten: false | hasLocaleParam: false
2026-08-09T09:56:44.085Z - REWRITE: /ar/flights -> /flights?__locale=ar
2026-08-09T09:57:30.822Z - INCOMING: /ar/hotels | isRewritten: false | hasLocaleParam: false
2026-08-09T09:57:30.845Z - REWRITE: /ar/hotels -> /hotels?__locale=ar
2026-08-09T09:58:41.176Z - INCOMING: /ar/hotels | isRewritten: false | hasLocaleParam: false
2026-08-09T09:58:41.198Z - REWRITE: /ar/hotels -> /hotels?__locale=ar
2026-08-09T09:58:55.071Z - INCOMING: /ar | isRewritten: false | hasLocaleParam: false
2026-08-09T09:58:55.097Z - REWRITE: /ar -> /?__locale=ar
2026-08-09T10:00:28.401Z - REWRITE: /ar -> /?__locale=ar
2026-08-09T10:00:28.431Z - INCOMING: /ar | isRewritten: false | hasLocaleParam: false
2026-08-09T10:00:35.184Z - INCOMING: /ar | isRewritten: false | hasLocaleParam: false
2026-08-09T10:00:35.214Z - REWRITE: /ar -> /?__locale=ar
2026-08-09T10:00:35.488Z - INCOMING: /ar | isRewritten: false | hasLocaleParam: false
2026-08-09T10:00:35.570Z - REWRITE: /ar -> /?__locale=ar
2026-08-09T10:05:25.419Z - INCOMING: /ar | isRewritten: false | hasLocaleParam: false
2026-08-09T10:05:25.450Z - REWRITE: /ar -> /?__locale=ar
2026-08-09T10:05:25.473Z - INCOMING: /ar | isRewritten: false | hasLocaleParam: false
2026-08-09T10:05:25.495Z - REWRITE: /ar -> /?__locale=ar
2026-08-09T10:05:30.735Z - REWRITE: /ar -> /?__locale=ar
2026-08-09T10:05:30.847Z - INCOMING: /ar | isRewritten: false | hasLocaleParam: false
2026-08-09T10:05:31.388Z - INCOMING: /ar | isRewritten: false | hasLocaleParam: false
2026-08-09T10:05:31.408Z - REWRITE: /ar -> /?__locale=ar
2026-08-09T10:05:31.497Z - INCOMING: /ar | isRewritten: false | hasLocaleParam: false
2026-08-09T10:05:31.585Z - REWRITE: /ar -> /?__locale=ar
2026-08-09T10:05:31.604Z - REWRITE: /ar -> /?__locale=ar
2026-08-09T10:05:31.625Z - INCOMING: /ar | isRewritten: false | hasLocaleParam: false
2026-08-09T10:05:31.647Z - REWRITE: /ar -> /?__locale=ar
2026-08-09T10:05:31.670Z - INCOMING: /ar | isRewritten: false | hasLocaleParam: false
2026-08-09T10:05:31.753Z - INCOMING: /ar | isRewritten: false | hasLocaleParam: false
2026-08-09T10:05:31.773Z - REWRITE: /ar -> /?__locale=ar
2026-08-09T10:05:31.797Z - REWRITE: /ar -> /?__locale=ar
2026-08-09T10:05:31.826Z - REWRITE: /ar -> /?__locale=ar
2026-08-09T10:05:31.846Z - REWRITE: /ar -> /?__locale=ar
2026-08-09T10:05:31.872Z - REWRITE: /ar -> /?__locale=ar
2026-08-09T10:05:31.900Z - REWRITE: /ar -> /?__locale=ar
2026-08-09T10:05:31.921Z - INCOMING: /ar | isRewritten: false | hasLocaleParam: false
2026-08-09T10:05:31.949Z - REWRITE: /ar -> /?__locale=ar
2026-08-09T10:05:31.973Z - INCOMING: /ar | isRewritten: false | hasLocaleParam: false
2026-08-09T10:05:31.996Z - REWRITE: /ar -> /?__locale=ar
2026-08-09T10:05:32.033Z - INCOMING: /ar | isRewritten: false | hasLocaleParam: false
2026-08-09T10:05:32.055Z - INCOMING: /ar | isRewritten: false | hasLocaleParam: false
2026-08-09T10:05:32.074Z - INCOMING: /ar | isRewritten: false | hasLocaleParam: false
2026-08-09T10:05:32.095Z - REWRITE: /ar -> /?__locale=ar
2026-08-09T10:05:32.116Z - INCOMING: /ar | isRewritten: false | hasLocaleParam: false
2026-08-09T10:05:32.137Z - INCOMING: /ar | isRewritten: false | hasLocaleParam: false
2026-08-09T10:05:32.157Z - REWRITE: /ar -> /?__locale=ar
2026-08-09T10:05:32.177Z - REWRITE: /ar -> /?__locale=ar
2026-08-09T10:05:32.197Z - INCOMING: /ar | isRewritten: false | hasLocaleParam: false
2026-08-09T10:05:32.218Z - INCOMING: /ar | isRewritten: false | hasLocaleParam: false
2026-08-09T10:05:32.238Z - INCOMING: /ar | isRewritten: false | hasLocaleParam: false
2026-08-09T10:05:32.258Z - REWRITE: /ar -> /?__locale=ar
2026-08-09T10:05:32.281Z - INCOMING: /ar | isRewritten: false | hasLocaleParam: false
2026-08-09T10:05:32.303Z - INCOMING: /ar | isRewritten: false | hasLocaleParam: false
2026-08-09T10:05:32.331Z - INCOMING: /ar | isRewritten: false | hasLocaleParam: false
2026-08-09T10:05:32.357Z - REWRITE: /ar -> /?__locale=ar
2026-08-09T10:05:32.379Z - REWRITE: /ar -> /?__locale=ar
2026-08-09T10:05:32.407Z - REWRITE: /ar -> /?__locale=ar
2026-08-09T10:05:32.434Z - INCOMING: /ar | isRewritten: false | hasLocaleParam: false
2026-08-09T10:05:32.455Z - INCOMING: /ar | isRewritten: false | hasLocaleParam: false
2026-08-09T10:05:32.480Z - INCOMING: /ar | isRewritten: false | hasLocaleParam: false
2026-08-09T10:05:32.506Z - REWRITE: /ar -> /?__locale=ar
2026-08-09T10:05:32.535Z - REWRITE: /ar -> /?__locale=ar
2026-08-09T10:05:32.557Z - INCOMING: /ar | isRewritten: false | hasLocaleParam: false
2026-08-09T10:05:32.580Z - REWRITE: /ar -> /?__locale=ar
2026-08-09T10:05:32.608Z - INCOMING: /ar | isRewritten: false | hasLocaleParam: false
2026-08-09T10:05:32.632Z - REWRITE: /ar -> /?__locale=ar
2026-08-09T10:05:32.656Z - INCOMING: /ar | isRewritten: false | hasLocaleParam: false
2026-08-09T10:05:32.683Z - REWRITE: /ar -> /?__locale=ar
2026-08-09T10:05:41.937Z - INCOMING: /ar | isRewritten: false | hasLocaleParam: false
2026-08-09T10:05:41.959Z - REWRITE: /ar -> /?__locale=ar
2026-08-09T10:05:42.223Z - INCOMING: /ar | isRewritten: false | hasLocaleParam: false
2026-08-09T10:05:42.244Z - REWRITE: /ar -> /?__locale=ar
2026-08-09T10:05:42.942Z - INCOMING: /ar | isRewritten: false | hasLocaleParam: false
2026-08-09T10:05:42.961Z - REWRITE: /ar -> /?__locale=ar
2026-08-09T10:05:43.189Z - INCOMING: /ar | isRewritten: false | hasLocaleParam: false
2026-08-09T10:05:43.210Z - INCOMING: /ar | isRewritten: false | hasLocaleParam: false
2026-08-09T10:05:43.241Z - REWRITE: /ar -> /?__locale=ar
2026-08-09T10:05:43.265Z - INCOMING: /ar | isRewritten: false | hasLocaleParam: false
2026-08-09T10:05:43.409Z - REWRITE: /ar -> /?__locale=ar
2026-08-09T10:05:43.429Z - REWRITE: /ar -> /?__locale=ar
2026-08-09T10:05:44.160Z - INCOMING: /ar | isRewritten: false | hasLocaleParam: false
2026-08-09T10:05:44.240Z - REWRITE: /ar -> /?__locale=ar
2026-08-09T10:05:44.538Z - INCOMING: /ar | isRewritten: false | hasLocaleParam: false
2026-08-09T10:05:44.632Z - REWRITE: /ar -> /?__locale=ar
2026-08-09T10:05:45.046Z - INCOMING: /ar | isRewritten: false | hasLocaleParam: false
2026-08-09T10:05:45.070Z - REWRITE: /ar -> /?__locale=ar
2026-08-09T10:05:45.177Z - INCOMING: /ar | isRewritten: false | hasLocaleParam: false
2026-08-09T10:05:45.196Z - REWRITE: /ar -> /?__locale=ar
2026-08-09T10:05:45.410Z - INCOMING: /ar | isRewritten: false | hasLocaleParam: false
2026-08-09T10:05:45.430Z - REWRITE: /ar -> /?__locale=ar
2026-08-09T10:05:45.624Z - INCOMING: /ar | isRewritten: false | hasLocaleParam: false
2026-08-09T10:05:45.643Z - REWRITE: /ar -> /?__locale=ar
2026-08-09T10:05:46.489Z - INCOMING: /ar | isRewritten: false | hasLocaleParam: false
2026-08-09T10:05:46.508Z - REWRITE: /ar -> /?__locale=ar
2026-08-09T10:05:46.887Z - INCOMING: /ar | isRewritten: false | hasLocaleParam: false
2026-08-09T10:05:46.906Z - REWRITE: /ar -> /?__locale=ar
2026-08-09T10:05:47.267Z - INCOMING: /ar | isRewritten: false | hasLocaleParam: false
2026-08-09T10:05:47.286Z - REWRITE: /ar -> /?__locale=ar
2026-08-09T10:05:47.532Z - INCOMING: /ar | isRewritten: false | hasLocaleParam: false
2026-08-09T10:05:47.556Z - REWRITE: /ar -> /?__locale=ar
2026-08-09T10:05:47.589Z - INCOMING: /ar | isRewritten: false | hasLocaleParam: false
2026-08-09T10:05:47.738Z - REWRITE: /ar -> /?__locale=ar
2026-08-09T10:05:48.109Z - INCOMING: /ar | isRewritten: false | hasLocaleParam: false
2026-08-09T10:05:48.131Z - REWRITE: /ar -> /?__locale=ar
2026-08-09T10:05:48.779Z - INCOMING: /ar | isRewritten: false | hasLocaleParam: false
2026-08-09T10:05:48.872Z - REWRITE: /ar -> /?__locale=ar
2026-08-09T10:05:49.244Z - INCOMING: /ar | isRewritten: false | hasLocaleParam: false
2026-08-09T10:05:49.265Z - REWRITE: /ar -> /?__locale=ar
2026-08-09T10:05:49.541Z - INCOMING: /ar | isRewritten: false | hasLocaleParam: false
2026-08-09T10:05:49.630Z - REWRITE: /ar -> /?__locale=ar
2026-08-09T10:09:43.939Z - REWRITE: /ar/stays -> /stays?__locale=ar
2026-08-09T10:09:43.967Z - INCOMING: /ar/stays | isRewritten: false | hasLocaleParam: false
2026-08-09T10:10:19.468Z - INCOMING: /ar/stays?type=apartments | isRewritten: false | hasLocaleParam: false
2026-08-09T10:10:19.493Z - REWRITE: /ar/stays -> /stays?type=apartments&__locale=ar
2026-08-09T10:10:23.165Z - INCOMING: /ar/stays?type=apartments | isRewritten: false | hasLocaleParam: false
2026-08-09T10:10:23.246Z - REWRITE: /ar/stays -> /stays?type=apartments&__locale=ar
2026-08-09T10:10:40.474Z - REWRITE: /ar/stays -> /stays?type=apartments&__locale=ar
2026-08-09T10:10:40.495Z - INCOMING: /ar/stays?type=apartments | isRewritten: false | hasLocaleParam: false
2026-08-09T10:10:40.924Z - INCOMING: /ar/stays?type=apartments | isRewritten: false | hasLocaleParam: false
2026-08-09T10:10:40.946Z - REWRITE: /ar/stays -> /stays?type=apartments&__locale=ar
2026-08-09T10:10:41.199Z - INCOMING: /ar/stays?type=apartments | isRewritten: false | hasLocaleParam: false
2026-08-09T10:10:41.222Z - REWRITE: /ar/stays -> /stays?type=apartments&__locale=ar
2026-08-09T10:10:41.645Z - INCOMING: /ar/stays?type=apartments | isRewritten: false | hasLocaleParam: false
2026-08-09T10:10:41.725Z - REWRITE: /ar/stays -> /stays?type=apartments&__locale=ar
2026-08-09T10:10:41.838Z - INCOMING: /ar/stays?type=apartments | isRewritten: false | hasLocaleParam: false
2026-08-09T10:10:41.858Z - REWRITE: /ar/stays -> /stays?type=apartments&__locale=ar
2026-08-09T10:11:06.314Z - INCOMING: /ar/stays?type=apartments | isRewritten: false | hasLocaleParam: false
2026-08-09T10:11:06.340Z - REWRITE: /ar/stays -> /stays?type=apartments&__locale=ar
2026-08-09T10:11:06.593Z - INCOMING: /ar/stays?type=apartments | isRewritten: false | hasLocaleParam: false
2026-08-09T10:11:06.611Z - REWRITE: /ar/stays -> /stays?type=apartments&__locale=ar
2026-08-09T10:13:46.116Z - INCOMING: /ar/stays?type=hotels | isRewritten: false | hasLocaleParam: false
2026-08-09T10:13:46.138Z - REWRITE: /ar/stays -> /stays?type=hotels&__locale=ar
2026-08-09T10:13:49.404Z - INCOMING: /ar/stays?type=apartments | isRewritten: false | hasLocaleParam: false
2026-08-09T10:13:49.427Z - REWRITE: /ar/stays -> /stays?type=apartments&__locale=ar
2026-08-09T10:14:00.861Z - INCOMING: /ar/stays?type=hotels | isRewritten: false | hasLocaleParam: false
2026-08-09T10:14:00.901Z - REWRITE: /ar/stays -> /stays?type=hotels&__locale=ar
2026-08-09T10:14:03.012Z - INCOMING: /ar/stays?type=apartments | isRewritten: false | hasLocaleParam: false
2026-08-09T10:14:03.050Z - REWRITE: /ar/stays -> /stays?type=apartments&__locale=ar
2026-08-09T10:16:36.796Z - INCOMING: /ar/stays?type=hotels | isRewritten: false | hasLocaleParam: false
2026-08-09T10:16:36.819Z - REWRITE: /ar/stays -> /stays?type=hotels&__locale=ar
2026-08-09T10:16:38.580Z - INCOMING: /ar/stays?type=apartments | isRewritten: false | hasLocaleParam: false
2026-08-09T10:16:38.601Z - REWRITE: /ar/stays -> /stays?type=apartments&__locale=ar
2026-08-09T10:16:55.323Z - INCOMING: /ar/stays?type=apartments | isRewritten: false | hasLocaleParam: false
2026-08-09T10:16:55.352Z - REWRITE: /ar/stays -> /stays?type=apartments&__locale=ar
2026-08-09T10:16:55.647Z - INCOMING: /ar/stays?type=apartments | isRewritten: false | hasLocaleParam: false
2026-08-09T10:16:55.669Z - REWRITE: /ar/stays -> /stays?type=apartments&__locale=ar
2026-08-09T10:17:52.654Z - INCOMING: /ar/flights | isRewritten: false | hasLocaleParam: false
2026-08-09T10:17:52.683Z - REWRITE: /ar/flights -> /flights?__locale=ar
2026-08-09T10:17:59.699Z - INCOMING: /ar/flights | isRewritten: false | hasLocaleParam: false
2026-08-09T10:17:59.725Z - REWRITE: /ar/flights -> /flights?__locale=ar
2026-08-09T10:18:00.564Z - INCOMING: /ar/stays?type=apartments | isRewritten: false | hasLocaleParam: false
2026-08-09T10:18:00.588Z - REWRITE: /ar/stays -> /stays?type=apartments&__locale=ar
2026-08-09T10:18:00.816Z - INCOMING: /ar/stays?type=apartments | isRewritten: false | hasLocaleParam: false
2026-08-09T10:18:00.837Z - REWRITE: /ar/stays -> /stays?type=apartments&__locale=ar
2026-08-09T10:18:01.168Z - INCOMING: /ar/stays?type=apartments | isRewritten: false | hasLocaleParam: false
2026-08-09T10:18:01.190Z - REWRITE: /ar/stays -> /stays?type=apartments&__locale=ar
2026-08-09T10:18:01.262Z - INCOMING: /ar/stays?type=apartments | isRewritten: false | hasLocaleParam: false
2026-08-09T10:18:01.284Z - REWRITE: /ar/stays -> /stays?type=apartments&__locale=ar
2026-08-09T10:18:01.619Z - INCOMING: /ar/stays?type=apartments | isRewritten: false | hasLocaleParam: false
2026-08-09T10:18:01.680Z - REWRITE: /ar/stays -> /stays?type=apartments&__locale=ar
2026-08-09T10:18:01.880Z - INCOMING: /ar/stays?type=apartments | isRewritten: false | hasLocaleParam: false
2026-08-09T10:18:01.899Z - REWRITE: /ar/stays -> /stays?type=apartments&__locale=ar
2026-08-09T10:18:28.684Z - INCOMING: /ar/flights | isRewritten: false | hasLocaleParam: false
2026-08-09T10:18:28.705Z - REWRITE: /ar/flights -> /flights?__locale=ar
2026-08-09T10:18:41.924Z - INCOMING: /en/flights | isRewritten: false | hasLocaleParam: false
2026-08-09T10:18:41.946Z - REWRITE: /en/flights -> /flights?__locale=en
2026-08-09T10:18:42.187Z - INCOMING: /en/flights | isRewritten: false | hasLocaleParam: false
2026-08-09T10:18:42.256Z - REWRITE: /en/flights -> /flights?__locale=en
2026-08-09T10:18:48.723Z - REWRITE: /en/flights -> /flights?__locale=en
2026-08-09T10:18:48.757Z - INCOMING: /en/flights | isRewritten: false | hasLocaleParam: false
2026-08-09T10:18:58.638Z - REWRITE: /en/flights -> /flights?__locale=en
2026-08-09T10:18:58.749Z - INCOMING: /en/flights | isRewritten: false | hasLocaleParam: false
2026-08-09T10:18:58.806Z - INCOMING: /ar/flights | isRewritten: false | hasLocaleParam: false
2026-08-09T10:18:59.082Z - REWRITE: /ar/flights -> /flights?__locale=ar
2026-08-09T10:18:59.605Z - INCOMING: /en/flights | isRewritten: false | hasLocaleParam: false
2026-08-09T10:18:59.736Z - REWRITE: /en/flights -> /flights?__locale=en
2026-08-09T10:18:59.760Z - REWRITE: /en/flights -> /flights?__locale=en
2026-08-09T10:18:59.908Z - INCOMING: /en/flights | isRewritten: false | hasLocaleParam: false
2026-08-09T10:19:00.006Z - REWRITE: /en/flights -> /flights?__locale=en
2026-08-09T10:19:00.039Z - INCOMING: /en/flights | isRewritten: false | hasLocaleParam: false
2026-08-09T10:19:00.427Z - INCOMING: /en/flights | isRewritten: false | hasLocaleParam: false
2026-08-09T10:19:00.510Z - REWRITE: /en/flights -> /flights?__locale=en
2026-08-09T10:19:00.781Z - INCOMING: /en/flights | isRewritten: false | hasLocaleParam: false
2026-08-09T10:19:00.814Z - REWRITE: /en/flights -> /flights?__locale=en
2026-08-09T10:19:00.895Z - INCOMING: /en/flights | isRewritten: false | hasLocaleParam: false
2026-08-09T10:19:00.917Z - REWRITE: /en/flights -> /flights?__locale=en
2026-08-09T10:19:01.361Z - INCOMING: /en/flights | isRewritten: false | hasLocaleParam: false
2026-08-09T10:19:01.396Z - REWRITE: /en/flights -> /flights?__locale=en
2026-08-09T10:19:01.507Z - INCOMING: /en/flights | isRewritten: false | hasLocaleParam: false
2026-08-09T10:19:01.530Z - REWRITE: /en/flights -> /flights?__locale=en
2026-08-09T10:19:01.886Z - INCOMING: /en/flights | isRewritten: false | hasLocaleParam: false
2026-08-09T10:19:01.912Z - REWRITE: /en/flights -> /flights?__locale=en
2026-08-09T10:19:02.242Z - INCOMING: /en/flights | isRewritten: false | hasLocaleParam: false
2026-08-09T10:19:02.319Z - REWRITE: /en/flights -> /flights?__locale=en
2026-08-09T10:19:02.611Z - INCOMING: /en/flights | isRewritten: false | hasLocaleParam: false
2026-08-09T10:19:02.643Z - REWRITE: /en/flights -> /flights?__locale=en
2026-08-09T10:19:02.666Z - INCOMING: /en/flights | isRewritten: false | hasLocaleParam: false
2026-08-09T10:19:02.738Z - REWRITE: /en/flights -> /flights?__locale=en
2026-08-09T10:19:03.059Z - INCOMING: /ar/flights | isRewritten: false | hasLocaleParam: false
2026-08-09T10:19:03.128Z - REWRITE: /ar/flights -> /flights?__locale=ar
2026-08-09T10:19:03.295Z - INCOMING: /ar/flights | isRewritten: false | hasLocaleParam: false
2026-08-09T10:19:03.316Z - REWRITE: /ar/flights -> /flights?__locale=ar
2026-08-09T10:19:03.617Z - INCOMING: /ar/flights | isRewritten: false | hasLocaleParam: false
2026-08-09T10:19:03.715Z - REWRITE: /ar/flights -> /flights?__locale=ar
2026-08-09T10:19:04.133Z - INCOMING: /ar/flights | isRewritten: false | hasLocaleParam: false
2026-08-09T10:19:04.166Z - REWRITE: /ar/flights -> /flights?__locale=ar
2026-08-09T10:19:04.515Z - INCOMING: /ar/flights | isRewritten: false | hasLocaleParam: false
2026-08-09T10:19:04.541Z - REWRITE: /ar/flights -> /flights?__locale=ar
2026-08-09T10:19:04.566Z - INCOMING: /ar/flights | isRewritten: false | hasLocaleParam: false
2026-08-09T10:19:04.591Z - REWRITE: /ar/flights -> /flights?__locale=ar
2026-08-09T10:19:05.116Z - INCOMING: /ar/flights | isRewritten: false | hasLocaleParam: false
2026-08-09T10:19:05.140Z - REWRITE: /ar/flights -> /flights?__locale=ar
2026-08-09T10:19:05.173Z - INCOMING: /ar/flights | isRewritten: false | hasLocaleParam: false
2026-08-09T10:19:05.197Z - REWRITE: /ar/flights -> /flights?__locale=ar
2026-08-09T10:19:05.572Z - INCOMING: /ar/flights | isRewritten: false | hasLocaleParam: false
2026-08-09T10:19:05.593Z - REWRITE: /ar/flights -> /flights?__locale=ar
2026-08-09T10:19:05.906Z - INCOMING: /ar/flights | isRewritten: false | hasLocaleParam: false
2026-08-09T10:19:05.977Z - REWRITE: /ar/flights -> /flights?__locale=ar
2026-08-09T10:19:06.234Z - INCOMING: /ar/flights | isRewritten: false | hasLocaleParam: false
2026-08-09T10:19:06.254Z - REWRITE: /ar/flights -> /flights?__locale=ar
2026-08-09T10:19:06.345Z - INCOMING: /ar/flights | isRewritten: false | hasLocaleParam: false
2026-08-09T10:19:06.367Z - REWRITE: /ar/flights -> /flights?__locale=ar
2026-08-09T10:19:06.786Z - INCOMING: /ar/flights | isRewritten: false | hasLocaleParam: false
2026-08-09T10:19:06.810Z - REWRITE: /ar/flights -> /flights?__locale=ar
2026-08-09T10:19:06.985Z - INCOMING: /ar/flights | isRewritten: false | hasLocaleParam: false
2026-08-09T10:19:07.008Z - REWRITE: /ar/flights -> /flights?__locale=ar
2026-08-09T10:19:07.299Z - INCOMING: /ar/flights | isRewritten: false | hasLocaleParam: false
2026-08-09T10:19:07.324Z - REWRITE: /ar/flights -> /flights?__locale=ar
2026-08-09T10:19:07.623Z - INCOMING: /ar/flights | isRewritten: false | hasLocaleParam: false
2026-08-09T10:19:07.690Z - REWRITE: /ar/flights -> /flights?__locale=ar
2026-08-09T10:19:07.949Z - INCOMING: /ar/flights | isRewritten: false | hasLocaleParam: false
2026-08-09T10:19:07.976Z - REWRITE: /ar/flights -> /flights?__locale=ar
2026-08-09T10:19:08.050Z - INCOMING: /ar/flights | isRewritten: false | hasLocaleParam: false
2026-08-09T10:19:08.072Z - REWRITE: /ar/flights -> /flights?__locale=ar
2026-08-09T10:19:08.458Z - INCOMING: /ar/flights | isRewritten: false | hasLocaleParam: false
2026-08-09T10:19:08.479Z - REWRITE: /ar/flights -> /flights?__locale=ar
2026-08-09T10:19:08.657Z - INCOMING: /ar/flights | isRewritten: false | hasLocaleParam: false
2026-08-09T10:19:08.680Z - REWRITE: /ar/flights -> /flights?__locale=ar
2026-08-09T10:19:09.053Z - INCOMING: /ar/flights | isRewritten: false | hasLocaleParam: false
2026-08-09T10:19:09.081Z - REWRITE: /ar/flights -> /flights?__locale=ar
2026-08-09T10:19:09.437Z - INCOMING: /ar/flights | isRewritten: false | hasLocaleParam: false
2026-08-09T10:19:09.510Z - REWRITE: /ar/flights -> /flights?__locale=ar
2026-08-09T10:20:06.544Z - INCOMING: /ar/flights | isRewritten: false | hasLocaleParam: false
2026-08-09T10:20:06.581Z - REWRITE: /ar/flights -> /flights?__locale=ar
2026-08-09T10:20:07.078Z - INCOMING: /ar/flights | isRewritten: false | hasLocaleParam: false
2026-08-09T10:20:07.098Z - REWRITE: /ar/flights -> /flights?__locale=ar
2026-08-09T10:21:05.777Z - INCOMING: /ar | isRewritten: false | hasLocaleParam: false
2026-08-09T10:21:05.883Z - REWRITE: /ar -> /?__locale=ar
2026-08-09T10:22:07.718Z - REWRITE: /ar -> /?__locale=ar
2026-08-09T10:22:07.773Z - INCOMING: /ar | isRewritten: false | hasLocaleParam: false
2026-08-09T10:22:32.940Z - INCOMING: /ar/fast-track | isRewritten: false | hasLocaleParam: false
2026-08-09T10:22:32.967Z - REWRITE: /ar/fast-track -> /fast-track?__locale=ar
2026-08-09T10:23:39.262Z - INCOMING: /ar/fast-track | isRewritten: false | hasLocaleParam: false
2026-08-09T10:23:39.283Z - REWRITE: /ar/fast-track -> /fast-track?__locale=ar
2026-08-09T10:23:39.490Z - INCOMING: /ar/fast-track | isRewritten: false | hasLocaleParam: false
2026-08-09T10:23:39.511Z - REWRITE: /ar/fast-track -> /fast-track?__locale=ar
2026-08-09T10:25:02.537Z - INCOMING: /ar/fast-track | isRewritten: false | hasLocaleParam: false
2026-08-09T10:25:02.561Z - REWRITE: /ar/fast-track -> /fast-track?__locale=ar
2026-08-09T10:26:05.447Z - INCOMING: /ar/fast-track | isRewritten: false | hasLocaleParam: false
2026-08-09T10:26:05.477Z - REWRITE: /ar/fast-track -> /fast-track?__locale=ar
2026-08-09T10:26:05.675Z - INCOMING: /ar/fast-track | isRewritten: false | hasLocaleParam: false
2026-08-09T10:26:05.698Z - REWRITE: /ar/fast-track -> /fast-track?__locale=ar
2026-08-09T10:26:42.307Z - INCOMING: /ar/fast-track | isRewritten: false | hasLocaleParam: false
2026-08-09T10:26:42.349Z - REWRITE: /ar/fast-track -> /fast-track?__locale=ar
2026-08-09T10:26:51.082Z - INCOMING: /ar/fast-track | isRewritten: false | hasLocaleParam: false
2026-08-09T10:26:51.111Z - REWRITE: /ar/fast-track -> /fast-track?__locale=ar
2026-08-09T10:26:51.547Z - INCOMING: /ar/fast-track | isRewritten: false | hasLocaleParam: false
2026-08-09T10:26:51.710Z - REWRITE: /ar/fast-track -> /fast-track?__locale=ar
2026-08-09T10:26:51.786Z - INCOMING: /ar/fast-track | isRewritten: false | hasLocaleParam: false
2026-08-09T10:26:51.806Z - REWRITE: /ar/fast-track -> /fast-track?__locale=ar
2026-08-09T10:26:51.828Z - INCOMING: /ar/fast-track | isRewritten: false | hasLocaleParam: false
2026-08-09T10:26:51.853Z - REWRITE: /ar/fast-track -> /fast-track?__locale=ar
2026-08-09T10:26:51.876Z - INCOMING: /ar/fast-track | isRewritten: false | hasLocaleParam: false
2026-08-09T10:26:51.906Z - REWRITE: /ar/fast-track -> /fast-track?__locale=ar
2026-08-09T10:27:12.200Z - INCOMING: /ar/fast-track | isRewritten: false | hasLocaleParam: false
2026-08-09T10:27:12.221Z - REWRITE: /ar/fast-track -> /fast-track?__locale=ar
2026-08-09T10:27:12.407Z - INCOMING: /ar/fast-track | isRewritten: false | hasLocaleParam: false
2026-08-09T10:27:12.426Z - REWRITE: /ar/fast-track -> /fast-track?__locale=ar
2026-08-09T10:27:12.938Z - INCOMING: /ar/fast-track | isRewritten: false | hasLocaleParam: false
2026-08-09T10:27:13.073Z - REWRITE: /ar/fast-track -> /fast-track?__locale=ar
2026-08-09T10:27:13.097Z - INCOMING: /ar/fast-track | isRewritten: false | hasLocaleParam: false
2026-08-09T10:27:13.118Z - INCOMING: /ar/fast-track | isRewritten: false | hasLocaleParam: false
2026-08-09T10:27:13.140Z - REWRITE: /ar/fast-track -> /fast-track?__locale=ar
2026-08-09T10:27:13.228Z - REWRITE: /ar/fast-track -> /fast-track?__locale=ar
2026-08-09T10:27:13.246Z - REWRITE: /ar/fast-track -> /fast-track?__locale=ar
2026-08-09T10:27:13.268Z - INCOMING: /ar/fast-track | isRewritten: false | hasLocaleParam: false
2026-08-09T10:28:40.261Z - INCOMING: /ar/fast-track | isRewritten: false | hasLocaleParam: false
2026-08-09T10:28:40.287Z - REWRITE: /ar/fast-track -> /fast-track?__locale=ar
2026-08-09T10:28:46.622Z - INCOMING: /ar/fast-track | isRewritten: false | hasLocaleParam: false
2026-08-09T10:28:46.648Z - REWRITE: /ar/fast-track -> /fast-track?__locale=ar
2026-08-09T10:30:43.845Z - INCOMING: /ar/fast-track | isRewritten: false | hasLocaleParam: false
2026-08-09T10:30:43.861Z - REWRITE: /ar/fast-track -> /fast-track?__locale=ar
2026-08-09T10:30:48.319Z - INCOMING: /ar/fast-track | isRewritten: false | hasLocaleParam: false
2026-08-09T10:30:48.345Z - REWRITE: /ar/fast-track -> /fast-track?__locale=ar
2026-08-09T10:30:48.720Z - INCOMING: /ar/fast-track | isRewritten: false | hasLocaleParam: false
2026-08-09T10:30:48.739Z - REWRITE: /ar/fast-track -> /fast-track?__locale=ar
2026-08-09T10:30:48.947Z - REWRITE: /ar/fast-track -> /fast-track?__locale=ar
2026-08-09T10:30:48.967Z - INCOMING: /ar/fast-track | isRewritten: false | hasLocaleParam: false
2026-08-09T10:30:48.988Z - REWRITE: /ar/fast-track -> /fast-track?__locale=ar
2026-08-09T10:30:49.011Z - INCOMING: /ar/fast-track | isRewritten: false | hasLocaleParam: false
2026-08-09T10:33:27.259Z - INCOMING: /ar/hotel-apartments | isRewritten: false | hasLocaleParam: false
2026-08-09T10:33:27.283Z - REWRITE: /ar/hotel-apartments -> /hotel-apartments?__locale=ar
2026-08-09T10:35:16.371Z - INCOMING: /ar/cars | isRewritten: false | hasLocaleParam: false
2026-08-09T10:35:16.397Z - REWRITE: /ar/cars -> /cars?__locale=ar
2026-08-09T10:35:29.092Z - INCOMING: /ar/cars | isRewritten: false | hasLocaleParam: false
2026-08-09T10:35:29.117Z - REWRITE: /ar/cars -> /cars?__locale=ar
2026-08-09T10:35:29.368Z - INCOMING: /ar/cars | isRewritten: false | hasLocaleParam: false
2026-08-09T10:35:29.472Z - REWRITE: /ar/cars -> /cars?__locale=ar
2026-08-09T10:35:29.985Z - INCOMING: /ar/cars | isRewritten: false | hasLocaleParam: false
2026-08-09T10:35:30.005Z - REWRITE: /ar/cars -> /cars?__locale=ar
2026-08-09T10:35:30.135Z - REWRITE: /ar/cars -> /cars?__locale=ar
2026-08-09T10:35:30.275Z - INCOMING: /ar/cars | isRewritten: false | hasLocaleParam: false
2026-08-09T10:35:30.298Z - REWRITE: /ar/cars -> /cars?__locale=ar
2026-08-09T10:35:30.323Z - INCOMING: /ar/cars | isRewritten: false | hasLocaleParam: false
2026-08-09T10:35:30.347Z - INCOMING: /ar/cars | isRewritten: false | hasLocaleParam: false
2026-08-09T10:35:30.369Z - REWRITE: /ar/cars -> /cars?__locale=ar
2026-08-09T10:37:32.557Z - INCOMING: /ar/cars | isRewritten: false | hasLocaleParam: false
2026-08-09T10:37:32.580Z - REWRITE: /ar/cars -> /cars?__locale=ar
2026-08-09T10:37:47.296Z - INCOMING: /ar/cars | isRewritten: false | hasLocaleParam: false
2026-08-09T10:37:47.363Z - REWRITE: /ar/cars -> /cars?__locale=ar
2026-08-09T10:39:06.915Z - INCOMING: /ar/fast-track | isRewritten: false | hasLocaleParam: false
2026-08-09T10:39:06.938Z - REWRITE: /ar/fast-track -> /fast-track?__locale=ar
2026-08-09T10:42:45.734Z - REWRITE: /ar/fast-track -> /fast-track?__locale=ar
2026-08-09T10:42:45.769Z - INCOMING: /ar/fast-track | isRewritten: false | hasLocaleParam: false
2026-08-09T10:42:49.724Z - INCOMING: /ar/fast-track | isRewritten: false | hasLocaleParam: false
2026-08-09T10:42:49.755Z - REWRITE: /ar/fast-track -> /fast-track?__locale=ar
2026-08-09T10:42:50.378Z - INCOMING: /ar/fast-track | isRewritten: false | hasLocaleParam: false
2026-08-09T10:42:50.399Z - REWRITE: /ar/fast-track -> /fast-track?__locale=ar
2026-08-09T10:42:50.560Z - INCOMING: /ar/fast-track | isRewritten: false | hasLocaleParam: false
2026-08-09T10:42:50.622Z - REWRITE: /ar/fast-track -> /fast-track?__locale=ar
2026-08-09T10:42:50.646Z - INCOMING: /ar/fast-track | isRewritten: false | hasLocaleParam: false
2026-08-09T10:42:50.667Z - REWRITE: /ar/fast-track -> /fast-track?__locale=ar
2026-08-09T10:42:50.688Z - INCOMING: /ar/fast-track | isRewritten: false | hasLocaleParam: false
2026-08-09T10:42:50.710Z - REWRITE: /ar/fast-track -> /fast-track?__locale=ar
2026-08-09T10:43:27.512Z - INCOMING: /ar/fast-track | isRewritten: false | hasLocaleParam: false
2026-08-09T10:43:27.804Z - REWRITE: /ar/fast-track -> /fast-track?__locale=ar
2026-08-09T10:46:13.831Z - INCOMING: /ar/fast-track | isRewritten: false | hasLocaleParam: false
2026-08-09T10:46:13.880Z - REWRITE: /ar/fast-track -> /fast-track?__locale=ar
2026-08-09T10:46:14.183Z - INCOMING: /ar/fast-track | isRewritten: false | hasLocaleParam: false
2026-08-09T10:46:14.266Z - REWRITE: /ar/fast-track -> /fast-track?__locale=ar
2026-08-09T10:46:14.845Z - INCOMING: /ar/fast-track | isRewritten: false | hasLocaleParam: false
2026-08-09T10:46:14.867Z - REWRITE: /ar/fast-track -> /fast-track?__locale=ar
2026-08-09T10:46:15.049Z - REWRITE: /ar/fast-track -> /fast-track?__locale=ar
2026-08-09T10:46:15.133Z - INCOMING: /ar/fast-track | isRewritten: false | hasLocaleParam: false
2026-08-09T10:46:15.155Z - REWRITE: /ar/fast-track -> /fast-track?__locale=ar
2026-08-09T10:46:15.180Z - INCOMING: /ar/fast-track | isRewritten: false | hasLocaleParam: false
2026-08-09T10:46:15.203Z - INCOMING: /ar/fast-track | isRewritten: false | hasLocaleParam: false
2026-08-09T10:46:15.225Z - REWRITE: /ar/fast-track -> /fast-track?__locale=ar
2026-08-09T10:48:00.205Z - INCOMING: /ar/fast-track | isRewritten: false | hasLocaleParam: false
2026-08-09T10:48:00.237Z - REWRITE: /ar/fast-track -> /fast-track?__locale=ar
2026-08-09T10:48:06.738Z - INCOMING: /ar/fast-track | isRewritten: false | hasLocaleParam: false
2026-08-09T10:48:06.848Z - REWRITE: /ar/fast-track -> /fast-track?__locale=ar
2026-08-09T10:48:07.124Z - REWRITE: /ar/fast-track -> /fast-track?__locale=ar
2026-08-09T10:48:07.588Z - INCOMING: /ar/fast-track | isRewritten: false | hasLocaleParam: false
2026-08-09T10:48:08.189Z - INCOMING: /ar/fast-track | isRewritten: false | hasLocaleParam: false
2026-08-09T10:48:08.211Z - REWRITE: /ar/fast-track -> /fast-track?__locale=ar
2026-08-09T10:48:08.359Z - REWRITE: /ar/fast-track -> /fast-track?__locale=ar
2026-08-09T10:48:08.435Z - INCOMING: /ar/fast-track | isRewritten: false | hasLocaleParam: false
2026-08-09T10:48:08.462Z - REWRITE: /ar/fast-track -> /fast-track?__locale=ar
2026-08-09T10:48:08.489Z - INCOMING: /ar/fast-track | isRewritten: false | hasLocaleParam: false
2026-08-09T10:48:08.825Z - INCOMING: /ar/fast-track | isRewritten: false | hasLocaleParam: false
2026-08-09T10:48:08.848Z - REWRITE: /ar/fast-track -> /fast-track?__locale=ar
2026-08-09T10:48:08.871Z - INCOMING: /ar/fast-track | isRewritten: false | hasLocaleParam: false
2026-08-09T10:48:08.895Z - REWRITE: /ar/fast-track -> /fast-track?__locale=ar
2026-08-09T10:48:08.920Z - INCOMING: /ar/fast-track | isRewritten: false | hasLocaleParam: false
2026-08-09T10:48:08.941Z - REWRITE: /ar/fast-track -> /fast-track?__locale=ar
2026-08-09T10:48:08.963Z - INCOMING: /ar/fast-track | isRewritten: false | hasLocaleParam: false
2026-08-09T10:48:08.984Z - REWRITE: /ar/fast-track -> /fast-track?__locale=ar
2026-08-09T10:48:17.789Z - INCOMING: /ar/fast-track | isRewritten: false | hasLocaleParam: false
2026-08-09T10:48:17.863Z - REWRITE: /ar/fast-track -> /fast-track?__locale=ar
2026-08-09T10:49:16.692Z - INCOMING: /ar/fast-track | isRewritten: false | hasLocaleParam: false
2026-08-09T10:49:16.714Z - REWRITE: /ar/fast-track -> /fast-track?__locale=ar
2026-08-09T10:49:39.474Z - INCOMING: /ar/fast-track | isRewritten: false | hasLocaleParam: false
2026-08-09T10:49:39.503Z - REWRITE: /ar/fast-track -> /fast-track?__locale=ar
2026-08-09T11:54:50.155Z - REWRITE: /ar/fast-track -> /fast-track?__locale=ar
2026-08-09T11:54:50.175Z - INCOMING: /ar/fast-track | isRewritten: false | hasLocaleParam: false
2026-08-09T11:54:50.849Z - INCOMING: /ar/fast-track | isRewritten: false | hasLocaleParam: false
2026-08-09T11:54:50.902Z - REWRITE: /ar/fast-track -> /fast-track?__locale=ar
2026-08-09T11:54:51.059Z - INCOMING: /ar/fast-track | isRewritten: false | hasLocaleParam: false
2026-08-09T11:54:51.071Z - REWRITE: /ar/fast-track -> /fast-track?__locale=ar
2026-08-09T11:54:51.413Z - INCOMING: /ar/fast-track | isRewritten: false | hasLocaleParam: false
2026-08-09T11:54:51.426Z - REWRITE: /ar/fast-track -> /fast-track?__locale=ar
2026-08-09T11:54:51.522Z - REWRITE: /ar/fast-track -> /fast-track?__locale=ar
2026-08-09T11:54:51.619Z - INCOMING: /ar/fast-track | isRewritten: false | hasLocaleParam: false
2026-08-09T11:54:51.634Z - REWRITE: /ar/fast-track -> /fast-track?__locale=ar
2026-08-09T11:54:51.652Z - INCOMING: /ar/fast-track | isRewritten: false | hasLocaleParam: false
2026-08-09T11:54:51.672Z - REWRITE: /ar/fast-track -> /fast-track?__locale=ar
2026-08-09T11:54:51.692Z - INCOMING: /ar/fast-track | isRewritten: false | hasLocaleParam: false
2026-08-09T11:54:51.910Z - INCOMING: /ar/fast-track | isRewritten: false | hasLocaleParam: false
2026-08-09T11:54:51.950Z - REWRITE: /ar/fast-track -> /fast-track?__locale=ar
2026-08-09T11:54:52.069Z - INCOMING: /ar/fast-track | isRewritten: false | hasLocaleParam: false
2026-08-09T11:54:52.082Z - REWRITE: /ar/fast-track -> /fast-track?__locale=ar
2026-08-09T11:54:52.353Z - INCOMING: /ar/fast-track | isRewritten: false | hasLocaleParam: false
2026-08-09T11:54:52.367Z - REWRITE: /ar/fast-track -> /fast-track?__locale=ar
2026-08-09T11:54:52.410Z - INCOMING: /ar/fast-track | isRewritten: false | hasLocaleParam: false
2026-08-09T11:54:52.423Z - REWRITE: /ar/fast-track -> /fast-track?__locale=ar
2026-08-09T11:54:52.445Z - INCOMING: /ar/fast-track | isRewritten: false | hasLocaleParam: false
2026-08-09T11:54:52.461Z - REWRITE: /ar/fast-track -> /fast-track?__locale=ar
2026-08-09T11:54:52.533Z - INCOMING: /ar/fast-track | isRewritten: false | hasLocaleParam: false
2026-08-09T11:54:52.637Z - REWRITE: /ar/fast-track -> /fast-track?__locale=ar
2026-08-09T11:54:52.837Z - INCOMING: /ar/fast-track | isRewritten: false | hasLocaleParam: false
2026-08-09T11:54:52.851Z - REWRITE: /ar/fast-track -> /fast-track?__locale=ar
2026-08-09T11:54:52.998Z - INCOMING: /ar/fast-track | isRewritten: false | hasLocaleParam: false
2026-08-09T11:54:53.010Z - REWRITE: /ar/fast-track -> /fast-track?__locale=ar
2026-08-09T11:54:53.256Z - INCOMING: /ar/fast-track | isRewritten: false | hasLocaleParam: false
2026-08-09T11:54:53.297Z - REWRITE: /ar/fast-track -> /fast-track?__locale=ar
2026-08-09T11:54:53.364Z - INCOMING: /ar/fast-track | isRewritten: false | hasLocaleParam: false
2026-08-09T11:54:53.377Z - REWRITE: /ar/fast-track -> /fast-track?__locale=ar
2026-08-09T11:54:53.391Z - INCOMING: /ar/fast-track | isRewritten: false | hasLocaleParam: false
2026-08-09T11:54:53.403Z - REWRITE: /ar/fast-track -> /fast-track?__locale=ar
2026-08-09T11:54:53.472Z - INCOMING: /ar/fast-track | isRewritten: false | hasLocaleParam: false
2026-08-09T11:54:53.485Z - REWRITE: /ar/fast-track -> /fast-track?__locale=ar
2026-08-09T11:54:53.746Z - INCOMING: /ar/fast-track | isRewritten: false | hasLocaleParam: false
2026-08-09T11:54:53.762Z - REWRITE: /ar/fast-track -> /fast-track?__locale=ar
2026-08-09T11:54:53.999Z - INCOMING: /ar/fast-track | isRewritten: false | hasLocaleParam: false
2026-08-09T11:54:54.012Z - REWRITE: /ar/fast-track -> /fast-track?__locale=ar
2026-08-09T11:54:54.212Z - INCOMING: /ar/fast-track | isRewritten: false | hasLocaleParam: false
2026-08-09T11:54:54.228Z - REWRITE: /ar/fast-track -> /fast-track?__locale=ar
2026-08-09T11:54:54.330Z - INCOMING: /ar/fast-track | isRewritten: false | hasLocaleParam: false
2026-08-09T11:54:54.344Z - REWRITE: /ar/fast-track -> /fast-track?__locale=ar
2026-08-09T11:54:54.362Z - INCOMING: /ar/fast-track | isRewritten: false | hasLocaleParam: false
2026-08-09T11:54:54.415Z - REWRITE: /ar/fast-track -> /fast-track?__locale=ar
2026-08-09T11:54:54.510Z - REWRITE: /ar/fast-track -> /fast-track?__locale=ar
2026-08-09T11:54:54.521Z - INCOMING: /ar/fast-track | isRewritten: false | hasLocaleParam: false
2026-08-09T11:54:54.719Z - INCOMING: /ar/fast-track | isRewritten: false | hasLocaleParam: false
2026-08-09T11:54:54.733Z - REWRITE: /ar/fast-track -> /fast-track?__locale=ar
2026-08-09T11:54:54.884Z - INCOMING: /ar/fast-track | isRewritten: false | hasLocaleParam: false
2026-08-09T11:54:54.894Z - REWRITE: /ar/fast-track -> /fast-track?__locale=ar
2026-08-09T11:54:54.982Z - INCOMING: /ar/fast-track | isRewritten: false | hasLocaleParam: false
2026-08-09T11:54:55.015Z - REWRITE: /ar/fast-track -> /fast-track?__locale=ar
2026-08-09T11:54:55.189Z - INCOMING: /ar/fast-track | isRewritten: false | hasLocaleParam: false
2026-08-09T11:54:55.203Z - REWRITE: /ar/fast-track -> /fast-track?__locale=ar
2026-08-09T11:54:55.224Z - INCOMING: /ar/fast-track | isRewritten: false | hasLocaleParam: false
2026-08-09T11:54:55.241Z - REWRITE: /ar/fast-track -> /fast-track?__locale=ar
2026-08-09T11:54:55.456Z - INCOMING: /ar/fast-track | isRewritten: false | hasLocaleParam: false
2026-08-09T11:54:55.466Z - REWRITE: /ar/fast-track -> /fast-track?__locale=ar
2026-08-09T11:54:55.611Z - INCOMING: /ar/fast-track | isRewritten: false | hasLocaleParam: false
2026-08-09T11:54:55.621Z - REWRITE: /ar/fast-track -> /fast-track?__locale=ar
2026-08-09T11:54:55.830Z - INCOMING: /ar/fast-track | isRewritten: false | hasLocaleParam: false
2026-08-09T11:54:55.849Z - REWRITE: /ar/fast-track -> /fast-track?__locale=ar
2026-08-09T11:54:55.923Z - INCOMING: /ar/fast-track | isRewritten: false | hasLocaleParam: false
2026-08-09T11:54:55.938Z - REWRITE: /ar/fast-track -> /fast-track?__locale=ar
2026-08-09T11:54:56.090Z - INCOMING: /ar/fast-track | isRewritten: false | hasLocaleParam: false
2026-08-09T11:54:56.100Z - REWRITE: /ar/fast-track -> /fast-track?__locale=ar
2026-08-09T11:54:56.122Z - INCOMING: /ar/fast-track | isRewritten: false | hasLocaleParam: false
2026-08-09T11:54:56.138Z - REWRITE: /ar/fast-track -> /fast-track?__locale=ar
2026-08-09T11:54:56.326Z - INCOMING: /ar/fast-track | isRewritten: false | hasLocaleParam: false
2026-08-09T11:54:56.341Z - REWRITE: /ar/fast-track -> /fast-track?__locale=ar
2026-08-09T11:54:56.506Z - INCOMING: /ar/fast-track | isRewritten: false | hasLocaleParam: false
2026-08-09T11:54:56.548Z - REWRITE: /ar/fast-track -> /fast-track?__locale=ar
2026-08-09T11:54:56.678Z - INCOMING: /ar/fast-track | isRewritten: false | hasLocaleParam: false
2026-08-09T11:54:56.691Z - REWRITE: /ar/fast-track -> /fast-track?__locale=ar
2026-08-09T11:54:56.886Z - INCOMING: /ar/fast-track | isRewritten: false | hasLocaleParam: false
2026-08-09T11:54:56.900Z - REWRITE: /ar/fast-track -> /fast-track?__locale=ar
2026-08-09T11:54:56.916Z - INCOMING: /ar/fast-track | isRewritten: false | hasLocaleParam: false
2026-08-09T11:54:56.932Z - REWRITE: /ar/fast-track -> /fast-track?__locale=ar
2026-08-09T11:54:57.143Z - INCOMING: /ar/fast-track | isRewritten: false | hasLocaleParam: false
2026-08-09T11:54:57.156Z - REWRITE: /ar/fast-track -> /fast-track?__locale=ar
2026-08-09T11:54:57.172Z - INCOMING: /ar/fast-track | isRewritten: false | hasLocaleParam: false
2026-08-09T11:54:57.189Z - REWRITE: /ar/fast-track -> /fast-track?__locale=ar
2026-08-09T11:54:57.427Z - INCOMING: /ar/fast-track | isRewritten: false | hasLocaleParam: false
2026-08-09T11:54:57.438Z - REWRITE: /ar/fast-track -> /fast-track?__locale=ar
2026-08-09T11:54:57.661Z - INCOMING: /ar/fast-track | isRewritten: false | hasLocaleParam: false
2026-08-09T11:54:57.679Z - REWRITE: /ar/fast-track -> /fast-track?__locale=ar
2026-08-09T11:54:57.787Z - INCOMING: /ar/fast-track | isRewritten: false | hasLocaleParam: false
2026-08-09T11:54:57.834Z - INCOMING: /ar/fast-track | isRewritten: false | hasLocaleParam: false
2026-08-09T11:54:57.846Z - REWRITE: /ar/fast-track -> /fast-track?__locale=ar
2026-08-09T11:54:57.861Z - REWRITE: /ar/fast-track -> /fast-track?__locale=ar
2026-08-09T11:54:58.069Z - INCOMING: /ar/fast-track | isRewritten: false | hasLocaleParam: false
2026-08-09T11:54:58.084Z - REWRITE: /ar/fast-track -> /fast-track?__locale=ar
2026-08-09T11:54:58.170Z - REWRITE: /ar/fast-track -> /fast-track?__locale=ar
2026-08-09T11:54:58.230Z - INCOMING: /ar/fast-track | isRewritten: false | hasLocaleParam: false
2026-08-09T11:54:58.398Z - INCOMING: /ar/fast-track | isRewritten: false | hasLocaleParam: false
2026-08-09T11:54:58.438Z - REWRITE: /ar/fast-track -> /fast-track?__locale=ar
2026-08-09T11:54:58.648Z - INCOMING: /ar/fast-track | isRewritten: false | hasLocaleParam: false
2026-08-09T11:54:58.689Z - REWRITE: /ar/fast-track -> /fast-track?__locale=ar
2026-08-09T11:54:58.711Z - INCOMING: /ar/fast-track | isRewritten: false | hasLocaleParam: false
2026-08-09T11:54:58.725Z - REWRITE: /ar/fast-track -> /fast-track?__locale=ar
2026-08-09T11:54:58.971Z - INCOMING: /ar/fast-track | isRewritten: false | hasLocaleParam: false
2026-08-09T11:54:58.984Z - REWRITE: /ar/fast-track -> /fast-track?__locale=ar
2026-08-09T11:54:59.002Z - INCOMING: /ar/fast-track | isRewritten: false | hasLocaleParam: false
2026-08-09T11:54:59.062Z - REWRITE: /ar/fast-track -> /fast-track?__locale=ar
2026-08-09T11:54:59.075Z - INCOMING: /ar/fast-track | isRewritten: false | hasLocaleParam: false
2026-08-09T11:54:59.090Z - REWRITE: /ar/fast-track -> /fast-track?__locale=ar
2026-08-09T11:54:59.319Z - INCOMING: /ar/fast-track | isRewritten: false | hasLocaleParam: false
2026-08-09T11:54:59.331Z - REWRITE: /ar/fast-track -> /fast-track?__locale=ar
2026-08-09T11:54:59.501Z - INCOMING: /ar/fast-track | isRewritten: false | hasLocaleParam: false
2026-08-09T11:54:59.547Z - REWRITE: /ar/fast-track -> /fast-track?__locale=ar
2026-08-09T11:54:59.628Z - INCOMING: /ar/fast-track | isRewritten: false | hasLocaleParam: false
2026-08-09T11:54:59.642Z - REWRITE: /ar/fast-track -> /fast-track?__locale=ar
2026-08-09T11:54:59.822Z - INCOMING: /ar/fast-track | isRewritten: false | hasLocaleParam: false
2026-08-09T11:54:59.836Z - REWRITE: /ar/fast-track -> /fast-track?__locale=ar
2026-08-09T11:54:59.852Z - INCOMING: /ar/fast-track | isRewritten: false | hasLocaleParam: false
2026-08-09T11:54:59.867Z - REWRITE: /ar/fast-track -> /fast-track?__locale=ar
2026-08-09T11:54:59.995Z - INCOMING: /ar/fast-track | isRewritten: false | hasLocaleParam: false
2026-08-09T11:55:00.011Z - REWRITE: /ar/fast-track -> /fast-track?__locale=ar
2026-08-09T11:55:00.195Z - INCOMING: /ar/fast-track | isRewritten: false | hasLocaleParam: false
2026-08-09T11:55:00.230Z - REWRITE: /ar/fast-track -> /fast-track?__locale=ar
2026-08-09T11:55:00.373Z - INCOMING: /ar/fast-track | isRewritten: false | hasLocaleParam: false
2026-08-09T11:55:00.415Z - REWRITE: /ar/fast-track -> /fast-track?__locale=ar
2026-08-09T11:55:00.594Z - REWRITE: /ar/fast-track -> /fast-track?__locale=ar
2026-08-09T11:55:00.610Z - INCOMING: /ar/fast-track | isRewritten: false | hasLocaleParam: false
2026-08-09T11:55:00.685Z - INCOMING: /ar/fast-track | isRewritten: false | hasLocaleParam: false
2026-08-09T11:55:00.698Z - REWRITE: /ar/fast-track -> /fast-track?__locale=ar
2026-08-09T11:55:00.712Z - INCOMING: /ar/fast-track | isRewritten: false | hasLocaleParam: false
2026-08-09T11:55:00.727Z - REWRITE: /ar/fast-track -> /fast-track?__locale=ar
2026-08-09T11:55:01.032Z - INCOMING: /ar/fast-track | isRewritten: false | hasLocaleParam: false
2026-08-09T11:55:01.055Z - REWRITE: /ar/fast-track -> /fast-track?__locale=ar
2026-08-09T11:55:01.376Z - INCOMING: /ar/fast-track | isRewritten: false | hasLocaleParam: false
2026-08-09T11:55:01.391Z - REWRITE: /ar/fast-track -> /fast-track?__locale=ar
2026-08-09T11:55:01.546Z - INCOMING: /ar/fast-track | isRewritten: false | hasLocaleParam: false
2026-08-09T11:55:01.561Z - REWRITE: /ar/fast-track -> /fast-track?__locale=ar
2026-08-09T11:55:01.651Z - INCOMING: /ar/fast-track | isRewritten: false | hasLocaleParam: false
2026-08-09T11:55:01.673Z - REWRITE: /ar/fast-track -> /fast-track?__locale=ar
2026-08-09T11:55:01.799Z - INCOMING: /ar/fast-track | isRewritten: false | hasLocaleParam: false
2026-08-09T11:55:01.812Z - REWRITE: /ar/fast-track -> /fast-track?__locale=ar
2026-08-09T11:55:01.824Z - INCOMING: /ar/fast-track | isRewritten: false | hasLocaleParam: false
2026-08-09T11:55:01.838Z - REWRITE: /ar/fast-track -> /fast-track?__locale=ar
2026-08-09T11:55:02.028Z - INCOMING: /ar/fast-track | isRewritten: false | hasLocaleParam: false
2026-08-09T11:55:02.040Z - REWRITE: /ar/fast-track -> /fast-track?__locale=ar
2026-08-09T11:55:02.154Z - INCOMING: /ar/fast-track | isRewritten: false | hasLocaleParam: false
2026-08-09T11:55:02.194Z - REWRITE: /ar/fast-track -> /fast-track?__locale=ar
2026-08-09T11:55:02.409Z - INCOMING: /ar/fast-track | isRewritten: false | hasLocaleParam: false
2026-08-09T11:55:02.421Z - REWRITE: /ar/fast-track -> /fast-track?__locale=ar
2026-08-09T11:55:02.466Z - INCOMING: /ar/fast-track | isRewritten: false | hasLocaleParam: false
2026-08-09T11:55:02.479Z - REWRITE: /ar/fast-track -> /fast-track?__locale=ar
2026-08-09T11:55:02.493Z - INCOMING: /ar/fast-track | isRewritten: false | hasLocaleParam: false
2026-08-09T11:55:02.549Z - REWRITE: /ar/fast-track -> /fast-track?__locale=ar
2026-08-09T11:55:02.641Z - INCOMING: /ar/fast-track | isRewritten: false | hasLocaleParam: false
2026-08-09T11:55:02.652Z - REWRITE: /ar/fast-track -> /fast-track?__locale=ar
2026-08-09T11:55:02.770Z - INCOMING: /ar/fast-track | isRewritten: false | hasLocaleParam: false
2026-08-09T11:55:02.837Z - REWRITE: /ar/fast-track -> /fast-track?__locale=ar
2026-08-09T11:55:02.928Z - INCOMING: /ar/fast-track | isRewritten: false | hasLocaleParam: false
2026-08-09T11:55:02.946Z - REWRITE: /ar/fast-track -> /fast-track?__locale=ar
2026-08-09T11:55:03.227Z - INCOMING: /ar/fast-track | isRewritten: false | hasLocaleParam: false
2026-08-09T11:55:03.241Z - REWRITE: /ar/fast-track -> /fast-track?__locale=ar
2026-08-09T11:55:03.356Z - INCOMING: /ar/fast-track | isRewritten: false | hasLocaleParam: false
2026-08-09T11:55:03.369Z - REWRITE: /ar/fast-track -> /fast-track?__locale=ar
2026-08-09T11:55:03.383Z - INCOMING: /ar/fast-track | isRewritten: false | hasLocaleParam: false
2026-08-09T11:55:03.399Z - REWRITE: /ar/fast-track -> /fast-track?__locale=ar
2026-08-09T11:55:03.463Z - REWRITE: /ar/fast-track -> /fast-track?__locale=ar
2026-08-09T11:55:03.476Z - INCOMING: /ar/fast-track | isRewritten: false | hasLocaleParam: false
2026-08-09T11:55:03.626Z - INCOMING: /ar/fast-track | isRewritten: false | hasLocaleParam: false
2026-08-09T11:55:03.680Z - REWRITE: /ar/fast-track -> /fast-track?__locale=ar
2026-08-09T11:55:03.842Z - INCOMING: /ar/fast-track | isRewritten: false | hasLocaleParam: false
2026-08-09T11:55:03.853Z - REWRITE: /ar/fast-track -> /fast-track?__locale=ar
2026-08-09T11:55:04.043Z - INCOMING: /ar/fast-track | isRewritten: false | hasLocaleParam: false
2026-08-09T11:55:04.053Z - REWRITE: /ar/fast-track -> /fast-track?__locale=ar
2026-08-09T11:55:04.185Z - INCOMING: /ar/fast-track | isRewritten: false | hasLocaleParam: false
2026-08-09T11:55:04.200Z - REWRITE: /ar/fast-track -> /fast-track?__locale=ar
2026-08-09T11:55:04.265Z - INCOMING: /ar/fast-track | isRewritten: false | hasLocaleParam: false
2026-08-09T11:55:04.282Z - REWRITE: /ar/fast-track -> /fast-track?__locale=ar
2026-08-09T11:55:04.309Z - INCOMING: /ar/fast-track | isRewritten: false | hasLocaleParam: false
2026-08-09T11:55:04.322Z - REWRITE: /ar/fast-track -> /fast-track?__locale=ar
2026-08-09T11:55:04.507Z - INCOMING: /ar/fast-track | isRewritten: false | hasLocaleParam: false
2026-08-09T11:55:04.521Z - REWRITE: /ar/fast-track -> /fast-track?__locale=ar
2026-08-09T11:55:04.687Z - INCOMING: /ar/fast-track | isRewritten: false | hasLocaleParam: false
2026-08-09T11:55:04.709Z - REWRITE: /ar/fast-track -> /fast-track?__locale=ar
2026-08-09T11:55:04.897Z - INCOMING: /ar/fast-track | isRewritten: false | hasLocaleParam: false
2026-08-09T11:55:04.912Z - REWRITE: /ar/fast-track -> /fast-track?__locale=ar
2026-08-09T11:55:04.929Z - INCOMING: /ar/fast-track | isRewritten: false | hasLocaleParam: false
2026-08-09T11:55:04.946Z - REWRITE: /ar/fast-track -> /fast-track?__locale=ar
2026-08-09T11:55:05.117Z - INCOMING: /ar/fast-track | isRewritten: false | hasLocaleParam: false
2026-08-09T11:55:05.130Z - REWRITE: /ar/fast-track -> /fast-track?__locale=ar
2026-08-09T11:55:05.145Z - INCOMING: /ar/fast-track | isRewritten: false | hasLocaleParam: false
2026-08-09T11:55:05.218Z - REWRITE: /ar/fast-track -> /fast-track?__locale=ar
2026-08-09T11:55:05.362Z - INCOMING: /ar/fast-track | isRewritten: false | hasLocaleParam: false
2026-08-09T11:55:05.375Z - REWRITE: /ar/fast-track -> /fast-track?__locale=ar
2026-08-09T11:55:05.562Z - INCOMING: /ar/fast-track | isRewritten: false | hasLocaleParam: false
2026-08-09T11:55:05.582Z - REWRITE: /ar/fast-track -> /fast-track?__locale=ar
2026-08-09T11:55:05.811Z - INCOMING: /ar/fast-track | isRewritten: false | hasLocaleParam: false
2026-08-09T11:55:05.823Z - REWRITE: /ar/fast-track -> /fast-track?__locale=ar
2026-08-09T11:55:05.838Z - INCOMING: /ar/fast-track | isRewritten: false | hasLocaleParam: false
2026-08-09T11:55:05.855Z - REWRITE: /ar/fast-track -> /fast-track?__locale=ar
2026-08-09T11:55:05.996Z - INCOMING: /ar/fast-track | isRewritten: false | hasLocaleParam: false
2026-08-09T11:55:06.008Z - REWRITE: /ar/fast-track -> /fast-track?__locale=ar
2026-08-09T11:55:06.022Z - INCOMING: /ar/fast-track | isRewritten: false | hasLocaleParam: false
2026-08-09T11:55:06.036Z - REWRITE: /ar/fast-track -> /fast-track?__locale=ar
2026-08-09T11:55:06.274Z - INCOMING: /ar/fast-track | isRewritten: false | hasLocaleParam: false
2026-08-09T11:55:06.289Z - REWRITE: /ar/fast-track -> /fast-track?__locale=ar
2026-08-09T11:55:06.499Z - INCOMING: /ar/fast-track | isRewritten: false | hasLocaleParam: false
2026-08-09T11:55:06.530Z - REWRITE: /ar/fast-track -> /fast-track?__locale=ar
2026-08-09T11:55:06.596Z - INCOMING: /ar/fast-track | isRewritten: false | hasLocaleParam: false
2026-08-09T11:55:06.607Z - REWRITE: /ar/fast-track -> /fast-track?__locale=ar
2026-08-09T11:55:06.807Z - INCOMING: /ar/fast-track | isRewritten: false | hasLocaleParam: false
2026-08-09T11:55:06.821Z - REWRITE: /ar/fast-track -> /fast-track?__locale=ar
2026-08-09T11:55:06.837Z - INCOMING: /ar/fast-track | isRewritten: false | hasLocaleParam: false
2026-08-09T11:55:06.857Z - REWRITE: /ar/fast-track -> /fast-track?__locale=ar
2026-08-09T11:55:06.879Z - INCOMING: /ar/fast-track | isRewritten: false | hasLocaleParam: false
2026-08-09T11:55:07.006Z - REWRITE: /ar/fast-track -> /fast-track?__locale=ar
2026-08-09T11:55:07.209Z - INCOMING: /ar/fast-track | isRewritten: false | hasLocaleParam: false
2026-08-09T11:55:07.222Z - REWRITE: /ar/fast-track -> /fast-track?__locale=ar
2026-08-09T11:55:07.432Z - INCOMING: /ar/fast-track | isRewritten: false | hasLocaleParam: false
2026-08-09T11:55:07.474Z - REWRITE: /ar/fast-track -> /fast-track?__locale=ar
2026-08-09T11:55:07.795Z - INCOMING: /ar/fast-track | isRewritten: false | hasLocaleParam: false
2026-08-09T11:55:07.817Z - REWRITE: /ar/fast-track -> /fast-track?__locale=ar
2026-08-09T11:55:07.909Z - INCOMING: /ar/fast-track | isRewritten: false | hasLocaleParam: false
2026-08-09T11:55:07.930Z - REWRITE: /ar/fast-track -> /fast-track?__locale=ar
2026-08-09T11:55:07.970Z - INCOMING: /ar/fast-track | isRewritten: false | hasLocaleParam: false
2026-08-09T11:55:07.985Z - REWRITE: /ar/fast-track -> /fast-track?__locale=ar
2026-08-09T11:55:08.001Z - INCOMING: /ar/fast-track | isRewritten: false | hasLocaleParam: false
2026-08-09T11:55:08.018Z - REWRITE: /ar/fast-track -> /fast-track?__locale=ar
2026-08-09T11:55:08.356Z - INCOMING: /ar/fast-track | isRewritten: false | hasLocaleParam: false
2026-08-09T11:55:08.379Z - REWRITE: /ar/fast-track -> /fast-track?__locale=ar
2026-08-09T11:55:08.961Z - INCOMING: /ar/fast-track | isRewritten: false | hasLocaleParam: false
2026-08-09T11:55:08.972Z - REWRITE: /ar/fast-track -> /fast-track?__locale=ar
2026-08-09T11:55:09.019Z - INCOMING: /ar/fast-track | isRewritten: false | hasLocaleParam: false
2026-08-09T11:55:09.031Z - REWRITE: /ar/fast-track -> /fast-track?__locale=ar
2026-08-09T11:55:09.046Z - INCOMING: /ar/fast-track | isRewritten: false | hasLocaleParam: false
2026-08-09T11:55:09.060Z - REWRITE: /ar/fast-track -> /fast-track?__locale=ar
2026-08-09T11:55:09.074Z - INCOMING: /ar/fast-track | isRewritten: false | hasLocaleParam: false
2026-08-09T11:55:09.089Z - REWRITE: /ar/fast-track -> /fast-track?__locale=ar
2026-08-09T11:55:09.288Z - INCOMING: /ar/fast-track | isRewritten: false | hasLocaleParam: false
2026-08-09T11:55:09.341Z - REWRITE: /ar/fast-track -> /fast-track?__locale=ar
2026-08-09T11:55:09.503Z - INCOMING: /ar/fast-track | isRewritten: false | hasLocaleParam: false
2026-08-09T11:55:09.557Z - REWRITE: /ar/fast-track -> /fast-track?__locale=ar
2026-08-09T11:55:09.799Z - INCOMING: /ar/fast-track | isRewritten: false | hasLocaleParam: false
2026-08-09T11:55:09.816Z - REWRITE: /ar/fast-track -> /fast-track?__locale=ar
2026-08-09T11:55:09.837Z - INCOMING: /ar/fast-track | isRewritten: false | hasLocaleParam: false
2026-08-09T11:55:09.893Z - REWRITE: /ar/fast-track -> /fast-track?__locale=ar
2026-08-09T11:55:10.010Z - INCOMING: /ar/fast-track | isRewritten: false | hasLocaleParam: false
2026-08-09T11:55:10.019Z - REWRITE: /ar/fast-track -> /fast-track?__locale=ar
2026-08-09T11:55:10.030Z - INCOMING: /ar/fast-track | isRewritten: false | hasLocaleParam: false
2026-08-09T11:55:10.042Z - REWRITE: /ar/fast-track -> /fast-track?__locale=ar
2026-08-09T11:55:10.183Z - INCOMING: /ar/fast-track | isRewritten: false | hasLocaleParam: false
2026-08-09T11:55:10.218Z - REWRITE: /ar/fast-track -> /fast-track?__locale=ar
2026-08-09T11:55:31.050Z - INCOMING: /ar/fast-track | isRewritten: false | hasLocaleParam: false
2026-08-09T11:55:31.069Z - REWRITE: /ar/fast-track -> /fast-track?__locale=ar
2026-08-09T11:55:31.230Z - INCOMING: /ar/fast-track | isRewritten: false | hasLocaleParam: false
2026-08-09T11:55:31.249Z - REWRITE: /ar/fast-track -> /fast-track?__locale=ar
2026-08-09T11:55:31.659Z - INCOMING: /ar/fast-track | isRewritten: false | hasLocaleParam: false
2026-08-09T11:55:31.674Z - REWRITE: /ar/fast-track -> /fast-track?__locale=ar
2026-08-09T11:55:31.848Z - INCOMING: /ar/fast-track | isRewritten: false | hasLocaleParam: false
2026-08-09T11:55:31.867Z - REWRITE: /ar/fast-track -> /fast-track?__locale=ar
2026-08-09T11:55:31.892Z - INCOMING: /ar/fast-track | isRewritten: false | hasLocaleParam: false
2026-08-09T11:55:31.911Z - REWRITE: /ar/fast-track -> /fast-track?__locale=ar
2026-08-09T11:55:31.929Z - INCOMING: /ar/fast-track | isRewritten: false | hasLocaleParam: false
2026-08-09T11:55:32.048Z - REWRITE: /ar/fast-track -> /fast-track?__locale=ar
2026-08-09T11:56:11.484Z - INCOMING: /ar/fast-track | isRewritten: false | hasLocaleParam: false
2026-08-09T11:56:11.513Z - REWRITE: /ar/fast-track -> /fast-track?__locale=ar
2026-08-09T11:56:11.670Z - INCOMING: /ar/fast-track | isRewritten: false | hasLocaleParam: false
2026-08-09T11:56:11.737Z - REWRITE: /ar/fast-track -> /fast-track?__locale=ar
2026-08-09T11:56:12.127Z - INCOMING: /ar/fast-track | isRewritten: false | hasLocaleParam: false
2026-08-09T11:56:12.237Z - REWRITE: /ar/fast-track -> /fast-track?__locale=ar
2026-08-09T11:56:12.265Z - INCOMING: /ar/fast-track | isRewritten: false | hasLocaleParam: false
2026-08-09T11:56:12.283Z - REWRITE: /ar/fast-track -> /fast-track?__locale=ar
2026-08-09T11:56:12.369Z - INCOMING: /ar/fast-track | isRewritten: false | hasLocaleParam: false
2026-08-09T11:56:12.384Z - REWRITE: /ar/fast-track -> /fast-track?__locale=ar
2026-08-09T11:56:12.405Z - INCOMING: /ar/fast-track | isRewritten: false | hasLocaleParam: false
2026-08-09T11:56:12.431Z - REWRITE: /ar/fast-track -> /fast-track?__locale=ar
2026-08-09T12:06:50.882Z - INCOMING: /ar/fast-track | isRewritten: false | hasLocaleParam: false
2026-08-09T12:06:50.905Z - REWRITE: /ar/fast-track -> /fast-track?__locale=ar
2026-08-09T12:06:51.207Z - INCOMING: /ar/fast-track | isRewritten: false | hasLocaleParam: false
2026-08-09T12:06:51.262Z - REWRITE: /ar/fast-track -> /fast-track?__locale=ar
2026-08-09T12:06:51.684Z - INCOMING: /ar/fast-track | isRewritten: false | hasLocaleParam: false
2026-08-09T12:06:51.702Z - REWRITE: /ar/fast-track -> /fast-track?__locale=ar
2026-08-09T12:06:51.857Z - REWRITE: /ar/fast-track -> /fast-track?__locale=ar
2026-08-09T12:06:51.952Z - INCOMING: /ar/fast-track | isRewritten: false | hasLocaleParam: false
2026-08-09T12:06:51.968Z - REWRITE: /ar/fast-track -> /fast-track?__locale=ar
2026-08-09T12:06:51.985Z - INCOMING: /ar/fast-track | isRewritten: false | hasLocaleParam: false
2026-08-09T12:06:52.003Z - REWRITE: /ar/fast-track -> /fast-track?__locale=ar
2026-08-09T12:06:52.020Z - INCOMING: /ar/fast-track | isRewritten: false | hasLocaleParam: false
2026-08-09T12:07:18.570Z - INCOMING: /ar/fast-track | isRewritten: false | hasLocaleParam: false
2026-08-09T12:07:18.614Z - REWRITE: /ar/fast-track -> /fast-track?__locale=ar
2026-08-09T12:07:41.973Z - REWRITE: /ar/hotel-apartments -> /hotel-apartments?__locale=ar
2026-08-09T12:07:41.997Z - INCOMING: /ar/hotel-apartments | isRewritten: false | hasLocaleParam: false
2026-08-09T12:11:14.471Z - INCOMING: /ar/hotel-apartments | isRewritten: false | hasLocaleParam: false
2026-08-09T12:11:14.495Z - REWRITE: /ar/hotel-apartments -> /hotel-apartments?__locale=ar
2026-08-09T12:11:14.681Z - INCOMING: /ar/hotel-apartments | isRewritten: false | hasLocaleParam: false
2026-08-09T12:11:14.754Z - REWRITE: /ar/hotel-apartments -> /hotel-apartments?__locale=ar
2026-08-09T12:11:15.225Z - INCOMING: /ar/hotel-apartments | isRewritten: false | hasLocaleParam: false
2026-08-09T12:11:15.244Z - REWRITE: /ar/hotel-apartments -> /hotel-apartments?__locale=ar
2026-08-09T12:11:15.427Z - REWRITE: /ar/hotel-apartments -> /hotel-apartments?__locale=ar
2026-08-09T12:11:15.528Z - REWRITE: /ar/hotel-apartments -> /hotel-apartments?__locale=ar
2026-08-09T12:11:15.552Z - INCOMING: /ar/hotel-apartments | isRewritten: false | hasLocaleParam: false
2026-08-09T12:11:15.576Z - REWRITE: /ar/hotel-apartments -> /hotel-apartments?__locale=ar
2026-08-09T12:11:15.603Z - INCOMING: /ar/hotel-apartments | isRewritten: false | hasLocaleParam: false
2026-08-09T12:11:15.627Z - INCOMING: /ar/hotel-apartments | isRewritten: false | hasLocaleParam: false
2026-08-09T12:16:07.199Z - REWRITE: /ar/hotel-apartments -> /hotel-apartments?__locale=ar
2026-08-09T12:16:07.225Z - INCOMING: /ar/hotel-apartments | isRewritten: false | hasLocaleParam: false
2026-08-09T12:16:08.426Z - INCOMING: /ar | isRewritten: false | hasLocaleParam: false
2026-08-09T12:16:08.449Z - REWRITE: /ar -> /?__locale=ar
2026-08-09T12:16:09.947Z - INCOMING: /ar | isRewritten: false | hasLocaleParam: false
2026-08-09T12:16:09.978Z - REWRITE: /ar -> /?__locale=ar
2026-08-09T12:18:00.519Z - REWRITE: /ar -> /?__locale=ar
2026-08-09T12:18:00.546Z - INCOMING: /ar | isRewritten: false | hasLocaleParam: false
2026-08-09T12:20:22.336Z - REWRITE: /ar -> /?__locale=ar
2026-08-09T12:20:22.373Z - INCOMING: /ar | isRewritten: false | hasLocaleParam: false
2026-08-09T12:21:16.458Z - INCOMING: /ar | isRewritten: false | hasLocaleParam: false
2026-08-09T12:21:16.485Z - REWRITE: /ar -> /?__locale=ar
2026-08-09T12:22:54.333Z - INCOMING: /ar | isRewritten: false | hasLocaleParam: false
2026-08-09T12:22:54.483Z - REWRITE: /ar -> /?__locale=ar
2026-08-09T12:22:54.890Z - INCOMING: /ar | isRewritten: false | hasLocaleParam: false
2026-08-09T12:22:55.004Z - REWRITE: /ar -> /?__locale=ar
2026-08-09T12:24:12.166Z - REWRITE: /ar -> /?__locale=ar
2026-08-09T12:24:12.213Z - INCOMING: /ar | isRewritten: false | hasLocaleParam: false
2026-08-09T12:24:12.613Z - INCOMING: /ar | isRewritten: false | hasLocaleParam: false
2026-08-09T12:24:12.732Z - REWRITE: /ar -> /?__locale=ar
2026-08-09T12:25:02.629Z - INCOMING: /ar/stays | isRewritten: false | hasLocaleParam: false
2026-08-09T12:25:02.652Z - REWRITE: /ar/stays -> /stays?__locale=ar
2026-08-09T12:25:05.571Z - INCOMING: /ar/stays?type=apartments | isRewritten: false | hasLocaleParam: false
2026-08-09T12:25:05.594Z - REWRITE: /ar/stays -> /stays?type=apartments&__locale=ar
2026-08-09T12:25:13.497Z - REWRITE: /ar/cars -> /cars?__locale=ar
2026-08-09T12:25:13.526Z - INCOMING: /ar/cars | isRewritten: false | hasLocaleParam: false
2026-08-09T12:25:26.252Z - INCOMING: /ar/fast-track | isRewritten: false | hasLocaleParam: false
2026-08-09T12:25:26.281Z - REWRITE: /ar/fast-track -> /fast-track?__locale=ar
2026-08-15T18:31:04.969Z - INCOMING: / | isRewritten: false | hasLocaleParam: false
2026-08-15T18:31:05.333Z - REDIRECT: / -> /ar
2026-08-15T18:31:05.358Z - INCOMING: /ar | isRewritten: false | hasLocaleParam: false
2026-08-15T18:31:05.382Z - REWRITE: /ar -> /?__locale=ar
2026-08-15T18:36:03.586Z - INCOMING: /ar/cars/economy-sedan | isRewritten: false | hasLocaleParam: false
2026-08-15T18:36:03.612Z - REWRITE: /ar/cars/economy-sedan -> /cars/economy-sedan?__locale=ar
2026-08-15T18:39:41.069Z - INCOMING: /ar/cars/economy-sedan | isRewritten: false | hasLocaleParam: false
2026-08-15T18:39:41.101Z - REWRITE: /ar/cars/economy-sedan -> /cars/economy-sedan?__locale=ar
2026-08-15T18:40:23.959Z - INCOMING: /ar/my-bookings | isRewritten: false | hasLocaleParam: false
2026-08-15T18:40:23.987Z - REWRITE: /ar/my-bookings -> /my-bookings?__locale=ar
2026-08-15T18:44:53.451Z - INCOMING: /ar | isRewritten: false | hasLocaleParam: false
2026-08-15T18:44:53.475Z - REWRITE: /ar -> /?__locale=ar
2026-08-15T18:47:22.813Z - INCOMING: /ar/admin | isRewritten: false | hasLocaleParam: false
2026-08-15T18:47:22.838Z - ADMIN PASSTHROUGH: /ar/admin
2026-08-15T18:47:22.864Z - REWRITE: /ar/admin -> /admin?__locale=ar
2026-08-15T18:47:30.375Z - INCOMING: /admin/cars | isRewritten: false | hasLocaleParam: false
2026-08-15T18:47:30.399Z - ADMIN PASSTHROUGH: /admin/cars
2026-08-15T18:47:30.423Z - REDIRECT: /admin/cars -> /ar/admin/cars
2026-08-15T18:47:30.477Z - INCOMING: /ar/admin/cars | isRewritten: false | hasLocaleParam: false
2026-08-15T18:47:30.500Z - ADMIN PASSTHROUGH: /ar/admin/cars
2026-08-15T18:47:30.520Z - REWRITE: /ar/admin/cars -> /admin/cars?__locale=ar
2026-08-15T18:48:11.959Z - INCOMING: /admin/settings | isRewritten: false | hasLocaleParam: false
2026-08-15T18:48:11.983Z - REDIRECT: /admin/settings -> /ar/admin/settings
2026-08-15T18:48:12.005Z - ADMIN PASSTHROUGH: /admin/settings
2026-08-15T18:48:12.067Z - ADMIN PASSTHROUGH: /ar/admin/settings
2026-08-15T18:48:12.087Z - INCOMING: /ar/admin/settings | isRewritten: false | hasLocaleParam: false
2026-08-15T18:48:12.110Z - REWRITE: /ar/admin/settings -> /admin/settings?__locale=ar
2026-08-15T18:48:15.188Z - ADMIN PASSTHROUGH: /admin
2026-08-15T18:48:15.208Z - INCOMING: /admin | isRewritten: false | hasLocaleParam: false
2026-08-15T18:48:15.230Z - REDIRECT: /admin -> /ar/admin
2026-08-15T18:48:15.369Z - INCOMING: /ar/admin | isRewritten: false | hasLocaleParam: false
2026-08-15T18:48:15.391Z - ADMIN PASSTHROUGH: /ar/admin
2026-08-15T18:48:15.412Z - REWRITE: /ar/admin -> /admin?__locale=ar
2026-08-15T18:48:24.018Z - INCOMING: /admin/cars | isRewritten: false | hasLocaleParam: false
2026-08-15T18:48:24.037Z - ADMIN PASSTHROUGH: /admin/cars
2026-08-15T18:48:24.056Z - REDIRECT: /admin/cars -> /ar/admin/cars
2026-08-15T18:48:24.111Z - INCOMING: /ar/admin/cars | isRewritten: false | hasLocaleParam: false
2026-08-15T18:48:24.132Z - ADMIN PASSTHROUGH: /ar/admin/cars
2026-08-15T18:48:24.220Z - REWRITE: /ar/admin/cars -> /admin/cars?__locale=ar
2026-08-15T18:54:32.895Z - ADMIN PASSTHROUGH: /admin
2026-08-15T18:54:32.915Z - REDIRECT: /admin -> /ar/admin
2026-08-15T18:54:32.940Z - INCOMING: /admin | isRewritten: false | hasLocaleParam: false
2026-08-15T18:54:33.083Z - INCOMING: /ar/admin | isRewritten: false | hasLocaleParam: false
2026-08-15T18:54:33.104Z - ADMIN PASSTHROUGH: /ar/admin
2026-08-15T18:54:33.124Z - REWRITE: /ar/admin -> /admin?__locale=ar
2026-08-15T18:54:36.023Z - INCOMING: / | isRewritten: false | hasLocaleParam: false
2026-08-15T18:54:36.050Z - REDIRECT: / -> /ar
2026-08-15T18:54:36.108Z - INCOMING: /ar | isRewritten: false | hasLocaleParam: false
2026-08-15T18:54:36.129Z - REWRITE: /ar -> /?__locale=ar
2026-08-15T18:56:00.368Z - INCOMING: /cars | isRewritten: false | hasLocaleParam: false
2026-08-15T18:56:00.390Z - REDIRECT: /cars -> /ar/cars
2026-08-15T18:56:00.448Z - INCOMING: /ar/cars | isRewritten: false | hasLocaleParam: false
2026-08-15T18:56:00.471Z - REWRITE: /ar/cars -> /cars?__locale=ar
2026-08-15T18:56:07.842Z - INCOMING: /ar | isRewritten: false | hasLocaleParam: false
2026-08-15T18:56:07.865Z - REWRITE: /ar -> /?__locale=ar
2026-08-15T19:06:48.323Z - INCOMING: /ar/cars/economy-sedan | isRewritten: false | hasLocaleParam: false
2026-08-15T19:06:48.348Z - REWRITE: /ar/cars/economy-sedan -> /cars/economy-sedan?__locale=ar
2026-08-15T19:06:52.795Z - INCOMING: /ar | isRewritten: false | hasLocaleParam: false
2026-08-15T19:06:52.814Z - REWRITE: /ar -> /?__locale=ar
2026-08-15T19:12:34.557Z - INCOMING: /ar/cars/economy-sedan | isRewritten: false | hasLocaleParam: false
2026-08-15T19:12:34.584Z - REWRITE: /ar/cars/economy-sedan -> /cars/economy-sedan?__locale=ar
2026-08-15T19:15:32.116Z - INCOMING: /ar/my-bookings | isRewritten: false | hasLocaleParam: false
2026-08-15T19:15:32.137Z - REWRITE: /ar/my-bookings -> /my-bookings?__locale=ar
2026-08-15T19:16:13.562Z - INCOMING: /admin | isRewritten: false | hasLocaleParam: false
2026-08-15T19:16:13.590Z - ADMIN PASSTHROUGH: /admin
2026-08-15T19:16:13.860Z - REDIRECT: /admin -> /ar/admin
2026-08-15T19:16:13.916Z - INCOMING: /ar/admin | isRewritten: false | hasLocaleParam: false
2026-08-15T19:16:13.938Z - REWRITE: /ar/admin -> /admin?__locale=ar
2026-08-15T19:16:13.961Z - ADMIN PASSTHROUGH: /ar/admin
2026-08-15T19:16:21.071Z - ADMIN PASSTHROUGH: /admin/bookings
2026-08-15T19:16:21.092Z - REDIRECT: /admin/bookings -> /ar/admin/bookings
2026-08-15T19:16:21.118Z - INCOMING: /admin/bookings | isRewritten: false | hasLocaleParam: false
2026-08-15T19:16:21.177Z - REWRITE: /ar/admin/bookings -> /admin/bookings?__locale=ar
2026-08-15T19:16:21.199Z - ADMIN PASSTHROUGH: /ar/admin/bookings
2026-08-15T19:16:21.219Z - INCOMING: /ar/admin/bookings | isRewritten: false | hasLocaleParam: false
2026-08-15T19:37:44.337Z - INCOMING: /ar | isRewritten: false | hasLocaleParam: false
2026-08-15T19:37:44.359Z - REWRITE: /ar -> /?__locale=ar
2026-08-15T19:37:59.488Z - INCOMING: /fast-track | isRewritten: false | hasLocaleParam: false
2026-08-15T19:37:59.512Z - REDIRECT: /fast-track -> /ar/fast-track
2026-08-15T19:37:59.570Z - INCOMING: /ar/fast-track | isRewritten: false | hasLocaleParam: false
2026-08-15T19:37:59.601Z - REWRITE: /ar/fast-track -> /fast-track?__locale=ar
2026-08-15T19:38:17.196Z - INCOMING: /ar/hotels | isRewritten: false | hasLocaleParam: false
2026-08-15T19:38:17.222Z - REWRITE: /ar/hotels -> /hotels?__locale=ar
2026-08-15T19:40:23.150Z - INCOMING: /ar/flights | isRewritten: false | hasLocaleParam: false
2026-08-15T19:40:23.177Z - REWRITE: /ar/flights -> /flights?__locale=ar
2026-08-15T19:42:00.402Z - INCOMING: /ar | isRewritten: false | hasLocaleParam: false
2026-08-15T19:42:00.425Z - REWRITE: /ar -> /?__locale=ar
2026-08-15T19:43:11.243Z - INCOMING: /ar | isRewritten: false | hasLocaleParam: false
2026-08-15T19:43:11.271Z - REWRITE: /ar -> /?__locale=ar
2026-08-15T19:43:13.643Z - INCOMING: /ar/admin/bookings | isRewritten: false | hasLocaleParam: false
2026-08-15T19:43:13.679Z - REWRITE: /ar/admin/bookings -> /admin/bookings?__locale=ar
2026-08-15T19:43:13.717Z - ADMIN PASSTHROUGH: /ar/admin/bookings
2026-08-15T19:43:14.661Z - INCOMING: /ar/admin | isRewritten: false | hasLocaleParam: false
2026-08-15T19:43:14.688Z - ADMIN PASSTHROUGH: /ar/admin
2026-08-15T19:43:14.908Z - REWRITE: /ar/admin -> /admin?__locale=ar
2026-08-15T19:43:15.306Z - INCOMING: /ar/admin/bookings | isRewritten: false | hasLocaleParam: false
2026-08-15T19:43:15.328Z - ADMIN PASSTHROUGH: /ar/admin/bookings
2026-08-15T19:43:15.353Z - REWRITE: /ar/admin/bookings -> /admin/bookings?__locale=ar
2026-08-15T19:43:15.546Z - REWRITE: /ar -> /?__locale=ar
2026-08-15T19:43:15.612Z - INCOMING: /ar | isRewritten: false | hasLocaleParam: false
2026-08-15T19:43:16.014Z - INCOMING: /ar/admin | isRewritten: false | hasLocaleParam: false
2026-08-15T19:43:16.053Z - REWRITE: /ar/admin -> /admin?__locale=ar
2026-08-15T19:43:16.119Z - ADMIN PASSTHROUGH: /ar/admin
2026-08-15T19:43:20.664Z - INCOMING: /ar | isRewritten: false | hasLocaleParam: false
2026-08-15T19:43:20.691Z - REWRITE: /ar -> /?__locale=ar
2026-08-15T19:43:20.862Z - INCOMING: /ar/admin | isRewritten: false | hasLocaleParam: false
2026-08-15T19:43:20.887Z - ADMIN PASSTHROUGH: /ar/admin/bookings
2026-08-15T19:43:20.997Z - REWRITE: /ar/admin/bookings -> /admin/bookings?__locale=ar
2026-08-15T19:43:21.021Z - INCOMING: /ar/admin/bookings | isRewritten: false | hasLocaleParam: false
2026-08-15T19:43:21.045Z - REWRITE: /ar/admin -> /admin?__locale=ar
2026-08-15T19:43:21.069Z - ADMIN PASSTHROUGH: /ar/admin
2026-08-15T19:43:21.829Z - INCOMING: /ar | isRewritten: false | hasLocaleParam: false
2026-08-15T19:43:21.852Z - REWRITE: /ar -> /?__locale=ar
2026-08-15T19:43:21.875Z - INCOMING: /ar/admin/bookings | isRewritten: false | hasLocaleParam: false
2026-08-15T19:43:21.899Z - ADMIN PASSTHROUGH: /ar/admin/bookings
2026-08-15T19:43:21.923Z - REWRITE: /ar/admin/bookings -> /admin/bookings?__locale=ar
2026-08-15T19:43:21.946Z - INCOMING: /ar/admin | isRewritten: false | hasLocaleParam: false
2026-08-15T19:43:21.970Z - ADMIN PASSTHROUGH: /ar/admin
2026-08-15T19:43:21.993Z - REWRITE: /ar/admin -> /admin?__locale=ar
2026-08-15T19:50:45.633Z - INCOMING: /ar/hotels | isRewritten: false | hasLocaleParam: false
2026-08-15T19:50:45.661Z - REWRITE: /ar/hotels -> /hotels?__locale=ar
2026-08-15T19:51:19.358Z - INCOMING: /ar/my-bookings | isRewritten: false | hasLocaleParam: false
2026-08-15T19:51:19.381Z - REWRITE: /ar/my-bookings -> /my-bookings?__locale=ar
2026-08-15T19:51:34.376Z - INCOMING: /login | isRewritten: false | hasLocaleParam: false
2026-08-15T19:51:34.403Z - REDIRECT: /login -> /ar/login
2026-08-15T19:51:34.456Z - INCOMING: /ar/login | isRewritten: false | hasLocaleParam: false
2026-08-15T19:51:34.482Z - REWRITE: /ar/login -> /login?__locale=ar
2026-08-15T19:51:35.051Z - INCOMING: /ar/login | isRewritten: false | hasLocaleParam: false
2026-08-15T19:51:35.077Z - REWRITE: /ar/login -> /login?__locale=ar
2026-08-15T19:51:39.257Z - INCOMING: /ar | isRewritten: false | hasLocaleParam: false
2026-08-15T19:51:39.279Z - REWRITE: /ar -> /?__locale=ar
2026-08-15T19:53:51.533Z - INCOMING: /ar/hotels | isRewritten: false | hasLocaleParam: false
2026-08-15T19:53:51.554Z - REWRITE: /ar/hotels -> /hotels?__locale=ar
2026-08-15T19:54:08.031Z - INCOMING: /ar | isRewritten: false | hasLocaleParam: false
2026-08-15T19:54:08.060Z - REWRITE: /ar -> /?__locale=ar
2026-08-15T20:05:41.548Z - ADMIN PASSTHROUGH: /admin/settings
2026-08-15T20:05:41.569Z - REDIRECT: /admin/settings -> /ar/admin/settings
2026-08-15T20:05:41.589Z - INCOMING: /admin/settings | isRewritten: false | hasLocaleParam: false
2026-08-15T20:05:41.742Z - INCOMING: /ar/admin/settings | isRewritten: false | hasLocaleParam: false
2026-08-15T20:05:41.768Z - ADMIN PASSTHROUGH: /ar/admin/settings
2026-08-15T20:05:41.790Z - REWRITE: /ar/admin/settings -> /admin/settings?__locale=ar
2026-08-15T20:08:30.670Z - INCOMING: /ar/admin/settings | isRewritten: false | hasLocaleParam: false
2026-08-15T20:08:30.694Z - ADMIN PASSTHROUGH: /ar/admin/settings
2026-08-15T20:08:30.715Z - REWRITE: /ar/admin/settings -> /admin/settings?__locale=ar
2026-08-15T20:11:09.702Z - INCOMING: /admin | isRewritten: false | hasLocaleParam: false
2026-08-15T20:11:09.722Z - ADMIN PASSTHROUGH: /admin
2026-08-15T20:11:09.744Z - REDIRECT: /admin -> /ar/admin
2026-08-15T20:11:09.793Z - INCOMING: /ar/admin | isRewritten: false | hasLocaleParam: false
2026-08-15T20:11:09.814Z - ADMIN PASSTHROUGH: /ar/admin
2026-08-15T20:11:09.934Z - REWRITE: /ar/admin -> /admin?__locale=ar
2026-08-16T09:05:16.181Z - REDIRECT: / -> /ar
2026-08-16T09:05:16.370Z - INCOMING: / | isRewritten: false | hasLocaleParam: false
2026-08-16T09:05:16.408Z - INCOMING: /ar | isRewritten: false | hasLocaleParam: false
2026-08-16T09:05:16.459Z - REWRITE: /ar -> /?__locale=ar
2026-08-16T09:31:06.252Z - INCOMING: /ar/admin | isRewritten: false | hasLocaleParam: false
2026-08-16T09:31:06.295Z - ADMIN PASSTHROUGH: /ar/admin
2026-08-16T09:31:06.333Z - REWRITE: /ar/admin -> /admin?__locale=ar
2026-08-16T09:31:10.894Z - INCOMING: /admin/settings | isRewritten: false | hasLocaleParam: false
2026-08-16T09:31:10.921Z - ADMIN PASSTHROUGH: /admin/settings
2026-08-16T09:31:10.949Z - REDIRECT: /admin/settings -> /ar/admin/settings
2026-08-16T09:31:11.006Z - INCOMING: /ar/admin/settings | isRewritten: false | hasLocaleParam: false
2026-08-16T09:31:11.031Z - ADMIN PASSTHROUGH: /ar/admin/settings
2026-08-16T09:31:11.064Z - REWRITE: /ar/admin/settings -> /admin/settings?__locale=ar
2026-08-16T09:31:11.715Z - INCOMING: /admin/settings | isRewritten: false | hasLocaleParam: false
2026-08-16T09:31:11.739Z - ADMIN PASSTHROUGH: /admin/settings
2026-08-16T09:31:11.759Z - REDIRECT: /admin/settings -> /ar/admin/settings
2026-08-16T09:31:11.810Z - ADMIN PASSTHROUGH: /ar/admin/settings
2026-08-16T09:31:11.829Z - INCOMING: /ar/admin/settings | isRewritten: false | hasLocaleParam: false
2026-08-16T09:31:11.850Z - REWRITE: /ar/admin/settings -> /admin/settings?__locale=ar
2026-08-16T09:31:40.448Z - ADMIN PASSTHROUGH: /ar/admin/settings
2026-08-16T09:31:40.472Z - INCOMING: /ar/admin/settings | isRewritten: false | hasLocaleParam: false
2026-08-16T09:31:40.494Z - REWRITE: /ar/admin/settings -> /admin/settings?__locale=ar
2026-08-16T09:31:40.568Z - INCOMING: /ar/admin/settings | isRewritten: false | hasLocaleParam: false
2026-08-16T09:31:40.588Z - ADMIN PASSTHROUGH: /ar/admin/settings
2026-08-16T09:31:40.610Z - REWRITE: /ar/admin/settings -> /admin/settings?__locale=ar
2026-08-16T09:31:41.108Z - INCOMING: /ar/admin/settings | isRewritten: false | hasLocaleParam: false
2026-08-16T09:31:41.131Z - ADMIN PASSTHROUGH: /ar/admin/settings
2026-08-16T09:31:41.155Z - REWRITE: /ar/admin/settings -> /admin/settings?__locale=ar
2026-08-16T09:31:41.230Z - INCOMING: /ar/admin/settings | isRewritten: false | hasLocaleParam: false
2026-08-16T09:31:41.257Z - REWRITE: /ar/admin/settings -> /admin/settings?__locale=ar
2026-08-16T09:31:41.283Z - ADMIN PASSTHROUGH: /ar/admin/settings
2026-08-16T09:31:41.308Z - ADMIN PASSTHROUGH: /ar/admin/settings
2026-08-16T09:31:41.338Z - INCOMING: /ar/admin/settings | isRewritten: false | hasLocaleParam: false
2026-08-16T09:31:41.362Z - REWRITE: /ar/admin/settings -> /admin/settings?__locale=ar
2026-08-16T09:31:41.535Z - INCOMING: /ar/admin/settings | isRewritten: false | hasLocaleParam: false
2026-08-16T09:31:41.555Z - ADMIN PASSTHROUGH: /ar/admin/settings
2026-08-16T09:31:41.576Z - REWRITE: /ar/admin/settings -> /admin/settings?__locale=ar
2026-08-16T09:31:41.763Z - INCOMING: /ar/admin/settings | isRewritten: false | hasLocaleParam: false
2026-08-16T09:31:41.796Z - ADMIN PASSTHROUGH: /ar/admin/settings
2026-08-16T09:31:41.818Z - REWRITE: /ar/admin/settings -> /admin/settings?__locale=ar
2026-08-16T09:31:42.184Z - INCOMING: /ar/admin/settings | isRewritten: false | hasLocaleParam: false
2026-08-16T09:31:42.205Z - ADMIN PASSTHROUGH: /ar/admin/settings
2026-08-16T09:31:42.227Z - REWRITE: /ar/admin/settings -> /admin/settings?__locale=ar
2026-08-16T09:31:42.264Z - INCOMING: /ar/admin/settings | isRewritten: false | hasLocaleParam: false
2026-08-16T09:31:42.288Z - ADMIN PASSTHROUGH: /ar/admin/settings
2026-08-16T09:31:42.310Z - REWRITE: /ar/admin/settings -> /admin/settings?__locale=ar
2026-08-16T09:31:42.331Z - INCOMING: /ar/admin/settings | isRewritten: false | hasLocaleParam: false
2026-08-16T09:31:42.354Z - ADMIN PASSTHROUGH: /ar/admin/settings
2026-08-16T09:31:42.377Z - REWRITE: /ar/admin/settings -> /admin/settings?__locale=ar
2026-08-16T09:31:42.565Z - INCOMING: /ar/admin/settings | isRewritten: false | hasLocaleParam: false
2026-08-16T09:31:42.587Z - ADMIN PASSTHROUGH: /ar/admin/settings
2026-08-16T09:31:42.610Z - REWRITE: /ar/admin/settings -> /admin/settings?__locale=ar
2026-08-16T09:31:42.772Z - INCOMING: /ar/admin/settings | isRewritten: false | hasLocaleParam: false
2026-08-16T09:31:42.792Z - ADMIN PASSTHROUGH: /ar/admin/settings
2026-08-16T09:31:42.822Z - REWRITE: /ar/admin/settings -> /admin/settings?__locale=ar
2026-08-16T09:31:43.088Z - INCOMING: /ar/admin/settings | isRewritten: false | hasLocaleParam: false
2026-08-16T09:31:43.108Z - ADMIN PASSTHROUGH: /ar/admin/settings
2026-08-16T09:31:43.137Z - REWRITE: /ar/admin/settings -> /admin/settings?__locale=ar
2026-08-16T09:31:43.249Z - INCOMING: /ar/admin/settings | isRewritten: false | hasLocaleParam: false
2026-08-16T09:31:43.271Z - ADMIN PASSTHROUGH: /ar/admin/settings
2026-08-16T09:31:43.293Z - REWRITE: /ar/admin/settings -> /admin/settings?__locale=ar
2026-08-16T09:31:43.333Z - INCOMING: /ar/admin/settings | isRewritten: false | hasLocaleParam: false
2026-08-16T09:31:43.395Z - ADMIN PASSTHROUGH: /ar/admin/settings
2026-08-16T09:31:43.427Z - REWRITE: /ar/admin/settings -> /admin/settings?__locale=ar
2026-08-16T09:31:43.609Z - INCOMING: /ar/admin/settings | isRewritten: false | hasLocaleParam: false
2026-08-16T09:31:43.629Z - ADMIN PASSTHROUGH: /ar/admin/settings
2026-08-16T09:31:43.654Z - REWRITE: /ar/admin/settings -> /admin/settings?__locale=ar
2026-08-16T09:31:43.731Z - INCOMING: /ar/admin/settings | isRewritten: false | hasLocaleParam: false
2026-08-16T09:31:43.839Z - ADMIN PASSTHROUGH: /ar/admin/settings
2026-08-16T09:31:43.859Z - REWRITE: /ar/admin/settings -> /admin/settings?__locale=ar
2026-08-16T09:31:44.132Z - INCOMING: /ar/admin/settings | isRewritten: false | hasLocaleParam: false
2026-08-16T09:31:44.152Z - ADMIN PASSTHROUGH: /ar/admin/settings
2026-08-16T09:31:44.174Z - REWRITE: /ar/admin/settings -> /admin/settings?__locale=ar
2026-08-16T09:31:44.206Z - INCOMING: /ar/admin/settings | isRewritten: false | hasLocaleParam: false
2026-08-16T09:31:44.227Z - ADMIN PASSTHROUGH: /ar/admin/settings
2026-08-16T09:31:44.250Z - REWRITE: /ar/admin/settings -> /admin/settings?__locale=ar
2026-08-16T09:31:44.400Z - INCOMING: /ar/admin/settings | isRewritten: false | hasLocaleParam: false
2026-08-16T09:31:44.422Z - ADMIN PASSTHROUGH: /ar/admin/settings
2026-08-16T09:31:44.451Z - REWRITE: /ar/admin/settings -> /admin/settings?__locale=ar
2026-08-16T09:31:44.549Z - INCOMING: /ar/admin/settings | isRewritten: false | hasLocaleParam: false
2026-08-16T09:31:44.570Z - ADMIN PASSTHROUGH: /ar/admin/settings
2026-08-16T09:31:44.593Z - REWRITE: /ar/admin/settings -> /admin/settings?__locale=ar
2026-08-16T09:31:44.858Z - INCOMING: /ar/admin/settings | isRewritten: false | hasLocaleParam: false
2026-08-16T09:31:44.885Z - ADMIN PASSTHROUGH: /ar/admin/settings
2026-08-16T09:31:44.907Z - REWRITE: /ar/admin/settings -> /admin/settings?__locale=ar
2026-08-16T09:31:45.183Z - INCOMING: /ar/admin/settings | isRewritten: false | hasLocaleParam: false
2026-08-16T09:31:45.205Z - ADMIN PASSTHROUGH: /ar/admin/settings
2026-08-16T09:31:45.225Z - REWRITE: /ar/admin/settings -> /admin/settings?__locale=ar
2026-08-16T09:31:45.246Z - INCOMING: /ar/admin/settings | isRewritten: false | hasLocaleParam: false
2026-08-16T09:31:45.283Z - ADMIN PASSTHROUGH: /ar/admin/settings
2026-08-16T09:31:45.304Z - REWRITE: /ar/admin/settings -> /admin/settings?__locale=ar
2026-08-16T09:31:45.422Z - ADMIN PASSTHROUGH: /ar/admin/settings
2026-08-16T09:31:45.442Z - INCOMING: /ar/admin/settings | isRewritten: false | hasLocaleParam: false
2026-08-16T09:31:45.463Z - REWRITE: /ar/admin/settings -> /admin/settings?__locale=ar
2026-08-16T09:31:45.558Z - INCOMING: /ar/admin/settings | isRewritten: false | hasLocaleParam: false
2026-08-16T09:31:45.578Z - ADMIN PASSTHROUGH: /ar/admin/settings
2026-08-16T09:31:45.600Z - REWRITE: /ar/admin/settings -> /admin/settings?__locale=ar
2026-08-16T09:31:45.842Z - INCOMING: /ar/admin/settings | isRewritten: false | hasLocaleParam: false
2026-08-16T09:31:45.862Z - ADMIN PASSTHROUGH: /ar/admin/settings
2026-08-16T09:31:45.891Z - REWRITE: /ar/admin/settings -> /admin/settings?__locale=ar
2026-08-16T09:31:46.172Z - INCOMING: /ar/admin/settings | isRewritten: false | hasLocaleParam: false
2026-08-16T09:31:46.194Z - ADMIN PASSTHROUGH: /ar/admin/settings
2026-08-16T09:31:46.219Z - REWRITE: /ar/admin/settings -> /admin/settings?__locale=ar
2026-08-16T09:31:46.248Z - INCOMING: /ar/admin/settings | isRewritten: false | hasLocaleParam: false
2026-08-16T09:31:46.294Z - ADMIN PASSTHROUGH: /ar/admin/settings
2026-08-16T09:31:46.322Z - REWRITE: /ar/admin/settings -> /admin/settings?__locale=ar
2026-08-16T09:31:46.453Z - ADMIN PASSTHROUGH: /ar/admin/settings
2026-08-16T09:31:46.475Z - REWRITE: /ar/admin/settings -> /admin/settings?__locale=ar
2026-08-16T09:31:46.509Z - INCOMING: /ar/admin/settings | isRewritten: false | hasLocaleParam: false
2026-08-16T09:31:46.687Z - INCOMING: /ar/admin/settings | isRewritten: false | hasLocaleParam: false
2026-08-16T09:31:46.708Z - ADMIN PASSTHROUGH: /ar/admin/settings
2026-08-16T09:31:46.738Z - REWRITE: /ar/admin/settings -> /admin/settings?__locale=ar
2026-08-16T09:31:46.811Z - ADMIN PASSTHROUGH: /ar/admin/settings
2026-08-16T09:31:46.832Z - INCOMING: /ar/admin/settings | isRewritten: false | hasLocaleParam: false
2026-08-16T09:31:46.855Z - REWRITE: /ar/admin/settings -> /admin/settings?__locale=ar
2026-08-16T09:31:47.210Z - INCOMING: /ar/admin/settings | isRewritten: false | hasLocaleParam: false
2026-08-16T09:31:47.231Z - ADMIN PASSTHROUGH: /ar/admin/settings
2026-08-16T09:31:47.254Z - REWRITE: /ar/admin/settings -> /admin/settings?__locale=ar
2026-08-16T09:31:47.276Z - INCOMING: /ar/admin/settings | isRewritten: false | hasLocaleParam: false
2026-08-16T09:31:47.299Z - ADMIN PASSTHROUGH: /ar/admin/settings
2026-08-16T09:31:47.321Z - REWRITE: /ar/admin/settings -> /admin/settings?__locale=ar
2026-08-16T09:31:47.459Z - ADMIN PASSTHROUGH: /ar/admin/settings
2026-08-16T09:31:47.478Z - REWRITE: /ar/admin/settings -> /admin/settings?__locale=ar
2026-08-16T09:31:47.500Z - INCOMING: /ar/admin/settings | isRewritten: false | hasLocaleParam: false
2026-08-16T09:31:47.671Z - INCOMING: /ar/admin/settings | isRewritten: false | hasLocaleParam: false
2026-08-16T09:31:47.691Z - ADMIN PASSTHROUGH: /ar/admin/settings
2026-08-16T09:31:47.712Z - REWRITE: /ar/admin/settings -> /admin/settings?__locale=ar
2026-08-16T09:32:16.448Z - ADMIN PASSTHROUGH: /ar/admin/settings
2026-08-16T09:32:16.488Z - INCOMING: /ar/admin/settings | isRewritten: false | hasLocaleParam: false
2026-08-16T09:32:16.520Z - REWRITE: /ar/admin/settings -> /admin/settings?__locale=ar
2026-08-16T09:33:34.442Z - INCOMING: /ar/admin/settings | isRewritten: false | hasLocaleParam: false
2026-08-16T09:33:34.481Z - ADMIN PASSTHROUGH: /ar/admin/settings
2026-08-16T09:33:34.505Z - REWRITE: /ar/admin/settings -> /admin/settings?__locale=ar
2026-08-16T09:33:34.578Z - INCOMING: /ar/admin/settings | isRewritten: false | hasLocaleParam: false
2026-08-16T09:33:34.603Z - ADMIN PASSTHROUGH: /ar/admin/settings
2026-08-16T09:33:34.625Z - REWRITE: /ar/admin/settings -> /admin/settings?__locale=ar
2026-08-16T09:33:35.087Z - INCOMING: /ar/admin/settings | isRewritten: false | hasLocaleParam: false
2026-08-16T09:33:35.110Z - ADMIN PASSTHROUGH: /ar/admin/settings
2026-08-16T09:33:35.139Z - REWRITE: /ar/admin/settings -> /admin/settings?__locale=ar
2026-08-16T09:33:35.221Z - INCOMING: /ar/admin/settings | isRewritten: false | hasLocaleParam: false
2026-08-16T09:33:35.246Z - REWRITE: /ar/admin/settings -> /admin/settings?__locale=ar
2026-08-16T09:33:35.270Z - INCOMING: /ar/admin/settings | isRewritten: false | hasLocaleParam: false
2026-08-16T09:33:35.292Z - REWRITE: /ar/admin/settings -> /admin/settings?__locale=ar
2026-08-16T09:33:35.314Z - ADMIN PASSTHROUGH: /ar/admin/settings
2026-08-16T09:33:35.336Z - ADMIN PASSTHROUGH: /ar/admin/settings
2026-08-16T09:33:35.407Z - INCOMING: /ar/admin/settings | isRewritten: false | hasLocaleParam: false
2026-08-16T09:33:35.425Z - ADMIN PASSTHROUGH: /ar/admin/settings
2026-08-16T09:33:35.445Z - REWRITE: /ar/admin/settings -> /admin/settings?__locale=ar
2026-08-16T09:33:35.720Z - INCOMING: /ar/admin/settings | isRewritten: false | hasLocaleParam: false
2026-08-16T09:33:35.744Z - ADMIN PASSTHROUGH: /ar/admin/settings
2026-08-16T09:33:35.772Z - REWRITE: /ar/admin/settings -> /admin/settings?__locale=ar
2026-08-16T09:33:36.049Z - INCOMING: /ar/admin/settings | isRewritten: false | hasLocaleParam: false
2026-08-16T09:33:36.069Z - ADMIN PASSTHROUGH: /ar/admin/settings
2026-08-16T09:33:36.089Z - REWRITE: /ar/admin/settings -> /admin/settings?__locale=ar
2026-08-16T09:33:36.196Z - INCOMING: /ar/admin/settings | isRewritten: false | hasLocaleParam: false
2026-08-16T09:33:36.216Z - ADMIN PASSTHROUGH: /ar/admin/settings
2026-08-16T09:33:36.237Z - REWRITE: /ar/admin/settings -> /admin/settings?__locale=ar
2026-08-16T09:33:36.275Z - INCOMING: /ar/admin/settings | isRewritten: false | hasLocaleParam: false
2026-08-16T09:33:36.294Z - ADMIN PASSTHROUGH: /ar/admin/settings
2026-08-16T09:33:36.312Z - REWRITE: /ar/admin/settings -> /admin/settings?__locale=ar
2026-08-16T09:33:36.479Z - INCOMING: /ar/admin/settings | isRewritten: false | hasLocaleParam: false
2026-08-16T09:33:36.499Z - ADMIN PASSTHROUGH: /ar/admin/settings
2026-08-16T09:33:36.527Z - REWRITE: /ar/admin/settings -> /admin/settings?__locale=ar
2026-08-16T09:33:36.662Z - INCOMING: /ar/admin/settings | isRewritten: false | hasLocaleParam: false
2026-08-16T09:33:36.688Z - ADMIN PASSTHROUGH: /ar/admin/settings
2026-08-16T09:33:36.707Z - REWRITE: /ar/admin/settings -> /admin/settings?__locale=ar
2026-08-16T09:33:36.879Z - INCOMING: /ar/admin/settings | isRewritten: false | hasLocaleParam: false
2026-08-16T09:33:36.898Z - ADMIN PASSTHROUGH: /ar/admin/settings
2026-08-16T09:33:36.918Z - REWRITE: /ar/admin/settings -> /admin/settings?__locale=ar
2026-08-16T09:33:37.114Z - REWRITE: /ar/admin/settings -> /admin/settings?__locale=ar
2026-08-16T09:33:37.134Z - ADMIN PASSTHROUGH: /ar/admin/settings
2026-08-16T09:33:37.155Z - INCOMING: /ar/admin/settings | isRewritten: false | hasLocaleParam: false
2026-08-16T09:33:37.176Z - INCOMING: /ar/admin/settings | isRewritten: false | hasLocaleParam: false
2026-08-16T09:33:37.195Z - REWRITE: /ar/admin/settings -> /admin/settings?__locale=ar
2026-08-16T09:33:37.214Z - ADMIN PASSTHROUGH: /ar/admin/settings
2026-08-16T09:33:37.386Z - INCOMING: /ar/admin/settings | isRewritten: false | hasLocaleParam: false
2026-08-16T09:33:37.406Z - ADMIN PASSTHROUGH: /ar/admin/settings
2026-08-16T09:33:37.432Z - REWRITE: /ar/admin/settings -> /admin/settings?__locale=ar
2026-08-16T09:33:37.564Z - INCOMING: /ar/admin/settings | isRewritten: false | hasLocaleParam: false
2026-08-16T09:33:37.583Z - ADMIN PASSTHROUGH: /ar/admin/settings
2026-08-16T09:33:37.610Z - REWRITE: /ar/admin/settings -> /admin/settings?__locale=ar
2026-08-16T09:33:37.775Z - INCOMING: /ar/admin/settings | isRewritten: false | hasLocaleParam: false
2026-08-16T09:33:37.795Z - ADMIN PASSTHROUGH: /ar/admin/settings
2026-08-16T09:33:37.831Z - REWRITE: /ar/admin/settings -> /admin/settings?__locale=ar
2026-08-16T09:33:38.015Z - INCOMING: /ar/admin/settings | isRewritten: false | hasLocaleParam: false
2026-08-16T09:33:38.034Z - ADMIN PASSTHROUGH: /ar/admin/settings
2026-08-16T09:33:38.053Z - REWRITE: /ar/admin/settings -> /admin/settings?__locale=ar
2026-08-16T09:33:38.074Z - INCOMING: /ar/admin/settings | isRewritten: false | hasLocaleParam: false
2026-08-16T09:33:38.101Z - ADMIN PASSTHROUGH: /ar/admin/settings
2026-08-16T09:33:38.122Z - REWRITE: /ar/admin/settings -> /admin/settings?__locale=ar
2026-08-16T09:33:38.203Z - INCOMING: /ar/admin/settings | isRewritten: false | hasLocaleParam: false
2026-08-16T09:33:38.223Z - ADMIN PASSTHROUGH: /ar/admin/settings
2026-08-16T09:33:38.242Z - REWRITE: /ar/admin/settings -> /admin/settings?__locale=ar
2026-08-16T09:33:38.455Z - INCOMING: /ar/admin/settings | isRewritten: false | hasLocaleParam: false
2026-08-16T09:33:38.474Z - ADMIN PASSTHROUGH: /ar/admin/settings
2026-08-16T09:33:38.494Z - REWRITE: /ar/admin/settings -> /admin/settings?__locale=ar
2026-08-16T09:33:38.673Z - INCOMING: /ar/admin/settings | isRewritten: false | hasLocaleParam: false
2026-08-16T09:33:38.691Z - ADMIN PASSTHROUGH: /ar/admin/settings
2026-08-16T09:33:38.713Z - REWRITE: /ar/admin/settings -> /admin/settings?__locale=ar
2026-08-16T09:33:38.755Z - INCOMING: /ar/admin/settings | isRewritten: false | hasLocaleParam: false
2026-08-16T09:33:38.775Z - ADMIN PASSTHROUGH: /ar/admin/settings
2026-08-16T09:33:38.952Z - REWRITE: /ar/admin/settings -> /admin/settings?__locale=ar
2026-08-16T09:33:38.971Z - INCOMING: /ar/admin/settings | isRewritten: false | hasLocaleParam: false
2026-08-16T09:33:38.991Z - ADMIN PASSTHROUGH: /ar/admin/settings
2026-08-16T09:33:39.011Z - REWRITE: /ar/admin/settings -> /admin/settings?__locale=ar
2026-08-16T09:33:39.170Z - INCOMING: /ar/admin/settings | isRewritten: false | hasLocaleParam: false
2026-08-16T09:33:39.191Z - ADMIN PASSTHROUGH: /ar/admin/settings
2026-08-16T09:33:39.211Z - REWRITE: /ar/admin/settings -> /admin/settings?__locale=ar
2026-08-16T09:33:39.275Z - ADMIN PASSTHROUGH: /ar/admin/settings
2026-08-16T09:33:39.293Z - INCOMING: /ar/admin/settings | isRewritten: false | hasLocaleParam: false
2026-08-16T09:33:39.313Z - REWRITE: /ar/admin/settings -> /admin/settings?__locale=ar
2026-08-16T09:33:39.575Z - INCOMING: /ar/admin/settings | isRewritten: false | hasLocaleParam: false
2026-08-16T09:33:39.602Z - ADMIN PASSTHROUGH: /ar/admin/settings
2026-08-16T09:33:39.622Z - REWRITE: /ar/admin/settings -> /admin/settings?__locale=ar
2026-08-16T09:33:39.732Z - INCOMING: /ar/admin/settings | isRewritten: false | hasLocaleParam: false
2026-08-16T09:33:39.751Z - ADMIN PASSTHROUGH: /ar/admin/settings
2026-08-16T09:33:39.771Z - REWRITE: /ar/admin/settings -> /admin/settings?__locale=ar
2026-08-16T09:33:39.880Z - INCOMING: /ar/admin/settings | isRewritten: false | hasLocaleParam: false
2026-08-16T09:33:39.901Z - ADMIN PASSTHROUGH: /ar/admin/settings
2026-08-16T09:33:39.920Z - REWRITE: /ar/admin/settings -> /admin/settings?__locale=ar
2026-08-16T09:33:39.989Z - ADMIN PASSTHROUGH: /ar/admin/settings
2026-08-16T09:33:40.009Z - REWRITE: /ar/admin/settings -> /admin/settings?__locale=ar
2026-08-16T09:33:40.029Z - INCOMING: /ar/admin/settings | isRewritten: false | hasLocaleParam: false
2026-08-16T09:33:40.257Z - INCOMING: /ar/admin/settings | isRewritten: false | hasLocaleParam: false
2026-08-16T09:33:40.276Z - ADMIN PASSTHROUGH: /ar/admin/settings
2026-08-16T09:33:40.295Z - REWRITE: /ar/admin/settings -> /admin/settings?__locale=ar
2026-08-16T09:33:40.451Z - ADMIN PASSTHROUGH: /ar/admin/settings
2026-08-16T09:33:40.468Z - REWRITE: /ar/admin/settings -> /admin/settings?__locale=ar
2026-08-16T09:33:40.487Z - INCOMING: /ar/admin/settings | isRewritten: false | hasLocaleParam: false
2026-08-16T09:33:40.547Z - REWRITE: /ar/admin/settings -> /admin/settings?__locale=ar
2026-08-16T09:33:40.565Z - INCOMING: /ar/admin/settings | isRewritten: false | hasLocaleParam: false
2026-08-16T09:33:40.584Z - ADMIN PASSTHROUGH: /ar/admin/settings
2026-08-16T09:33:40.604Z - ADMIN PASSTHROUGH: /ar/admin/settings
2026-08-16T09:33:40.624Z - REWRITE: /ar/admin/settings -> /admin/settings?__locale=ar
2026-08-16T09:33:40.643Z - INCOMING: /ar/admin/settings | isRewritten: false | hasLocaleParam: false
2026-08-16T09:33:40.949Z - INCOMING: /ar/admin/settings | isRewritten: false | hasLocaleParam: false
2026-08-16T09:33:40.983Z - ADMIN PASSTHROUGH: /ar/admin/settings
2026-08-16T09:33:41.003Z - REWRITE: /ar/admin/settings -> /admin/settings?__locale=ar
2026-08-16T09:35:19.105Z - INCOMING: /ar/admin/settings | isRewritten: false | hasLocaleParam: false
2026-08-16T09:35:19.145Z - ADMIN PASSTHROUGH: /ar/admin/settings
2026-08-16T09:35:19.166Z - REWRITE: /ar/admin/settings -> /admin/settings?__locale=ar
2026-08-16T09:36:53.051Z - INCOMING: /ar/admin/settings | isRewritten: false | hasLocaleParam: false
2026-08-16T09:36:53.077Z - ADMIN PASSTHROUGH: /ar/admin/settings
2026-08-16T09:36:53.128Z - REWRITE: /ar/admin/settings -> /admin/settings?__locale=ar
2026-08-16T09:36:53.657Z - INCOMING: /ar/admin/settings | isRewritten: false | hasLocaleParam: false
2026-08-16T09:36:53.679Z - ADMIN PASSTHROUGH: /ar/admin/settings
2026-08-16T09:36:53.702Z - REWRITE: /ar/admin/settings -> /admin/settings?__locale=ar
2026-08-16T09:36:53.948Z - INCOMING: /ar/admin/settings | isRewritten: false | hasLocaleParam: false
2026-08-16T09:36:53.970Z - ADMIN PASSTHROUGH: /ar/admin/settings
2026-08-16T09:36:53.994Z - REWRITE: /ar/admin/settings -> /admin/settings?__locale=ar
2026-08-16T09:36:54.207Z - INCOMING: /ar/admin/settings | isRewritten: false | hasLocaleParam: false
2026-08-16T09:36:54.237Z - ADMIN PASSTHROUGH: /ar/admin/settings
2026-08-16T09:36:54.263Z - REWRITE: /ar/admin/settings -> /admin/settings?__locale=ar
2026-08-16T09:36:54.290Z - INCOMING: /ar/admin/settings | isRewritten: false | hasLocaleParam: false
2026-08-16T09:36:54.312Z - ADMIN PASSTHROUGH: /ar/admin/settings
2026-08-16T09:36:54.338Z - REWRITE: /ar/admin/settings -> /admin/settings?__locale=ar
2026-08-16T09:36:54.554Z - INCOMING: /ar/admin/settings | isRewritten: false | hasLocaleParam: false
2026-08-16T09:36:54.577Z - ADMIN PASSTHROUGH: /ar/admin/settings
2026-08-16T09:36:54.601Z - REWRITE: /ar/admin/settings -> /admin/settings?__locale=ar
2026-08-16T09:36:54.661Z - INCOMING: /ar/admin/settings | isRewritten: false | hasLocaleParam: false
2026-08-16T09:36:54.683Z - INCOMING: /ar/admin/settings | isRewritten: false | hasLocaleParam: false
2026-08-16T09:36:54.709Z - INCOMING: /ar/admin/settings | isRewritten: false | hasLocaleParam: false
2026-08-16T09:36:54.733Z - REWRITE: /ar/admin/settings -> /admin/settings?__locale=ar
2026-08-16T09:36:54.754Z - REWRITE: /ar/admin/settings -> /admin/settings?__locale=ar
2026-08-16T09:36:54.776Z - ADMIN PASSTHROUGH: /ar/admin/settings
2026-08-16T09:36:54.805Z - ADMIN PASSTHROUGH: /ar/admin/settings
2026-08-16T09:36:54.825Z - REWRITE: /ar/admin/settings -> /admin/settings?__locale=ar
2026-08-16T09:36:54.853Z - ADMIN PASSTHROUGH: /ar/admin/settings
2026-08-16T09:36:54.875Z - REWRITE: /ar/admin/settings -> /admin/settings?__locale=ar
2026-08-16T09:36:54.909Z - ADMIN PASSTHROUGH: /ar/admin/settings
2026-08-16T09:36:54.927Z - INCOMING: /ar/admin/settings | isRewritten: false | hasLocaleParam: false
2026-08-16T09:36:54.948Z - ADMIN PASSTHROUGH: /ar/admin/settings
2026-08-16T09:36:54.968Z - ADMIN PASSTHROUGH: /ar/admin/settings
2026-08-16T09:36:54.989Z - INCOMING: /ar/admin/settings | isRewritten: false | hasLocaleParam: false
2026-08-16T09:36:55.008Z - INCOMING: /ar/admin/settings | isRewritten: false | hasLocaleParam: false
2026-08-16T09:36:55.029Z - REWRITE: /ar/admin/settings -> /admin/settings?__locale=ar
2026-08-16T09:36:55.048Z - ADMIN PASSTHROUGH: /ar/admin/settings
2026-08-16T09:36:55.068Z - REWRITE: /ar/admin/settings -> /admin/settings?__locale=ar
2026-08-16T09:36:55.089Z - INCOMING: /ar/admin/settings | isRewritten: false | hasLocaleParam: false
2026-08-16T09:36:55.109Z - ADMIN PASSTHROUGH: /ar/admin/settings
2026-08-16T09:36:55.130Z - REWRITE: /ar/admin/settings -> /admin/settings?__locale=ar
2026-08-16T09:36:55.150Z - INCOMING: /ar/admin/settings | isRewritten: false | hasLocaleParam: false
2026-08-16T09:36:55.170Z - REWRITE: /ar/admin/settings -> /admin/settings?__locale=ar
2026-08-16T09:37:49.889Z - INCOMING: /ar | isRewritten: false | hasLocaleParam: false
2026-08-16T09:37:49.909Z - REWRITE: /ar -> /?__locale=ar
2026-08-16T09:39:05.344Z - INCOMING: /ar | isRewritten: false | hasLocaleParam: false
2026-08-16T09:39:05.371Z - REWRITE: /ar -> /?__locale=ar
2026-08-16T09:39:05.787Z - INCOMING: /ar | isRewritten: false | hasLocaleParam: false
2026-08-16T09:39:05.810Z - REWRITE: /ar -> /?__locale=ar
2026-08-16T09:40:57.794Z - INCOMING: /ar | isRewritten: false | hasLocaleParam: false
2026-08-16T09:40:57.823Z - REWRITE: /ar -> /?__locale=ar
2026-08-16T09:41:16.200Z - INCOMING: /ar | isRewritten: false | hasLocaleParam: false
2026-08-16T09:41:16.255Z - REWRITE: /ar -> /?__locale=ar
2026-08-16T09:41:16.624Z - INCOMING: /ar | isRewritten: false | hasLocaleParam: false
2026-08-16T09:41:16.794Z - REWRITE: /ar -> /?__locale=ar
2026-08-16T09:41:17.691Z - INCOMING: /ar | isRewritten: false | hasLocaleParam: false
2026-08-16T09:41:17.711Z - REWRITE: /ar -> /?__locale=ar
2026-08-16T09:41:18.145Z - INCOMING: /ar | isRewritten: false | hasLocaleParam: false
2026-08-16T09:41:18.168Z - REWRITE: /ar -> /?__locale=ar
2026-08-16T09:41:18.337Z - INCOMING: /ar | isRewritten: false | hasLocaleParam: false
2026-08-16T09:41:18.362Z - REWRITE: /ar -> /?__locale=ar
2026-08-16T09:41:18.382Z - INCOMING: /ar | isRewritten: false | hasLocaleParam: false
2026-08-16T09:41:18.402Z - REWRITE: /ar -> /?__locale=ar
2026-08-16T09:41:48.457Z - REWRITE: /ar -> /?__locale=ar
2026-08-16T09:41:48.506Z - INCOMING: /ar | isRewritten: false | hasLocaleParam: false
2026-08-16T09:41:48.887Z - INCOMING: /ar | isRewritten: false | hasLocaleParam: false
2026-08-16T09:41:48.912Z - REWRITE: /ar -> /?__locale=ar
2026-08-16T09:41:49.680Z - INCOMING: /ar | isRewritten: false | hasLocaleParam: false
2026-08-16T09:41:49.703Z - REWRITE: /ar -> /?__locale=ar
2026-08-16T09:41:50.012Z - INCOMING: /ar | isRewritten: false | hasLocaleParam: false
2026-08-16T09:41:50.032Z - INCOMING: /ar | isRewritten: false | hasLocaleParam: false
2026-08-16T09:41:50.156Z - REWRITE: /ar -> /?__locale=ar
2026-08-16T09:41:50.181Z - REWRITE: /ar -> /?__locale=ar
2026-08-16T09:41:50.203Z - REWRITE: /ar -> /?__locale=ar
2026-08-16T09:41:50.226Z - INCOMING: /ar | isRewritten: false | hasLocaleParam: false
2026-08-16T09:41:51.482Z - INCOMING: /ar/hotels | isRewritten: false | hasLocaleParam: false
2026-08-16T09:41:51.503Z - REWRITE: /ar/hotels -> /hotels?__locale=ar
2026-08-16T09:43:04.198Z - INCOMING: /ar/hotels | isRewritten: false | hasLocaleParam: false
2026-08-16T09:43:04.218Z - REWRITE: /ar/hotels -> /hotels?__locale=ar
2026-08-16T09:43:20.746Z - REWRITE: /ar -> /?__locale=ar
2026-08-16T09:43:20.777Z - INCOMING: /ar | isRewritten: false | hasLocaleParam: false
2026-08-16T09:49:34.018Z - INCOMING: /ar | isRewritten: false | hasLocaleParam: false
2026-08-16T09:49:34.048Z - REWRITE: /ar -> /?__locale=ar
2026-08-16T09:49:36.184Z - INCOMING: /ar | isRewritten: false | hasLocaleParam: false
2026-08-16T09:49:36.209Z - REWRITE: /ar -> /?__locale=ar
2026-08-16T09:49:47.660Z - REWRITE: /ar -> /?__locale=ar
2026-08-16T09:49:47.682Z - INCOMING: /ar | isRewritten: false | hasLocaleParam: false
2026-08-16T09:49:47.941Z - INCOMING: /ar | isRewritten: false | hasLocaleParam: false
2026-08-16T09:49:48.033Z - REWRITE: /ar -> /?__locale=ar
2026-08-16T09:49:48.606Z - INCOMING: /ar | isRewritten: false | hasLocaleParam: false
2026-08-16T09:49:48.627Z - REWRITE: /ar -> /?__locale=ar
2026-08-16T09:49:48.838Z - REWRITE: /ar -> /?__locale=ar
2026-08-16T09:49:48.976Z - INCOMING: /ar | isRewritten: false | hasLocaleParam: false
2026-08-16T09:49:48.995Z - INCOMING: /ar | isRewritten: false | hasLocaleParam: false
2026-08-16T09:49:49.016Z - REWRITE: /ar -> /?__locale=ar
2026-08-16T09:49:49.036Z - INCOMING: /ar | isRewritten: false | hasLocaleParam: false
2026-08-16T09:49:49.054Z - REWRITE: /ar -> /?__locale=ar
2026-08-16T09:49:49.935Z - INCOMING: /ar | isRewritten: false | hasLocaleParam: false
2026-08-16T09:49:49.954Z - REWRITE: /ar -> /?__locale=ar
2026-08-16T09:49:50.201Z - INCOMING: /ar | isRewritten: false | hasLocaleParam: false
2026-08-16T09:49:50.283Z - REWRITE: /ar -> /?__locale=ar
2026-08-16T09:49:50.704Z - INCOMING: /ar | isRewritten: false | hasLocaleParam: false
2026-08-16T09:49:50.724Z - REWRITE: /ar -> /?__locale=ar
2026-08-16T09:49:50.916Z - INCOMING: /ar | isRewritten: false | hasLocaleParam: false
2026-08-16T09:49:50.947Z - REWRITE: /ar -> /?__locale=ar
2026-08-16T09:49:50.968Z - INCOMING: /ar | isRewritten: false | hasLocaleParam: false
2026-08-16T09:49:51.061Z - REWRITE: /ar -> /?__locale=ar
2026-08-16T09:56:25.008Z - INCOMING: /ar | isRewritten: false | hasLocaleParam: false
2026-08-16T09:56:25.031Z - REWRITE: /ar -> /?__locale=ar
2026-08-16T10:52:41.829Z - INCOMING: /ar | isRewritten: false | hasLocaleParam: false
2026-08-16T10:52:41.860Z - REWRITE: /ar -> /?__locale=ar
2026-08-16T10:52:42.386Z - INCOMING: /ar | isRewritten: false | hasLocaleParam: false
2026-08-16T10:52:42.665Z - REWRITE: /ar -> /?__locale=ar
2026-08-16T10:53:04.376Z - INCOMING: /ar | isRewritten: false | hasLocaleParam: false
2026-08-16T10:53:04.402Z - REWRITE: /ar -> /?__locale=ar
2026-08-16T10:53:04.700Z - INCOMING: /ar | isRewritten: false | hasLocaleParam: false
2026-08-16T10:53:04.723Z - REWRITE: /ar -> /?__locale=ar
2026-08-16T10:53:05.151Z - INCOMING: /ar | isRewritten: false | hasLocaleParam: false
2026-08-16T10:53:05.178Z - REWRITE: /ar -> /?__locale=ar
2026-08-16T10:54:51.052Z - INCOMING: /ar | isRewritten: false | hasLocaleParam: false
2026-08-16T10:54:51.079Z - REWRITE: /ar -> /?__locale=ar
2026-08-16T10:54:51.787Z - INCOMING: /ar | isRewritten: false | hasLocaleParam: false
2026-08-16T10:54:51.811Z - REWRITE: /ar -> /?__locale=ar
2026-08-16T11:01:12.656Z - INCOMING: /ar | isRewritten: false | hasLocaleParam: false
2026-08-16T11:01:12.681Z - REWRITE: /ar -> /?__locale=ar
2026-08-16T11:01:13.036Z - INCOMING: /ar | isRewritten: false | hasLocaleParam: false
2026-08-16T11:01:13.191Z - REWRITE: /ar -> /?__locale=ar
2026-08-16T11:01:13.695Z - INCOMING: /ar | isRewritten: false | hasLocaleParam: false
2026-08-16T11:01:13.728Z - REWRITE: /ar -> /?__locale=ar
2026-08-16T11:01:13.959Z - INCOMING: /ar | isRewritten: false | hasLocaleParam: false
2026-08-16T11:01:13.979Z - REWRITE: /ar -> /?__locale=ar
2026-08-16T11:01:14.001Z - REWRITE: /ar -> /?__locale=ar
2026-08-16T11:01:14.152Z - INCOMING: /ar | isRewritten: false | hasLocaleParam: false
2026-08-16T11:01:14.619Z - INCOMING: /ar | isRewritten: false | hasLocaleParam: false
2026-08-16T11:01:14.637Z - REWRITE: /ar -> /?__locale=ar
2026-08-16T11:01:15.091Z - INCOMING: /ar | isRewritten: false | hasLocaleParam: false
2026-08-16T11:01:15.185Z - REWRITE: /ar -> /?__locale=ar
2026-08-16T11:01:15.534Z - INCOMING: /ar | isRewritten: false | hasLocaleParam: false
2026-08-16T11:01:15.630Z - REWRITE: /ar -> /?__locale=ar
2026-08-16T11:01:15.917Z - INCOMING: /ar | isRewritten: false | hasLocaleParam: false
2026-08-16T11:01:15.935Z - REWRITE: /ar -> /?__locale=ar
2026-08-16T11:01:16.264Z - INCOMING: /ar | isRewritten: false | hasLocaleParam: false
2026-08-16T11:01:16.283Z - REWRITE: /ar -> /?__locale=ar
2026-08-16T11:01:16.559Z - INCOMING: /ar | isRewritten: false | hasLocaleParam: false
2026-08-16T11:01:16.579Z - REWRITE: /ar -> /?__locale=ar
2026-08-16T11:01:16.924Z - INCOMING: /ar | isRewritten: false | hasLocaleParam: false
2026-08-16T11:01:16.941Z - REWRITE: /ar -> /?__locale=ar
2026-08-16T11:01:17.454Z - INCOMING: /ar | isRewritten: false | hasLocaleParam: false
2026-08-16T11:01:17.474Z - REWRITE: /ar -> /?__locale=ar
2026-08-16T11:01:17.828Z - INCOMING: /ar | isRewritten: false | hasLocaleParam: false
2026-08-16T11:01:17.848Z - REWRITE: /ar -> /?__locale=ar
2026-08-16T11:01:18.325Z - INCOMING: /ar | isRewritten: false | hasLocaleParam: false
2026-08-16T11:01:18.345Z - REWRITE: /ar -> /?__locale=ar
2026-08-16T11:01:18.437Z - INCOMING: /ar | isRewritten: false | hasLocaleParam: false
2026-08-16T11:01:18.542Z - REWRITE: /ar -> /?__locale=ar
2026-08-16T11:01:18.966Z - INCOMING: /ar | isRewritten: false | hasLocaleParam: false
2026-08-16T11:01:18.986Z - REWRITE: /ar -> /?__locale=ar
2026-08-16T11:01:19.242Z - INCOMING: /ar | isRewritten: false | hasLocaleParam: false
2026-08-16T11:01:19.326Z - REWRITE: /ar -> /?__locale=ar
2026-08-16T11:01:19.677Z - INCOMING: /ar | isRewritten: false | hasLocaleParam: false
2026-08-16T11:01:19.768Z - REWRITE: /ar -> /?__locale=ar
2026-08-16T11:01:20.092Z - INCOMING: /ar | isRewritten: false | hasLocaleParam: false
2026-08-16T11:01:20.112Z - REWRITE: /ar -> /?__locale=ar
2026-08-16T11:01:20.647Z - INCOMING: /ar | isRewritten: false | hasLocaleParam: false
2026-08-16T11:01:20.668Z - REWRITE: /ar -> /?__locale=ar
2026-08-16T11:01:20.963Z - INCOMING: /ar | isRewritten: false | hasLocaleParam: false
2026-08-16T11:01:20.997Z - REWRITE: /ar -> /?__locale=ar
2026-08-16T11:01:21.313Z - INCOMING: /ar | isRewritten: false | hasLocaleParam: false
2026-08-16T11:01:21.333Z - REWRITE: /ar -> /?__locale=ar
2026-08-16T11:01:21.988Z - INCOMING: /ar | isRewritten: false | hasLocaleParam: false
2026-08-16T11:01:22.008Z - REWRITE: /ar -> /?__locale=ar
2026-08-16T11:01:22.379Z - INCOMING: /ar | isRewritten: false | hasLocaleParam: false
2026-08-16T11:01:22.397Z - REWRITE: /ar -> /?__locale=ar
2026-08-16T11:01:22.765Z - INCOMING: /ar | isRewritten: false | hasLocaleParam: false
2026-08-16T11:01:22.786Z - REWRITE: /ar -> /?__locale=ar
2026-08-16T11:01:23.340Z - INCOMING: /ar | isRewritten: false | hasLocaleParam: false
2026-08-16T11:01:23.361Z - REWRITE: /ar -> /?__locale=ar
2026-08-16T11:01:23.569Z - INCOMING: /ar | isRewritten: false | hasLocaleParam: false
2026-08-16T11:01:23.588Z - REWRITE: /ar -> /?__locale=ar
2026-08-16T11:01:23.703Z - INCOMING: /ar | isRewritten: false | hasLocaleParam: false
2026-08-16T11:01:23.721Z - REWRITE: /ar -> /?__locale=ar
2026-08-16T11:01:24.422Z - INCOMING: /ar | isRewritten: false | hasLocaleParam: false
2026-08-16T11:01:24.441Z - REWRITE: /ar -> /?__locale=ar
2026-08-16T11:01:24.756Z - INCOMING: /ar | isRewritten: false | hasLocaleParam: false
2026-08-16T11:01:24.855Z - REWRITE: /ar -> /?__locale=ar
2026-08-16T11:01:25.181Z - INCOMING: /ar | isRewritten: false | hasLocaleParam: false
2026-08-16T11:01:25.275Z - REWRITE: /ar -> /?__locale=ar
2026-08-16T11:01:25.644Z - INCOMING: /ar | isRewritten: false | hasLocaleParam: false
2026-08-16T11:01:25.671Z - REWRITE: /ar -> /?__locale=ar
2026-08-16T11:01:25.862Z - INCOMING: /ar | isRewritten: false | hasLocaleParam: false
2026-08-16T11:01:25.886Z - REWRITE: /ar -> /?__locale=ar
2026-08-16T11:01:26.327Z - INCOMING: /ar | isRewritten: false | hasLocaleParam: false
2026-08-16T11:01:26.345Z - REWRITE: /ar -> /?__locale=ar
2026-08-16T11:01:26.496Z - INCOMING: /ar | isRewritten: false | hasLocaleParam: false
2026-08-16T11:01:26.516Z - REWRITE: /ar -> /?__locale=ar
2026-08-16T11:01:27.329Z - INCOMING: /ar | isRewritten: false | hasLocaleParam: false
2026-08-16T11:01:27.353Z - REWRITE: /ar -> /?__locale=ar
2026-08-16T11:02:26.814Z - REWRITE: /ar -> /?__locale=ar
2026-08-16T11:02:26.870Z - INCOMING: /ar | isRewritten: false | hasLocaleParam: false
2026-08-16T11:02:27.194Z - INCOMING: /ar | isRewritten: false | hasLocaleParam: false
2026-08-16T11:02:27.284Z - REWRITE: /ar -> /?__locale=ar
2026-08-16T11:03:28.996Z - REWRITE: /ar -> /?__locale=ar
2026-08-16T11:03:29.037Z - INCOMING: /ar | isRewritten: false | hasLocaleParam: false
2026-08-16T11:04:18.917Z - INCOMING: /ar | isRewritten: false | hasLocaleParam: false
2026-08-16T11:04:18.942Z - REWRITE: /ar -> /?__locale=ar
2026-08-16T11:04:21.052Z - INCOMING: /ar | isRewritten: false | hasLocaleParam: false
2026-08-16T11:04:21.240Z - REWRITE: /ar -> /?__locale=ar
2026-08-16T11:04:23.875Z - INCOMING: /ar | isRewritten: false | hasLocaleParam: false
2026-08-16T11:04:23.898Z - REWRITE: /ar -> /?__locale=ar
2026-08-16T11:04:24.333Z - INCOMING: /ar | isRewritten: false | hasLocaleParam: false
2026-08-16T11:04:24.356Z - REWRITE: /ar -> /?__locale=ar
2026-08-16T11:04:27.685Z - INCOMING: /ar | isRewritten: false | hasLocaleParam: false
2026-08-16T11:04:27.720Z - REWRITE: /ar -> /?__locale=ar
2026-08-16T11:04:28.213Z - INCOMING: /ar | isRewritten: false | hasLocaleParam: false
2026-08-16T11:04:28.300Z - REWRITE: /ar -> /?__locale=ar
2026-08-16T11:13:23.860Z - INCOMING: /ar | isRewritten: false | hasLocaleParam: false
2026-08-16T11:13:23.899Z - REWRITE: /ar -> /?__locale=ar
2026-08-16T11:13:45.781Z - INCOMING: /ar | isRewritten: false | hasLocaleParam: false
2026-08-16T11:13:49.991Z - REWRITE: /ar -> /?__locale=ar
2026-08-16T11:13:50.022Z - INCOMING: /ar | isRewritten: false | hasLocaleParam: false
2026-08-16T11:13:50.045Z - REWRITE: /ar -> /?__locale=ar
2026-08-16T11:13:58.145Z - REWRITE: /ar -> /?__locale=ar
2026-08-16T11:13:58.172Z - INCOMING: /ar | isRewritten: false | hasLocaleParam: false
2026-08-16T11:13:58.191Z - REWRITE: /ar -> /?__locale=ar
2026-08-16T11:13:58.387Z - REWRITE: /ar -> /?__locale=ar
2026-08-16T11:13:58.486Z - INCOMING: /ar | isRewritten: false | hasLocaleParam: false
2026-08-16T11:13:58.913Z - REWRITE: /ar -> /?__locale=ar
2026-08-16T11:13:58.932Z - INCOMING: /ar | isRewritten: false | hasLocaleParam: false
2026-08-16T11:13:58.955Z - REWRITE: /ar -> /?__locale=ar
2026-08-16T11:13:58.988Z - INCOMING: /ar | isRewritten: false | hasLocaleParam: false
2026-08-16T11:13:59.022Z - REWRITE: /ar -> /?__locale=ar
2026-08-16T11:13:59.110Z - INCOMING: /ar | isRewritten: false | hasLocaleParam: false
2026-08-16T13:56:23.545Z - REWRITE: /ar -> /?__locale=ar
2026-08-16T13:56:23.639Z - INCOMING: /ar | isRewritten: false | hasLocaleParam: false
2026-08-16T13:57:00.333Z - ADMIN PASSTHROUGH: /ar/admin
2026-08-16T13:57:00.358Z - INCOMING: /ar/admin | isRewritten: false | hasLocaleParam: false
2026-08-16T13:57:00.381Z - REWRITE: /ar/admin -> /admin?__locale=ar
2026-08-17T06:34:23.813Z - INCOMING: / | isRewritten: false | hasLocaleParam: false
2026-08-17T06:34:23.839Z - REDIRECT: / -> /ar
2026-08-17T06:34:23.856Z - INCOMING: /ar | isRewritten: false | hasLocaleParam: false
2026-08-17T06:34:23.871Z - REWRITE: /ar -> /?__locale=ar
2026-08-17T06:40:37.293Z - INCOMING: /ar | isRewritten: false | hasLocaleParam: false
2026-08-17T06:40:37.313Z - REWRITE: /ar -> /?__locale=ar
2026-08-17T06:40:38.030Z - INCOMING: /ar | isRewritten: false | hasLocaleParam: false
2026-08-17T06:40:38.074Z - REWRITE: /ar -> /?__locale=ar
2026-08-17T06:40:38.491Z - INCOMING: /ar | isRewritten: false | hasLocaleParam: false
2026-08-17T06:40:38.507Z - REWRITE: /ar -> /?__locale=ar
2026-08-17T06:40:38.549Z - INCOMING: /ar | isRewritten: false | hasLocaleParam: false
2026-08-17T06:40:38.564Z - REWRITE: /ar -> /?__locale=ar
2026-08-17T06:40:38.577Z - INCOMING: /ar | isRewritten: false | hasLocaleParam: false
2026-08-17T06:40:38.610Z - REWRITE: /ar -> /?__locale=ar
2026-08-17T06:40:38.623Z - INCOMING: /ar | isRewritten: false | hasLocaleParam: false
2026-08-17T06:40:38.637Z - REWRITE: /ar -> /?__locale=ar
2026-08-17T06:40:39.076Z - INCOMING: /ar | isRewritten: false | hasLocaleParam: false
2026-08-17T06:40:39.090Z - REWRITE: /ar -> /?__locale=ar
2026-08-17T06:40:39.286Z - INCOMING: /ar | isRewritten: false | hasLocaleParam: false
2026-08-17T06:40:39.302Z - REWRITE: /ar -> /?__locale=ar
2026-08-17T06:40:39.614Z - INCOMING: /ar | isRewritten: false | hasLocaleParam: false
2026-08-17T06:40:39.626Z - REWRITE: /ar -> /?__locale=ar
2026-08-17T06:40:39.670Z - INCOMING: /ar | isRewritten: false | hasLocaleParam: false
2026-08-17T06:40:39.683Z - REWRITE: /ar -> /?__locale=ar
2026-08-17T06:40:39.698Z - INCOMING: /ar | isRewritten: false | hasLocaleParam: false
2026-08-17T06:40:39.712Z - REWRITE: /ar -> /?__locale=ar
2026-08-17T06:40:39.726Z - INCOMING: /ar | isRewritten: false | hasLocaleParam: false
2026-08-17T06:40:39.737Z - REWRITE: /ar -> /?__locale=ar
2026-08-17T06:40:40.192Z - INCOMING: /ar | isRewritten: false | hasLocaleParam: false
2026-08-17T06:40:40.207Z - REWRITE: /ar -> /?__locale=ar
2026-08-17T06:40:40.441Z - INCOMING: /ar | isRewritten: false | hasLocaleParam: false
2026-08-17T06:40:40.454Z - REWRITE: /ar -> /?__locale=ar
2026-08-17T06:40:40.838Z - INCOMING: /ar | isRewritten: false | hasLocaleParam: false
2026-08-17T06:40:40.852Z - REWRITE: /ar -> /?__locale=ar
2026-08-17T06:40:40.865Z - INCOMING: /ar | isRewritten: false | hasLocaleParam: false
2026-08-17T06:40:40.879Z - REWRITE: /ar -> /?__locale=ar
2026-08-17T06:40:40.926Z - INCOMING: /ar | isRewritten: false | hasLocaleParam: false
2026-08-17T06:40:40.939Z - REWRITE: /ar -> /?__locale=ar
2026-08-17T06:40:40.951Z - INCOMING: /ar | isRewritten: false | hasLocaleParam: false
2026-08-17T06:40:40.966Z - REWRITE: /ar -> /?__locale=ar
2026-08-17T06:40:41.464Z - INCOMING: /ar | isRewritten: false | hasLocaleParam: false
2026-08-17T06:40:41.478Z - REWRITE: /ar -> /?__locale=ar
2026-08-17T06:40:41.653Z - INCOMING: /ar | isRewritten: false | hasLocaleParam: false
2026-08-17T06:40:41.674Z - REWRITE: /ar -> /?__locale=ar
2026-08-17T06:40:41.913Z - INCOMING: /ar | isRewritten: false | hasLocaleParam: false
2026-08-17T06:40:41.924Z - REWRITE: /ar -> /?__locale=ar
2026-08-17T06:40:42.018Z - INCOMING: /ar | isRewritten: false | hasLocaleParam: false
2026-08-17T06:40:42.029Z - REWRITE: /ar -> /?__locale=ar
2026-08-17T06:40:42.041Z - INCOMING: /ar | isRewritten: false | hasLocaleParam: false
2026-08-17T06:40:42.054Z - REWRITE: /ar -> /?__locale=ar
2026-08-17T06:40:42.101Z - INCOMING: /ar | isRewritten: false | hasLocaleParam: false
2026-08-17T06:40:42.114Z - REWRITE: /ar -> /?__locale=ar
2026-08-17T06:40:42.596Z - INCOMING: /ar | isRewritten: false | hasLocaleParam: false
2026-08-17T06:40:42.608Z - REWRITE: /ar -> /?__locale=ar
2026-08-17T06:40:42.784Z - INCOMING: /ar | isRewritten: false | hasLocaleParam: false
2026-08-17T06:40:42.804Z - REWRITE: /ar -> /?__locale=ar
2026-08-17T06:40:43.160Z - INCOMING: /ar | isRewritten: false | hasLocaleParam: false
2026-08-17T06:40:43.170Z - REWRITE: /ar -> /?__locale=ar
2026-08-17T06:40:43.182Z - INCOMING: /ar | isRewritten: false | hasLocaleParam: false
2026-08-17T06:40:43.196Z - REWRITE: /ar -> /?__locale=ar
2026-08-17T06:40:43.210Z - INCOMING: /ar | isRewritten: false | hasLocaleParam: false
2026-08-17T06:40:43.225Z - REWRITE: /ar -> /?__locale=ar
2026-08-17T06:40:43.267Z - INCOMING: /ar | isRewritten: false | hasLocaleParam: false
2026-08-17T06:40:43.278Z - REWRITE: /ar -> /?__locale=ar
2026-08-17T06:40:43.740Z - INCOMING: /ar | isRewritten: false | hasLocaleParam: false
2026-08-17T06:40:43.761Z - REWRITE: /ar -> /?__locale=ar
2026-08-17T06:40:43.939Z - INCOMING: /ar | isRewritten: false | hasLocaleParam: false
2026-08-17T06:40:43.954Z - REWRITE: /ar -> /?__locale=ar
2026-08-17T06:40:44.326Z - INCOMING: /ar | isRewritten: false | hasLocaleParam: false
2026-08-17T06:40:44.337Z - REWRITE: /ar -> /?__locale=ar
2026-08-17T06:40:44.352Z - INCOMING: /ar | isRewritten: false | hasLocaleParam: false
2026-08-17T06:40:44.370Z - REWRITE: /ar -> /?__locale=ar
2026-08-17T06:40:44.386Z - INCOMING: /ar | isRewritten: false | hasLocaleParam: false
2026-08-17T06:40:44.404Z - REWRITE: /ar -> /?__locale=ar
2026-08-17T06:40:44.449Z - INCOMING: /ar | isRewritten: false | hasLocaleParam: false
2026-08-17T06:40:44.463Z - REWRITE: /ar -> /?__locale=ar
2026-08-17T06:40:45.019Z - INCOMING: /ar | isRewritten: false | hasLocaleParam: false
2026-08-17T06:40:45.031Z - REWRITE: /ar -> /?__locale=ar
2026-08-17T06:40:45.208Z - INCOMING: /ar | isRewritten: false | hasLocaleParam: false
2026-08-17T06:40:45.226Z - REWRITE: /ar -> /?__locale=ar
2026-08-17T06:40:45.516Z - INCOMING: /ar | isRewritten: false | hasLocaleParam: false
2026-08-17T06:40:45.529Z - REWRITE: /ar -> /?__locale=ar
2026-08-17T06:40:45.601Z - INCOMING: /ar | isRewritten: false | hasLocaleParam: false
2026-08-17T06:40:45.612Z - REWRITE: /ar -> /?__locale=ar
2026-08-17T06:40:45.624Z - INCOMING: /ar | isRewritten: false | hasLocaleParam: false
2026-08-17T06:40:45.638Z - REWRITE: /ar -> /?__locale=ar
2026-08-17T06:40:45.680Z - INCOMING: /ar | isRewritten: false | hasLocaleParam: false
2026-08-17T06:40:45.693Z - REWRITE: /ar -> /?__locale=ar
2026-08-17T06:40:46.092Z - INCOMING: /ar | isRewritten: false | hasLocaleParam: false
2026-08-17T06:40:46.103Z - REWRITE: /ar -> /?__locale=ar
2026-08-17T06:40:46.280Z - INCOMING: /ar | isRewritten: false | hasLocaleParam: false
2026-08-17T06:40:46.291Z - REWRITE: /ar -> /?__locale=ar
2026-08-17T06:40:46.612Z - INCOMING: /ar | isRewritten: false | hasLocaleParam: false
2026-08-17T06:40:46.625Z - REWRITE: /ar -> /?__locale=ar
2026-08-17T06:40:46.659Z - INCOMING: /ar | isRewritten: false | hasLocaleParam: false
2026-08-17T06:40:46.672Z - REWRITE: /ar -> /?__locale=ar
2026-08-17T06:40:46.685Z - INCOMING: /ar | isRewritten: false | hasLocaleParam: false
2026-08-17T06:40:46.698Z - REWRITE: /ar -> /?__locale=ar
2026-08-17T06:40:46.711Z - INCOMING: /ar | isRewritten: false | hasLocaleParam: false
2026-08-17T06:40:46.725Z - REWRITE: /ar -> /?__locale=ar
2026-08-17T06:40:47.176Z - INCOMING: /ar | isRewritten: false | hasLocaleParam: false
2026-08-17T06:40:47.188Z - REWRITE: /ar -> /?__locale=ar
2026-08-17T06:40:47.396Z - INCOMING: /ar | isRewritten: false | hasLocaleParam: false
2026-08-17T06:40:47.416Z - REWRITE: /ar -> /?__locale=ar
2026-08-17T06:40:47.737Z - INCOMING: /ar | isRewritten: false | hasLocaleParam: false
2026-08-17T06:40:47.751Z - REWRITE: /ar -> /?__locale=ar
2026-08-17T06:40:47.835Z - INCOMING: /ar | isRewritten: false | hasLocaleParam: false
2026-08-17T06:40:47.847Z - REWRITE: /ar -> /?__locale=ar
2026-08-17T06:40:47.860Z - INCOMING: /ar | isRewritten: false | hasLocaleParam: false
2026-08-17T06:40:47.873Z - REWRITE: /ar -> /?__locale=ar
2026-08-17T06:40:47.905Z - INCOMING: /ar | isRewritten: false | hasLocaleParam: false
2026-08-17T06:40:47.917Z - REWRITE: /ar -> /?__locale=ar
2026-08-17T06:40:48.322Z - INCOMING: /ar | isRewritten: false | hasLocaleParam: false
2026-08-17T06:40:48.334Z - REWRITE: /ar -> /?__locale=ar
2026-08-17T06:40:48.515Z - INCOMING: /ar | isRewritten: false | hasLocaleParam: false
2026-08-17T06:40:48.527Z - REWRITE: /ar -> /?__locale=ar
2026-08-17T06:40:48.757Z - INCOMING: /ar | isRewritten: false | hasLocaleParam: false
2026-08-17T06:40:48.770Z - REWRITE: /ar -> /?__locale=ar
2026-08-17T06:40:48.783Z - INCOMING: /ar | isRewritten: false | hasLocaleParam: false
2026-08-17T06:40:48.798Z - REWRITE: /ar -> /?__locale=ar
2026-08-17T06:40:48.889Z - INCOMING: /ar | isRewritten: false | hasLocaleParam: false
2026-08-17T06:40:48.900Z - REWRITE: /ar -> /?__locale=ar
2026-08-17T06:40:48.998Z - INCOMING: /ar | isRewritten: false | hasLocaleParam: false
2026-08-17T06:40:49.010Z - REWRITE: /ar -> /?__locale=ar
2026-08-17T06:40:49.447Z - INCOMING: /ar | isRewritten: false | hasLocaleParam: false
2026-08-17T06:40:49.458Z - REWRITE: /ar -> /?__locale=ar
2026-08-17T06:40:49.626Z - INCOMING: /ar | isRewritten: false | hasLocaleParam: false
2026-08-17T06:40:49.638Z - REWRITE: /ar -> /?__locale=ar
2026-08-17T06:40:49.825Z - INCOMING: /ar | isRewritten: false | hasLocaleParam: false
2026-08-17T06:40:49.838Z - REWRITE: /ar -> /?__locale=ar
2026-08-17T06:40:49.938Z - REWRITE: /ar -> /?__locale=ar
2026-08-17T06:40:49.951Z - INCOMING: /ar | isRewritten: false | hasLocaleParam: false
2026-08-17T06:40:50.042Z - REWRITE: /ar -> /?__locale=ar
2026-08-17T06:40:50.061Z - INCOMING: /ar | isRewritten: false | hasLocaleParam: false
2026-08-17T06:40:50.351Z - INCOMING: /ar | isRewritten: false | hasLocaleParam: false
2026-08-17T06:40:50.365Z - REWRITE: /ar -> /?__locale=ar
2026-08-17T06:40:50.580Z - INCOMING: /ar | isRewritten: false | hasLocaleParam: false
2026-08-17T06:40:50.598Z - REWRITE: /ar -> /?__locale=ar
2026-08-17T06:40:50.761Z - INCOMING: /ar | isRewritten: false | hasLocaleParam: false
2026-08-17T06:40:50.777Z - REWRITE: /ar -> /?__locale=ar
2026-08-17T06:40:50.962Z - INCOMING: /ar | isRewritten: false | hasLocaleParam: false
2026-08-17T06:40:50.975Z - REWRITE: /ar -> /?__locale=ar
2026-08-17T06:40:51.023Z - INCOMING: /ar | isRewritten: false | hasLocaleParam: false
2026-08-17T06:40:51.034Z - REWRITE: /ar -> /?__locale=ar
2026-08-17T06:40:51.166Z - INCOMING: /ar | isRewritten: false | hasLocaleParam: false
2026-08-17T06:40:51.177Z - REWRITE: /ar -> /?__locale=ar
2026-08-17T06:40:51.435Z - INCOMING: /ar | isRewritten: false | hasLocaleParam: false
2026-08-17T06:40:51.448Z - REWRITE: /ar -> /?__locale=ar
2026-08-17T06:40:51.681Z - INCOMING: /ar | isRewritten: false | hasLocaleParam: false
2026-08-17T06:40:51.692Z - REWRITE: /ar -> /?__locale=ar
2026-08-17T06:40:51.858Z - INCOMING: /ar | isRewritten: false | hasLocaleParam: false
2026-08-17T06:40:51.876Z - REWRITE: /ar -> /?__locale=ar
2026-08-17T06:40:52.063Z - INCOMING: /ar | isRewritten: false | hasLocaleParam: false
2026-08-17T06:40:52.075Z - REWRITE: /ar -> /?__locale=ar
2026-08-17T06:40:52.116Z - INCOMING: /ar | isRewritten: false | hasLocaleParam: false
2026-08-17T06:40:52.130Z - REWRITE: /ar -> /?__locale=ar
2026-08-17T06:40:52.286Z - INCOMING: /ar | isRewritten: false | hasLocaleParam: false
2026-08-17T06:40:52.298Z - REWRITE: /ar -> /?__locale=ar
2026-08-17T06:40:52.526Z - INCOMING: /ar | isRewritten: false | hasLocaleParam: false
2026-08-17T06:40:52.538Z - REWRITE: /ar -> /?__locale=ar
2026-08-17T06:40:52.762Z - INCOMING: /ar | isRewritten: false | hasLocaleParam: false
2026-08-17T06:40:52.779Z - REWRITE: /ar -> /?__locale=ar
2026-08-17T06:40:52.947Z - INCOMING: /ar | isRewritten: false | hasLocaleParam: false
2026-08-17T06:40:52.958Z - REWRITE: /ar -> /?__locale=ar
2026-08-17T06:40:53.198Z - INCOMING: /ar | isRewritten: false | hasLocaleParam: false
2026-08-17T06:40:53.212Z - REWRITE: /ar -> /?__locale=ar
2026-08-17T06:40:53.239Z - INCOMING: /ar | isRewritten: false | hasLocaleParam: false
2026-08-17T06:40:53.285Z - REWRITE: /ar -> /?__locale=ar
2026-08-17T06:40:53.414Z - REWRITE: /ar -> /?__locale=ar
2026-08-17T06:40:53.425Z - INCOMING: /ar | isRewritten: false | hasLocaleParam: false
2026-08-17T06:40:53.702Z - INCOMING: /ar | isRewritten: false | hasLocaleParam: false
2026-08-17T06:40:53.713Z - REWRITE: /ar -> /?__locale=ar
2026-08-17T06:40:53.930Z - INCOMING: /ar | isRewritten: false | hasLocaleParam: false
2026-08-17T06:40:53.943Z - REWRITE: /ar -> /?__locale=ar
2026-08-17T06:40:54.097Z - INCOMING: /ar | isRewritten: false | hasLocaleParam: false
2026-08-17T06:40:54.110Z - REWRITE: /ar -> /?__locale=ar
2026-08-17T06:40:54.283Z - INCOMING: /ar | isRewritten: false | hasLocaleParam: false
2026-08-17T06:40:54.296Z - REWRITE: /ar -> /?__locale=ar
2026-08-17T06:40:54.387Z - INCOMING: /ar | isRewritten: false | hasLocaleParam: false
2026-08-17T06:40:54.402Z - REWRITE: /ar -> /?__locale=ar
2026-08-17T06:40:54.501Z - INCOMING: /ar | isRewritten: false | hasLocaleParam: false
2026-08-17T06:40:54.522Z - REWRITE: /ar -> /?__locale=ar
2026-08-17T06:40:54.846Z - INCOMING: /ar | isRewritten: false | hasLocaleParam: false
2026-08-17T06:40:54.862Z - REWRITE: /ar -> /?__locale=ar
2026-08-17T06:40:55.061Z - INCOMING: /ar | isRewritten: false | hasLocaleParam: false
2026-08-17T06:40:55.074Z - REWRITE: /ar -> /?__locale=ar
2026-08-17T06:40:55.270Z - INCOMING: /ar | isRewritten: false | hasLocaleParam: false
2026-08-17T06:40:55.283Z - REWRITE: /ar -> /?__locale=ar
2026-08-17T06:40:55.511Z - INCOMING: /ar | isRewritten: false | hasLocaleParam: false
2026-08-17T06:40:55.524Z - REWRITE: /ar -> /?__locale=ar
2026-08-17T06:40:55.545Z - INCOMING: /ar | isRewritten: false | hasLocaleParam: false
2026-08-17T06:40:55.558Z - REWRITE: /ar -> /?__locale=ar
2026-08-17T06:40:55.656Z - INCOMING: /ar | isRewritten: false | hasLocaleParam: false
2026-08-17T06:40:55.667Z - REWRITE: /ar -> /?__locale=ar
2026-08-17T06:40:56.019Z - INCOMING: /ar | isRewritten: false | hasLocaleParam: false
2026-08-17T06:40:56.030Z - REWRITE: /ar -> /?__locale=ar
2026-08-17T06:40:56.219Z - INCOMING: /ar | isRewritten: false | hasLocaleParam: false
2026-08-17T06:40:56.231Z - REWRITE: /ar -> /?__locale=ar
2026-08-17T06:40:56.413Z - INCOMING: /ar | isRewritten: false | hasLocaleParam: false
2026-08-17T06:40:56.425Z - REWRITE: /ar -> /?__locale=ar
2026-08-17T06:40:56.707Z - INCOMING: /ar | isRewritten: false | hasLocaleParam: false
2026-08-17T06:40:56.719Z - REWRITE: /ar -> /?__locale=ar
2026-08-17T06:40:56.743Z - INCOMING: /ar | isRewritten: false | hasLocaleParam: false
2026-08-17T06:40:56.755Z - REWRITE: /ar -> /?__locale=ar
2026-08-17T06:40:56.847Z - REWRITE: /ar -> /?__locale=ar
2026-08-17T06:40:56.860Z - INCOMING: /ar | isRewritten: false | hasLocaleParam: false
2026-08-17T06:40:57.153Z - INCOMING: /ar | isRewritten: false | hasLocaleParam: false
2026-08-17T06:40:57.169Z - REWRITE: /ar -> /?__locale=ar
2026-08-17T06:40:57.375Z - INCOMING: /ar | isRewritten: false | hasLocaleParam: false
2026-08-17T06:40:57.387Z - REWRITE: /ar -> /?__locale=ar
2026-08-17T06:40:57.536Z - INCOMING: /ar | isRewritten: false | hasLocaleParam: false
2026-08-17T06:40:57.548Z - REWRITE: /ar -> /?__locale=ar
2026-08-17T06:40:57.760Z - INCOMING: /ar | isRewritten: false | hasLocaleParam: false
2026-08-17T06:40:57.773Z - REWRITE: /ar -> /?__locale=ar
2026-08-17T06:40:57.786Z - INCOMING: /ar | isRewritten: false | hasLocaleParam: false
2026-08-17T06:40:57.802Z - REWRITE: /ar -> /?__locale=ar
2026-08-17T06:40:57.945Z - INCOMING: /ar | isRewritten: false | hasLocaleParam: false
2026-08-17T06:40:57.959Z - REWRITE: /ar -> /?__locale=ar
2026-08-17T06:40:58.253Z - INCOMING: /ar | isRewritten: false | hasLocaleParam: false
2026-08-17T06:40:58.264Z - REWRITE: /ar -> /?__locale=ar
2026-08-17T06:40:58.472Z - INCOMING: /ar | isRewritten: false | hasLocaleParam: false
2026-08-17T06:40:58.485Z - REWRITE: /ar -> /?__locale=ar
2026-08-17T06:40:58.642Z - INCOMING: /ar | isRewritten: false | hasLocaleParam: false
2026-08-17T06:40:58.654Z - REWRITE: /ar -> /?__locale=ar
2026-08-17T06:40:58.813Z - INCOMING: /ar | isRewritten: false | hasLocaleParam: false
2026-08-17T06:40:58.824Z - REWRITE: /ar -> /?__locale=ar
2026-08-17T06:40:58.979Z - INCOMING: /ar | isRewritten: false | hasLocaleParam: false
2026-08-17T06:40:58.996Z - REWRITE: /ar -> /?__locale=ar
2026-08-17T06:40:59.029Z - INCOMING: /ar | isRewritten: false | hasLocaleParam: false
2026-08-17T06:40:59.041Z - REWRITE: /ar -> /?__locale=ar
2026-08-17T06:40:59.349Z - INCOMING: /ar | isRewritten: false | hasLocaleParam: false
2026-08-17T06:40:59.372Z - REWRITE: /ar -> /?__locale=ar
2026-08-17T06:40:59.562Z - INCOMING: /ar | isRewritten: false | hasLocaleParam: false
2026-08-17T06:40:59.574Z - REWRITE: /ar -> /?__locale=ar
2026-08-17T06:40:59.726Z - INCOMING: /ar | isRewritten: false | hasLocaleParam: false
2026-08-17T06:40:59.738Z - REWRITE: /ar -> /?__locale=ar
2026-08-17T06:41:00.041Z - INCOMING: /ar | isRewritten: false | hasLocaleParam: false
2026-08-17T06:41:00.384Z - REWRITE: /ar -> /?__locale=ar
2026-08-17T06:41:00.395Z - INCOMING: /ar | isRewritten: false | hasLocaleParam: false
2026-08-17T06:41:00.410Z - REWRITE: /ar -> /?__locale=ar
2026-08-17T06:41:00.551Z - INCOMING: /ar | isRewritten: false | hasLocaleParam: false
2026-08-17T06:41:00.563Z - REWRITE: /ar -> /?__locale=ar
2026-08-17T06:41:00.905Z - INCOMING: /ar | isRewritten: false | hasLocaleParam: false
2026-08-17T06:41:00.926Z - REWRITE: /ar -> /?__locale=ar
2026-08-17T06:41:01.126Z - INCOMING: /ar | isRewritten: false | hasLocaleParam: false
2026-08-17T06:41:01.141Z - REWRITE: /ar -> /?__locale=ar
2026-08-17T06:41:01.243Z - INCOMING: /ar | isRewritten: false | hasLocaleParam: false
2026-08-17T06:41:01.258Z - REWRITE: /ar -> /?__locale=ar
2026-08-17T06:41:01.517Z - INCOMING: /ar | isRewritten: false | hasLocaleParam: false
2026-08-17T06:41:01.530Z - REWRITE: /ar -> /?__locale=ar
2026-08-17T06:41:01.581Z - INCOMING: /ar | isRewritten: false | hasLocaleParam: false
2026-08-17T06:41:01.594Z - REWRITE: /ar -> /?__locale=ar
2026-08-17T06:41:01.689Z - INCOMING: /ar | isRewritten: false | hasLocaleParam: false
2026-08-17T06:41:01.702Z - REWRITE: /ar -> /?__locale=ar
2026-08-17T06:41:02.035Z - INCOMING: /ar | isRewritten: false | hasLocaleParam: false
2026-08-17T06:41:02.046Z - REWRITE: /ar -> /?__locale=ar
2026-08-17T06:41:02.242Z - INCOMING: /ar | isRewritten: false | hasLocaleParam: false
2026-08-17T06:41:02.254Z - REWRITE: /ar -> /?__locale=ar
2026-08-17T06:41:02.404Z - INCOMING: /ar | isRewritten: false | hasLocaleParam: false
2026-08-17T06:41:02.414Z - REWRITE: /ar -> /?__locale=ar
2026-08-17T06:41:02.585Z - INCOMING: /ar | isRewritten: false | hasLocaleParam: false
2026-08-17T06:41:02.596Z - REWRITE: /ar -> /?__locale=ar
2026-08-17T06:41:02.609Z - INCOMING: /ar | isRewritten: false | hasLocaleParam: false
2026-08-17T06:41:02.622Z - REWRITE: /ar -> /?__locale=ar
2026-08-17T06:41:02.759Z - INCOMING: /ar | isRewritten: false | hasLocaleParam: false
2026-08-17T06:41:02.770Z - REWRITE: /ar -> /?__locale=ar
2026-08-17T06:41:03.092Z - INCOMING: /ar | isRewritten: false | hasLocaleParam: false
2026-08-17T06:41:03.108Z - REWRITE: /ar -> /?__locale=ar
2026-08-17T06:41:03.302Z - INCOMING: /ar | isRewritten: false | hasLocaleParam: false
2026-08-17T06:41:03.315Z - REWRITE: /ar -> /?__locale=ar
2026-08-17T06:41:03.474Z - INCOMING: /ar | isRewritten: false | hasLocaleParam: false
2026-08-17T06:41:03.487Z - REWRITE: /ar -> /?__locale=ar
2026-08-17T06:41:03.592Z - INCOMING: /ar | isRewritten: false | hasLocaleParam: false
2026-08-17T06:41:03.604Z - REWRITE: /ar -> /?__locale=ar
2026-08-17T06:41:03.705Z - INCOMING: /ar | isRewritten: false | hasLocaleParam: false
2026-08-17T06:41:03.718Z - REWRITE: /ar -> /?__locale=ar
2026-08-17T06:42:02.627Z - REWRITE: /ar/cars -> /cars?__locale=ar
2026-08-17T06:42:02.635Z - INCOMING: /ar/cars | isRewritten: false | hasLocaleParam: false
2026-08-17T06:42:47.368Z - INCOMING: /ar/cars | isRewritten: false | hasLocaleParam: false
2026-08-17T06:42:47.380Z - REWRITE: /ar/cars -> /cars?__locale=ar
2026-08-17T06:42:47.465Z - INCOMING: /ar/cars | isRewritten: false | hasLocaleParam: false
2026-08-17T06:42:47.509Z - REWRITE: /ar/cars -> /cars?__locale=ar
2026-08-17T06:42:47.551Z - INCOMING: /ar/cars | isRewritten: false | hasLocaleParam: false
2026-08-17T06:42:47.571Z - REWRITE: /ar/cars -> /cars?__locale=ar
2026-08-17T06:43:04.802Z - REWRITE: /ar/cars -> /cars?__locale=ar
2026-08-17T06:43:04.815Z - INCOMING: /ar/cars | isRewritten: false | hasLocaleParam: false
2026-08-17T06:43:04.911Z - INCOMING: /ar/cars | isRewritten: false | hasLocaleParam: false
2026-08-17T06:43:04.924Z - REWRITE: /ar/cars -> /cars?__locale=ar
2026-08-17T06:43:05.024Z - INCOMING: /ar/cars | isRewritten: false | hasLocaleParam: false
2026-08-17T06:43:05.042Z - REWRITE: /ar/cars -> /cars?__locale=ar
2026-08-17T06:43:27.984Z - INCOMING: /ar/cars | isRewritten: false | hasLocaleParam: false
2026-08-17T06:43:27.999Z - REWRITE: /ar/cars -> /cars?__locale=ar
2026-08-17T06:48:27.254Z - INCOMING: /ar/cars/luxury-family | isRewritten: false | hasLocaleParam: false
2026-08-17T06:48:27.269Z - REWRITE: /ar/cars/luxury-family -> /cars/luxury-family?__locale=ar
2026-08-17T06:53:40.327Z - INCOMING: /ar/cars/luxury-family | isRewritten: false | hasLocaleParam: false
2026-08-17T06:53:40.351Z - REWRITE: /ar/cars/luxury-family -> /cars/luxury-family?__locale=ar
2026-08-17T06:53:58.454Z - INCOMING: / | isRewritten: false | hasLocaleParam: false
2026-08-17T06:53:58.481Z - REDIRECT: / -> /ar
2026-08-17T06:53:58.530Z - INCOMING: /ar | isRewritten: false | hasLocaleParam: false
2026-08-17T06:53:58.554Z - REWRITE: /ar -> /?__locale=ar
2026-08-17T06:54:15.867Z - INCOMING: /ar/privacy | isRewritten: false | hasLocaleParam: false
2026-08-17T06:54:15.895Z - REWRITE: /ar/privacy -> /privacy?__locale=ar
2026-08-17T06:54:16.906Z - INCOMING: /ar/policies | isRewritten: false | hasLocaleParam: false
2026-08-17T06:54:16.930Z - REWRITE: /ar/policies -> /policies?__locale=ar
2026-08-17T06:54:18.082Z - INCOMING: /ar/policies | isRewritten: false | hasLocaleParam: false
2026-08-17T06:54:18.103Z - REWRITE: /ar/policies -> /policies?__locale=ar
2026-08-17T06:54:18.421Z - INCOMING: /ar/policies | isRewritten: false | hasLocaleParam: false
2026-08-17T06:54:18.445Z - REWRITE: /ar/policies -> /policies?__locale=ar
2026-08-17T06:54:18.533Z - REWRITE: /ar/policies -> /policies?__locale=ar
2026-08-17T06:54:18.558Z - INCOMING: /ar/policies | isRewritten: false | hasLocaleParam: false
2026-08-17T06:54:23.113Z - INCOMING: /ar/policies | isRewritten: false | hasLocaleParam: false
2026-08-17T06:54:23.144Z - REWRITE: /ar/policies -> /policies?__locale=ar
2026-08-17T06:54:50.599Z - INCOMING: /ar/about | isRewritten: false | hasLocaleParam: false
2026-08-17T06:54:50.624Z - REWRITE: /ar/about -> /about?__locale=ar
2026-08-17T06:56:23.781Z - INCOMING: /ar/about | isRewritten: false | hasLocaleParam: false
2026-08-17T06:56:23.823Z - REWRITE: /ar/about -> /about?__locale=ar
2026-08-17T06:56:29.398Z - INCOMING: /ar/about | isRewritten: false | hasLocaleParam: false
2026-08-17T06:56:29.425Z - REWRITE: /ar/about -> /about?__locale=ar
2026-08-17T06:56:29.446Z - INCOMING: /ar/cars/luxury-family | isRewritten: false | hasLocaleParam: false
2026-08-17T06:56:29.468Z - REWRITE: /ar/cars/luxury-family -> /cars/luxury-family?__locale=ar
2026-08-17T06:56:29.923Z - INCOMING: /ar/about | isRewritten: false | hasLocaleParam: false
2026-08-17T06:56:29.948Z - REWRITE: /ar/about -> /about?__locale=ar
2026-08-17T06:56:30.113Z - INCOMING: /ar/cars/luxury-family | isRewritten: false | hasLocaleParam: false
2026-08-17T06:56:30.140Z - REWRITE: /ar/cars/luxury-family -> /cars/luxury-family?__locale=ar
2026-08-17T06:56:38.287Z - INCOMING: /ar | isRewritten: false | hasLocaleParam: false
2026-08-17T06:56:38.314Z - REWRITE: /ar -> /?__locale=ar
2026-08-17T06:58:32.616Z - INCOMING: /ar | isRewritten: false | hasLocaleParam: false
2026-08-17T06:58:32.733Z - REWRITE: /ar -> /?__locale=ar
2026-08-17T06:58:32.755Z - REWRITE: /ar/about -> /about?__locale=ar
2026-08-17T06:58:32.776Z - INCOMING: /ar/about | isRewritten: false | hasLocaleParam: false
2026-08-17T06:58:33.332Z - INCOMING: /ar | isRewritten: false | hasLocaleParam: false
2026-08-17T06:58:33.357Z - REWRITE: /ar -> /?__locale=ar
2026-08-17T06:58:33.409Z - INCOMING: /ar/about | isRewritten: false | hasLocaleParam: false
2026-08-17T06:58:33.431Z - REWRITE: /ar/about -> /about?__locale=ar
2026-08-17T06:59:06.877Z - INCOMING: /ar/about | isRewritten: false | hasLocaleParam: false
2026-08-17T06:59:06.905Z - REWRITE: /ar/about -> /about?__locale=ar
2026-08-17T07:00:42.107Z - INCOMING: /ar | isRewritten: false | hasLocaleParam: false
2026-08-17T07:00:42.135Z - REWRITE: /ar -> /?__locale=ar
2026-08-18T15:05:21.866Z - INCOMING: / | isRewritten: false | hasLocaleParam: false
2026-08-18T15:05:21.997Z - REDIRECT: / -> /ar
2026-08-18T15:05:22.029Z - INCOMING: /ar | isRewritten: false | hasLocaleParam: false
2026-08-18T15:05:22.068Z - REWRITE: /ar -> /?__locale=ar
2026-08-18T15:07:44.959Z - INCOMING: /ar | isRewritten: false | hasLocaleParam: false
2026-08-18T15:07:44.985Z - REWRITE: /ar -> /?__locale=ar
2026-08-18T15:07:47.564Z - INCOMING: /ar | isRewritten: false | hasLocaleParam: false
2026-08-18T15:07:47.599Z - REWRITE: /ar -> /?__locale=ar
2026-08-18T15:08:54.670Z - INCOMING: /ar/cars | isRewritten: false | hasLocaleParam: false
2026-08-18T15:08:54.702Z - REWRITE: /ar/cars -> /cars?__locale=ar
2026-08-18T15:09:00.712Z - INCOMING: /ar/cars/economy-sedan | isRewritten: false | hasLocaleParam: false
2026-08-18T15:09:00.738Z - REWRITE: /ar/cars/economy-sedan -> /cars/economy-sedan?__locale=ar
2026-08-18T15:09:15.374Z - INCOMING: /ar/cars/economy-sedan | isRewritten: false | hasLocaleParam: false
2026-08-18T15:09:15.411Z - REWRITE: /ar/cars/economy-sedan -> /cars/economy-sedan?__locale=ar
2026-08-18T15:09:16.426Z - INCOMING: /ar/cars/economy-sedan | isRewritten: false | hasLocaleParam: false
2026-08-18T15:09:16.451Z - REWRITE: /ar/cars/economy-sedan -> /cars/economy-sedan?__locale=ar
2026-08-18T15:09:21.603Z - INCOMING: /ar/cars/economy-sedan | isRewritten: false | hasLocaleParam: false
2026-08-18T15:09:21.640Z - REWRITE: /ar/cars/economy-sedan -> /cars/economy-sedan?__locale=ar
2026-08-18T15:10:19.818Z - INCOMING: /ar | isRewritten: false | hasLocaleParam: false
2026-08-18T15:10:19.850Z - REWRITE: /ar -> /?__locale=ar
2026-08-18T15:11:17.510Z - INCOMING: /ar | isRewritten: false | hasLocaleParam: false
2026-08-18T15:11:17.539Z - REWRITE: /ar -> /?__locale=ar
2026-08-18T15:11:17.608Z - INCOMING: /ar | isRewritten: false | hasLocaleParam: false
2026-08-18T15:11:17.632Z - REWRITE: /ar -> /?__locale=ar
2026-08-18T15:11:18.312Z - INCOMING: /ar | isRewritten: false | hasLocaleParam: false
2026-08-18T15:11:18.398Z - REWRITE: /ar -> /?__locale=ar
2026-08-18T15:11:18.481Z - INCOMING: /ar | isRewritten: false | hasLocaleParam: false
2026-08-18T15:11:18.504Z - REWRITE: /ar -> /?__locale=ar
2026-08-18T15:11:18.537Z - INCOMING: /ar | isRewritten: false | hasLocaleParam: false
2026-08-18T15:11:18.572Z - INCOMING: /ar | isRewritten: false | hasLocaleParam: false
2026-08-18T15:11:18.600Z - REWRITE: /ar -> /?__locale=ar
2026-08-18T15:11:18.625Z - REWRITE: /ar -> /?__locale=ar
2026-08-18T15:12:13.678Z - INCOMING: /ar | isRewritten: false | hasLocaleParam: false
2026-08-18T15:12:13.703Z - REWRITE: /ar -> /?__locale=ar
2026-08-18T15:12:13.805Z - INCOMING: /ar | isRewritten: false | hasLocaleParam: false
2026-08-18T15:12:13.827Z - REWRITE: /ar -> /?__locale=ar
2026-08-18T15:12:14.555Z - INCOMING: /ar | isRewritten: false | hasLocaleParam: false
2026-08-18T15:12:14.575Z - REWRITE: /ar -> /?__locale=ar
2026-08-18T15:12:14.655Z - REWRITE: /ar -> /?__locale=ar
2026-08-18T15:12:14.738Z - INCOMING: /ar | isRewritten: false | hasLocaleParam: false
2026-08-18T15:12:14.760Z - REWRITE: /ar -> /?__locale=ar
2026-08-18T15:12:14.784Z - INCOMING: /ar | isRewritten: false | hasLocaleParam: false
2026-08-18T15:12:14.837Z - INCOMING: /ar | isRewritten: false | hasLocaleParam: false
2026-08-18T15:12:14.856Z - REWRITE: /ar -> /?__locale=ar
2026-08-18T15:12:36.693Z - INCOMING: /ar | isRewritten: false | hasLocaleParam: false
2026-08-18T15:12:36.740Z - REWRITE: /ar -> /?__locale=ar
2026-08-18T15:12:36.800Z - REWRITE: /ar -> /?__locale=ar
2026-08-18T15:12:36.822Z - INCOMING: /ar | isRewritten: false | hasLocaleParam: false
2026-08-18T15:12:37.463Z - INCOMING: /ar | isRewritten: false | hasLocaleParam: false
2026-08-18T15:12:37.485Z - REWRITE: /ar -> /?__locale=ar
2026-08-18T15:12:37.613Z - INCOMING: /ar | isRewritten: false | hasLocaleParam: false
2026-08-18T15:12:37.638Z - INCOMING: /ar | isRewritten: false | hasLocaleParam: false
2026-08-18T15:12:37.677Z - REWRITE: /ar -> /?__locale=ar
2026-08-18T15:12:37.698Z - REWRITE: /ar -> /?__locale=ar
2026-08-18T15:12:37.730Z - INCOMING: /ar | isRewritten: false | hasLocaleParam: false
2026-08-18T15:12:37.758Z - REWRITE: /ar -> /?__locale=ar
2026-08-18T15:12:59.089Z - INCOMING: /ar | isRewritten: false | hasLocaleParam: false
2026-08-18T15:12:59.132Z - REWRITE: /ar -> /?__locale=ar
2026-08-18T15:12:59.433Z - INCOMING: /ar | isRewritten: false | hasLocaleParam: false
2026-08-18T15:12:59.460Z - REWRITE: /ar -> /?__locale=ar
2026-08-18T15:12:59.981Z - INCOMING: /ar | isRewritten: false | hasLocaleParam: false
2026-08-18T15:13:00.006Z - REWRITE: /ar -> /?__locale=ar
2026-08-18T15:13:00.171Z - INCOMING: /ar | isRewritten: false | hasLocaleParam: false
2026-08-18T15:13:00.227Z - REWRITE: /ar -> /?__locale=ar
2026-08-18T15:13:00.249Z - INCOMING: /ar | isRewritten: false | hasLocaleParam: false
2026-08-18T15:13:00.273Z - REWRITE: /ar -> /?__locale=ar
2026-08-18T15:13:00.303Z - REWRITE: /ar -> /?__locale=ar
2026-08-18T15:13:00.336Z - INCOMING: /ar | isRewritten: false | hasLocaleParam: false
2026-08-18T15:13:37.385Z - INCOMING: /ar | isRewritten: false | hasLocaleParam: false
2026-08-18T15:13:37.406Z - REWRITE: /ar -> /?__locale=ar
2026-08-18T15:14:06.656Z - REWRITE: /ar -> /?__locale=ar
2026-08-18T15:14:06.688Z - INCOMING: /ar | isRewritten: false | hasLocaleParam: false
2026-08-18T15:15:25.757Z - INCOMING: /ar/cars | isRewritten: false | hasLocaleParam: false
2026-08-18T15:15:25.783Z - REWRITE: /ar/cars -> /cars?__locale=ar
2026-08-18T15:15:29.791Z - INCOMING: /ar/cars/coaster-bus | isRewritten: false | hasLocaleParam: false
2026-08-18T15:15:29.814Z - REWRITE: /ar/cars/coaster-bus -> /cars/coaster-bus?__locale=ar
2026-08-18T15:15:37.380Z - INCOMING: /ar/fast-track | isRewritten: false | hasLocaleParam: false
2026-08-18T15:15:37.405Z - REWRITE: /ar/fast-track -> /fast-track?__locale=ar
2026-08-18T15:15:49.475Z - INCOMING: /ar/hotels | isRewritten: false | hasLocaleParam: false
2026-08-18T15:15:49.497Z - REWRITE: /ar/hotels -> /hotels?__locale=ar
2026-08-18T15:16:49.080Z - INCOMING: /ar/admin | isRewritten: false | hasLocaleParam: false
2026-08-18T15:16:49.101Z - ADMIN REDIRECT: /ar/admin -> /admin/login
2026-08-18T15:16:49.162Z - INCOMING: /ar/admin/login | isRewritten: false | hasLocaleParam: false
2026-08-18T15:16:49.185Z - ADMIN LOGIN: /ar/admin/login
2026-08-18T15:16:49.220Z - REWRITE: /ar/admin/login -> /admin/login?__locale=ar
2026-08-18T15:16:59.110Z - INCOMING: /admin | isRewritten: false | hasLocaleParam: false
2026-08-18T15:16:59.127Z - ADMIN PASSTHROUGH: /admin
2026-08-18T15:16:59.156Z - REDIRECT: /admin -> /ar/admin
2026-08-18T15:16:59.218Z - INCOMING: /ar/admin | isRewritten: false | hasLocaleParam: false
2026-08-18T15:16:59.239Z - ADMIN PASSTHROUGH: /ar/admin
2026-08-18T15:16:59.271Z - REWRITE: /ar/admin -> /admin?__locale=ar
2026-08-18T15:17:00.001Z - INCOMING: /ar/admin | isRewritten: false | hasLocaleParam: false
2026-08-18T15:17:00.046Z - ADMIN PASSTHROUGH: /ar/admin
2026-08-18T15:17:00.088Z - REWRITE: /ar/admin -> /admin?__locale=ar
2026-08-18T15:18:00.760Z - INCOMING: /ar/admin | isRewritten: false | hasLocaleParam: false
2026-08-18T15:18:00.793Z - ADMIN PASSTHROUGH: /ar/admin
2026-08-18T15:18:00.824Z - REWRITE: /ar/admin -> /admin?__locale=ar
2026-08-18T15:19:51.910Z - ADMIN PASSTHROUGH: /admin/articles
2026-08-18T15:19:51.937Z - INCOMING: /admin/articles | isRewritten: false | hasLocaleParam: false
2026-08-18T15:19:51.965Z - REDIRECT: /admin/articles -> /ar/admin/articles
2026-08-18T15:19:52.032Z - INCOMING: /ar/admin/articles | isRewritten: false | hasLocaleParam: false
2026-08-18T15:19:52.059Z - ADMIN PASSTHROUGH: /ar/admin/articles
2026-08-18T15:19:52.092Z - REWRITE: /ar/admin/articles -> /admin/articles?__locale=ar
2026-08-18T15:21:25.782Z - INCOMING: /admin/bookings | isRewritten: false | hasLocaleParam: false
2026-08-18T15:21:25.802Z - ADMIN PASSTHROUGH: /admin/bookings
2026-08-18T15:21:25.827Z - REDIRECT: /admin/bookings -> /ar/admin/bookings
2026-08-18T15:21:25.882Z - INCOMING: /ar/admin/bookings | isRewritten: false | hasLocaleParam: false
2026-08-18T15:21:25.901Z - ADMIN PASSTHROUGH: /ar/admin/bookings
2026-08-18T15:21:25.926Z - REWRITE: /ar/admin/bookings -> /admin/bookings?__locale=ar
2026-08-18T15:22:11.982Z - INCOMING: /a%D9%82 | isRewritten: false | hasLocaleParam: false
2026-08-18T15:22:12.006Z - REDIRECT: /a%D9%82 -> /ar/a%D9%82
2026-08-18T15:22:12.063Z - INCOMING: /ar/a%D9%82 | isRewritten: false | hasLocaleParam: false
2026-08-18T15:22:12.085Z - REWRITE: /ar/a%D9%82 -> /a%D9%82?__locale=ar
2026-08-18T15:22:16.677Z - INCOMING: /ar/ar | isRewritten: false | hasLocaleParam: false
2026-08-18T15:22:16.699Z - REWRITE: /ar/ar -> /ar?__locale=ar
2026-08-18T15:22:28.405Z - INCOMING: /ar | isRewritten: false | hasLocaleParam: false
2026-08-18T15:22:28.438Z - REWRITE: /ar -> /?__locale=ar
2026-08-18T15:26:30.129Z - INCOMING: /ar/cars | isRewritten: false | hasLocaleParam: false
2026-08-18T15:26:30.150Z - REWRITE: /ar/cars -> /cars?__locale=ar
2026-08-18T15:28:48.090Z - INCOMING: /ar/cars | isRewritten: false | hasLocaleParam: false
2026-08-18T15:28:48.114Z - REWRITE: /ar/cars -> /cars?__locale=ar
2026-08-18T15:29:19.688Z - REWRITE: /ar/cars -> /cars?__locale=ar
2026-08-18T15:29:19.717Z - INCOMING: /ar/cars | isRewritten: false | hasLocaleParam: false
2026-08-18T15:37:41.148Z - INCOMING: /ar/admin | isRewritten: false | hasLocaleParam: false
2026-08-18T15:37:41.167Z - ADMIN PASSTHROUGH: /ar/admin
2026-08-18T15:37:41.886Z - REWRITE: /ar/admin -> /admin?__locale=ar
2026-08-18T15:37:44.786Z - INCOMING: /admin/cars | isRewritten: false | hasLocaleParam: false
2026-08-18T15:37:44.806Z - ADMIN PASSTHROUGH: /admin/cars
2026-08-18T15:37:44.830Z - REDIRECT: /admin/cars -> /ar/admin/cars
2026-08-18T15:37:44.883Z - INCOMING: /ar/admin/cars | isRewritten: false | hasLocaleParam: false
2026-08-18T15:37:44.907Z - ADMIN PASSTHROUGH: /ar/admin/cars
2026-08-18T15:37:44.929Z - REWRITE: /ar/admin/cars -> /admin/cars?__locale=ar
2026-08-18T15:39:04.879Z - INCOMING: /ar/cars | isRewritten: false | hasLocaleParam: false
2026-08-18T15:39:04.904Z - REWRITE: /ar/cars -> /cars?__locale=ar
2026-08-18T15:44:30.384Z - INCOMING: /ar/cars | isRewritten: false | hasLocaleParam: false
2026-08-18T15:44:30.404Z - REWRITE: /ar/cars -> /cars?__locale=ar
2026-08-18T15:45:35.380Z - INCOMING: /ar/cars | isRewritten: false | hasLocaleParam: false
2026-08-18T15:45:35.418Z - REWRITE: /ar/cars -> /cars?__locale=ar
2026-08-18T15:46:25.485Z - INCOMING: /ar/cars | isRewritten: false | hasLocaleParam: false
2026-08-18T15:46:25.506Z - REWRITE: /ar/cars -> /cars?__locale=ar
2026-08-18T15:46:36.737Z - INCOMING: /ar | isRewritten: false | hasLocaleParam: false
2026-08-18T15:46:36.763Z - REWRITE: /ar -> /?__locale=ar
2026-08-18T15:47:09.792Z - INCOMING: /ar | isRewritten: false | hasLocaleParam: false
2026-08-18T15:47:09.816Z - REWRITE: /ar -> /?__locale=ar
2026-08-18T15:50:28.064Z - REWRITE: /ar/cars -> /cars?__locale=ar
2026-08-18T15:50:28.083Z - INCOMING: /ar/cars | isRewritten: false | hasLocaleParam: false
2026-08-18T15:50:34.052Z - INCOMING: /en/cars | isRewritten: false | hasLocaleParam: false
2026-08-18T15:50:34.075Z - REWRITE: /en/cars -> /cars?__locale=en
2026-08-18T15:50:34.144Z - INCOMING: /en/cars | isRewritten: false | hasLocaleParam: false
2026-08-18T15:50:34.168Z - REWRITE: /en/cars -> /cars?__locale=en
2026-08-18T15:51:23.957Z - INCOMING: /ar/cars | isRewritten: false | hasLocaleParam: false
2026-08-18T15:51:23.979Z - REWRITE: /ar/cars -> /cars?__locale=ar
2026-08-18T15:51:24.096Z - INCOMING: /ar/cars | isRewritten: false | hasLocaleParam: false
2026-08-18T15:51:24.132Z - REWRITE: /ar/cars -> /cars?__locale=ar
2026-08-18T15:51:27.110Z - INCOMING: /ar | isRewritten: false | hasLocaleParam: false
2026-08-18T15:51:27.130Z - REWRITE: /ar -> /?__locale=ar
2026-08-18T16:15:27.337Z - INCOMING: /ar/about | isRewritten: false | hasLocaleParam: false
2026-08-18T16:15:27.355Z - REWRITE: /ar/about -> /about?__locale=ar
2026-08-18T16:25:13.620Z - REWRITE: /ar -> /?__locale=ar
2026-08-18T16:25:13.630Z - INCOMING: /ar | isRewritten: false | hasLocaleParam: false
2026-08-18T16:27:33.475Z - REWRITE: /ar -> /?__locale=ar
2026-08-18T16:27:33.551Z - INCOMING: /ar | isRewritten: false | hasLocaleParam: false
2026-08-18T16:27:33.572Z - INCOMING: /ar/admin/cars | isRewritten: false | hasLocaleParam: false
2026-08-18T16:27:33.594Z - REWRITE: /ar/admin/cars -> /admin/cars?__locale=ar
2026-08-18T16:27:33.618Z - ADMIN PASSTHROUGH: /ar/admin/cars
2026-08-18T16:27:33.718Z - INCOMING: /ar | isRewritten: false | hasLocaleParam: false
2026-08-18T16:27:33.739Z - REWRITE: /ar -> /?__locale=ar
2026-08-18T16:27:33.760Z - INCOMING: /ar/admin/cars | isRewritten: false | hasLocaleParam: false
2026-08-18T16:27:33.782Z - ADMIN PASSTHROUGH: /ar/admin/cars
2026-08-18T16:27:33.805Z - REWRITE: /ar/admin/cars -> /admin/cars?__locale=ar
2026-08-18T16:28:01.839Z - REWRITE: /ar -> /?__locale=ar
2026-08-18T16:28:01.927Z - INCOMING: /ar | isRewritten: false | hasLocaleParam: false
